<?xml version="1.0" encoding="UTF-8" standalone="yes"?>
<addon id="script.iamepg" name="[COLOR white]I [/COLOR][COLOR white]am [/COLOR][COLOR blue]E[/COLOR][COLOR red]P[/COLOR][COLOR green]G[/COLOR]  [COLOR white](Program polskich stacji TV) [/COLOR]" version="4.0.3" provider-name="[COLOR cyan](twinther)[/COLOR][COLOR cyan] (mods-kodi.pl)[/COLOR][CR]modded by [COLOR cyan]Zloty[/COLOR]" icon="icon.png">
	<requires>
		<import addon="xbmc.python" version="2.1.0"/>
		<import addon="script.module.simplejson" version="2.0.10"/>
		<import addon="script.module.elementtree" version="1.2.7"/>
	</requires>
	<extension point="xbmc.python.script" library="addon.py">
		<provides>video</provides>
	</extension>
	<extension point="xbmc.service" library="service.py" start="login"/>
	<extension point="xbmc.addon.metadata">
<summary lang="en">TV Guide with XMLTV and streaming support</summary>
		<summary lang="pl">Program TV obsługujący XMLTV oraz transmisję</summary>
		<description lang="en">[B]http://iamepg.com[/B][CR][CR][CR]IamEPG is an overlay plugins which streams polish paid channels. These plugins must be installed and premium member account available. Please visit [COLOR blue][B]my[/B][/COLOR] website for more info.</description>
		<description lang="pl">[B]http://iamepg.com[/B][CR][COLOR gray]IamEPG jest nakładką na wtyczki TV, które muszą być zainstalowane z dostępnym kontem premium. Lista kanałów jest ułożona tematycznie.[/COLOR][CR][CR][CR]Zapraszam na [COLOR blue][B]moją[/B][/COLOR]stronę po więcej informacji.</description>
		<platform>all</platform>
		<platform>all</platform>
		<language></language>
		<website>http://iamepg.com</website>
		<forum>http://iamepg.com/forum</forum>
		<email>admin@iamepg.com</email>
	</extension>
</addon>