<?xml version="1.0" encoding="UTF-8"?>
<addon id="plugin.video.earthtv" version="1.0.8" name="earthTV" provider-name="M. Koenig">
    <requires>
        <import addon="xbmc.python" version="2.14.0"/>
        <import addon="script.module.requests" version="2.9.1"/>
        <import addon="script.module.buggalo" version="1.1.2"/>
    </requires>
    <extension point="xbmc.python.pluginsource" library="addon.py">
        <provides>video</provides>
    </extension>
    <extension point="xbmc.addon.metadata">
        <summary lang="en">earthTV</summary>
        <description lang="en">The earthTV cameras show impressions from different locations: sizzling metropolises, impressive landscapes, famous sights and more.</description>
        <license>GPL 2.0</license>
        <platform>all</platform>
        <language>en</language>
        <email>mark.koenig@kleiner-schelm.de</email>
        <website>https://github.com/mking2203/plugin.video.earthtv_com</website>
        <source>https://github.com/mking2203/plugin.video.earthtv_com</source>
        <assets>
            <icon>icon.png</icon>
            <screenshot>resources/screenshot000.jpg</screenshot>
            <screenshot>resources/screenshot001.jpg</screenshot>
            <screenshot>resources/screenshot002.jpg</screenshot>
            <screenshot>resources/screenshot003.jpg</screenshot>
            <screenshot>resources/screenshot004.jpg</screenshot>
        </assets>
    </extension>
</addon>
