<?xml version="1.0" encoding="UTF-8" standalone="yes"?>
<addon id="repository.twisted" name="Twisted Repo" version="1.0" provider-name="Twisted">
	<extension point="xbmc.addon.repository" name="Twisted">
		<dir>
			<info compressed="false">http://twistedbuilds.xyz/twisted/repo/addons.xml</info>
			<checksum>http://twistedbuilds.xyz/twisted/repo/addonsmd5.txt</checksum>
			<datadir zip="true">http://twistedbuilds.xyz/twisted/repo/</datadir>
		</dir>
		<dir>
			<info compressed="false">https://raw.githubusercontent.com/totalrevolution/python-koding/master/zips/addons.xml</info>	
			<checksum>https://raw.githubusercontent.com/totalrevolution/python-koding/master/zips/addons.xml.md5</checksum>
			<datadir zip="true">https://raw.githubusercontent.com/totalrevolution/python-koding/master/zips/</datadir>
		</dir>
		<dir>
			<info compressed="false">https://raw.githubusercontent.com/teamuniversal/scrapers/master/_modules4all/zips/addons.xml</info>
			<checksum>https://raw.githubusercontent.com/teamuniversal/scrapers/master/_modules4all/zips/addons.xml.md5</checksum>
			<datadir zip="true">https://raw.githubusercontent.com/teamuniversal/scrapers/master/_modules4all/zips/</datadir>
		</dir>
		<dir>
			<info compressed="false">https://raw.githubusercontent.com/Gujal00/smrzips/master/addons.xml</info>
			<checksum>https://raw.githubusercontent.com/Gujal00/smrzips/master/addons.xml.md5</checksum>
			<datadir zip="true">https://raw.githubusercontent.com/Gujal00/smrzips/master/zips/</datadir>
		</dir>
	</extension>
	<extension point="xbmc.addon.metadata">
		<summary lang="en"/>
		<description lang="en">Twisted Repo</description>
		<genre></genre>
	</extension>
</addon>