<?xml version="1.0" encoding="UTF-8" standalone="yes"?>
<addon id="tools.ffmpeg"
       name="ffmpeg"
       version="4.1.0"
       provider-name="openelec.tv">
  <requires>
    <import addon="os.openelec.tv" version="4.0"/>
    <import addon="xbmc.python" version="2.1.0"/>

  </requires>
  <extension point="xbmc.python.script"
             library="default.py">
        <provides>executable</provides>
  </extension>
  <extension point="xbmc.addon.metadata">
    <summary>FFmpeg is a complete, cross-platform solution to record, convert and stream audio and video.</summary>
    <description>
FFmpeg is a complete, cross-platform solution to record, convert and stream audio and video.
    </description>
    <disclaimer>

    </disclaimer>
    <platform>all</platform>
  </extension>
</addon>
