<?xml version="1.0" encoding="UTF-8" standalone="yes"?>
	<addon id="plugin.program.truecrypt"
	       name="TrueCrypt"
	       version="3.5.6"
	       provider-name="vpeter4 (peter.vicman@gmail.com) and smory (smoradap@gmail.com)">
		<requires>
		  	<import addon="xbmc.python" version="2.1.0"/>		
		</requires>
		<extension point="xbmc.python.pluginsource"
		           library="default.py">
		<provides>executable</provides>
		</extension>
		<extension point="xbmc.service"
		           library="default.py" start="startup">
		</extension>
		<extension point="xbmc.addon.metadata">
			<summary>Mount TrueCrypt Files.</summary>
			<description>
				Manage Truecrypt files within XBMC. Up to 10 containers are supported. It's possible to mount, unmount, format, delete and create new files.
			</description>
			<platform>all</platform>
		</extension>
	</addon>
