<addon id="service.addonscenter.sync" name="Addons.Center Sync" provider-name="Rivio" version="0.0.1~alpha10">
  <requires>
    <import addon="xbmc.python" version="2.1.0" />
  </requires>
  <extension library="service.py" point="xbmc.service" />
  <extension point="xbmc.addon.metadata">
    <platform>all</platform>
    <summary lang="en">Manage your installed Kodi addons through Addons.Center</summary>
    <description lang="en">World's easiest Kodi addons manager. Manage your addons in Kodi using your phone, tablet or PC. See which addons are popular today and get recommendations.</description>
    <website>https://addons.center/</website>
    <email>addon@addons.center</email>
  </extension>
</addon>