﻿<?xml version="1.0" encoding="utf-8"?>
<window>
	<allowoverlay>no</allowoverlay>
	<coordinates>
		<system>1</system><posx>0</posx><posy>0</posy>
	</coordinates>
	<controls>
		<control type="image"><posx>10000</posx><texture>czarny.png</texture></control><control type="image"><posx>10000</posx><texture>czerwony.png</texture></control><control type="image"><posx>10000</posx><texture>default.png</texture></control><control type="image"><posx>10000</posx><texture>default-focus.png</texture></control><control type="image"><posx>10000</posx><texture>default-przypomnienie.png</texture></control><control type="image"><posx>10000</posx><texture>fioletowy.png</texture></control><control type="image"><posx>100000</posx><texture>niebieski.png</texture></control><control type="image"><posx>10000</posx><texture>pomaranczowy.png</texture></control><control type="image"><posx>10000</posx><texture>purpurowy.png</texture></control><control type="image"><posx>10000</posx><texture>seledynowy.png</texture></control><control type="image"><posx>100000</posx><texture>zielony.png</texture></control><control type="image"><posx>10000</posx><texture>zolty.png</texture></control><control type="image"><posx>10000</posx><texture>default.png</texture></control><control type="image"><posx>10000</posx><texture>kolorowy.png</texture></control><control type="image"><posx>10000</posx><texture>srebrnoszary.png</texture></control><control type="image"><posx>10000</posx><texture>kolorowyciemny.png</texture></control><control type="image"><posx>10000</posx><texture>dark.png</texture></control><control type="image"><posx>10000</posx><texture>live.png</texture></control>

<!-- Background -->
		<control type="image" id="4600">
			<posx>0</posx>
			<posy>0</posy>
			<width>1280</width>
			<height>720</height>
			<texture>mtvguide-bg.png</texture>
			<fadetime>100</fadetime>
			<!--<colordiffuse>88FFFFFF</colordiffuse>-->
			<animation type="Conditional" condition="Control.IsVisible(5000)">
				<effect type="fade" start="2000" end="2000" time="500"/>
			</animation>
		</control>
		<control type="image">
			<posx>400</posx>
			<posy>0</posy>
			<width>880</width>
			<height>720</height>
			<texture>mtvguide-bg-epg.png</texture>
			<animation type="Conditional" condition="Control.IsVisible(5000)">
				<effect type="fade" start="100" end="0" time="2000"/>
			</animation>
		</control>

		<control type="label" id="5000"><description>visibility marker for TV Guide group</description></control>
		<control type="group">
			<description>TV Guide group</description>
			<posx>0</posx>
			<posy>0</posy>
			<width>1280</width>
			<height>720</height>
			<visible>!Control.IsVisible(5000)</visible>

			<control type="button" id="5001">
				<description>marker for EPG data view - should be hidden!</description>
				<posx>426</posx>
				<posy>0</posy>
				<width>854</width>
				<height>680</height>
				<visible>false</visible>
			</control>

<!-- Channels column -->
			<control type="group">
				<posx>303</posx>
				<posy>0</posy>
				<width>140</width>
				<height>680</height>
				<visible>true</visible>

	<!-- text labels -->
				<control type="label" id="4010">
					<description>1st channel</description>
					<posx>0</posx>
					<posy>0</posy>
					<width>120</width>
					<height>34</height>
					<textcolor>white</textcolor>
					<shadowcolor>black</shadowcolor>
					<font>font10</font>
					<align>center</align>
					<aligny>center</aligny>
					<visible>StringCompare(Control.GetLabel(4110),)</visible>
				</control>
				<control type="label" id="4011">
					<description>2nd channel</description>
					<posx>0</posx>
					<posy>34</posy>
					<width>120</width>
					<height>34</height>
					<textcolor>white</textcolor>
					<shadowcolor>black</shadowcolor>
					<font>font10</font>
					<align>center</align>
					<aligny>center</aligny>
					<visible>StringCompare(Control.GetLabel(4111),)</visible>
				</control>
				<control type="label" id="4012">
					<description>3rd channel</description>
					<posx>0</posx>
					<posy>68</posy>
					<width>120</width>
					<height>34</height>
					<textcolor>white</textcolor>
					<shadowcolor>black</shadowcolor>
					<font>font10</font>
					<align>center</align>
					<aligny>center</aligny>
					<visible>StringCompare(Control.GetLabel(4112),)</visible>
				</control>
				<control type="label" id="4013">
					<description>4th channel</description>
					<posx>0</posx>
					<posy>102</posy>
					<width>120</width>
					<height>34</height>
					<textcolor>white</textcolor>
					<shadowcolor>black</shadowcolor>
					<font>font10</font>
					<align>center</align>
					<aligny>center</aligny>
					<visible>StringCompare(Control.GetLabel(4113),)</visible>
				</control>
				<control type="label" id="4014">
					<description>5th channel</description>
					<posx>0</posx>
					<posy>136</posy>
					<width>120</width>
					<height>34</height>
					<textcolor>white</textcolor>
					<shadowcolor>black</shadowcolor>
					<font>font10</font>
					<align>center</align>
					<aligny>center</aligny>
					<visible>StringCompare(Control.GetLabel(4114),)</visible>
				</control>
				<control type="label" id="4015">
					<description>6th channel</description>
					<posx>0</posx>
					<posy>170</posy>
					<width>120</width>
					<height>34</height>
					<textcolor>white</textcolor>
					<shadowcolor>black</shadowcolor>
					<font>font10</font>
					<align>center</align>
					<aligny>center</aligny>
					<visible>StringCompare(Control.GetLabel(4115),)</visible>
				</control>
				<control type="label" id="4016">
					<description>7th channel</description>
					<posx>0</posx>
					<posy>204</posy>
					<width>120</width>
					<height>34</height>
					<textcolor>white</textcolor>
					<shadowcolor>black</shadowcolor>
					<font>font10</font>
					<align>center</align>
					<aligny>center</aligny>
					<visible>StringCompare(Control.GetLabel(4116),)</visible>
				</control>
				<control type="label" id="4017">
					<description>8th channel</description>
					<posx>0</posx>
					<posy>238</posy>
					<width>120</width>
					<height>34</height>
					<textcolor>white</textcolor>
					<shadowcolor>black</shadowcolor>
					<font>font10</font>
					<align>center</align>
					<aligny>center</aligny>
					<visible>StringCompare(Control.GetLabel(4117),)</visible>
				</control>
				<control type="label" id="4018">
					<description>9th channel</description>
					<posx>0</posx>
					<posy>272</posy>
					<width>120</width>
					<height>34</height>
					<textcolor>white</textcolor>
					<shadowcolor>black</shadowcolor>
					<font>font10</font>
					<align>center</align>
					<aligny>center</aligny>
					<visible>StringCompare(Control.GetLabel(4118),)</visible>
				</control>
				<control type="label" id="4019">
					<description>10th channel</description>
					<posx>0</posx>
					<posy>306</posy>
					<width>120</width>
					<height>34</height>
					<textcolor>white</textcolor>
					<shadowcolor>black</shadowcolor>
					<font>font10</font>
					<align>center</align>
					<aligny>center</aligny>
					<visible>StringCompare(Control.GetLabel(4119),)</visible>
				</control>
				<control type="label" id="4020">
					<description>11th channel</description>
					<posx>0</posx>
					<posy>340</posy>
					<width>120</width>
					<height>34</height>
					<textcolor>white</textcolor>
					<shadowcolor>black</shadowcolor>
					<font>font10</font>
					<align>center</align>
					<aligny>center</aligny>
					<visible>StringCompare(Control.GetLabel(4120),)</visible>
				</control>
				<control type="label" id="4021">
					<description>12th channel</description>
					<posx>0</posx>
					<posy>374</posy>
					<width>120</width>
					<height>34</height>
					<textcolor>white</textcolor>
					<shadowcolor>black</shadowcolor>
					<font>font10</font>
					<align>center</align>
					<aligny>center</aligny>
					<visible>StringCompare(Control.GetLabel(4121),)</visible>
				</control>
				<control type="label" id="4022">
					<description>13th channel</description>
					<posx>0</posx>
					<posy>408</posy>
					<width>120</width>
					<height>34</height>
					<textcolor>white</textcolor>
					<shadowcolor>black</shadowcolor>
					<font>font10</font>
					<align>center</align>
					<aligny>center</aligny>
					<visible>StringCompare(Control.GetLabel(4122),)</visible>
				</control>
				<control type="label" id="4023">
					<description>14th channel</description>
					<posx>0</posx>
					<posy>442</posy>
					<width>120</width>
					<height>34</height>
					<textcolor>white</textcolor>
					<shadowcolor>black</shadowcolor>
					<font>font10</font>
					<align>center</align>
					<aligny>center</aligny>
					<visible>StringCompare(Control.GetLabel(4123),)</visible>
				</control>
				<control type="label" id="4024">
					<description>15th channel</description>
					<posx>0</posx>
					<posy>476</posy>
					<width>120</width>
					<height>34</height>
					<textcolor>white</textcolor>
					<shadowcolor>black</shadowcolor>
					<font>font10</font>
					<align>center</align>
					<aligny>center</aligny>
					<visible>StringCompare(Control.GetLabel(4124),)</visible>
				</control>
				<control type="label" id="4025">
					<description>16th channel</description>
					<posx>0</posx>
					<posy>510</posy>
					<width>120</width>
					<height>34</height>
					<textcolor>white</textcolor>
					<shadowcolor>black</shadowcolor>
					<font>font10</font>
					<align>center</align>
					<aligny>center</aligny>
					<visible>StringCompare(Control.GetLabel(4125),)</visible>
				</control>
				<control type="label" id="4026">
					<description>17th channel</description>
					<posx>0</posx>
					<posy>544</posy>
					<width>120</width>
					<height>34</height>
					<textcolor>white</textcolor>
					<shadowcolor>black</shadowcolor>
					<font>font10</font>
					<align>center</align>
					<aligny>center</aligny>
					<visible>StringCompare(Control.GetLabel(4126),)</visible>
				</control>
				<control type="label" id="4027">
					<description>18th channel</description>
					<posx>0</posx>
					<posy>578</posy>
					<width>120</width>
					<height>34</height>
					<textcolor>white</textcolor>
					<shadowcolor>black</shadowcolor>
					<font>font10</font>
					<align>center</align>
					<aligny>center</aligny>
					<visible>StringCompare(Control.GetLabel(4127),)</visible>
				</control>
				<control type="label" id="4028">
					<description>19th channel</description>
					<posx>0</posx>
					<posy>612</posy>
					<width>120</width>
					<height>34</height>
					<textcolor>white</textcolor>
					<shadowcolor>black</shadowcolor>
					<font>font10</font>
					<align>center</align>
					<aligny>center</aligny>
					<visible>StringCompare(Control.GetLabel(4128),)</visible>
				</control>
				<control type="label" id="4029">
					<description>20th channel</description>
					<posx>0</posx>
					<posy>646</posy>
					<width>120</width>
					<height>34</height>
					<textcolor>white</textcolor>
					<shadowcolor>black</shadowcolor>
					<font>font10</font>
					<align>center</align>
					<aligny>center</aligny>
					<visible>StringCompare(Control.GetLabel(4129),)</visible>
				</control>

	<!-- logo buttons -->
				<control type="button" id="9010">
					<description>1st channel</description>
					<posx>4</posx>
					<posy>0</posy>
					<width>120</width>
					<height>34</height>
					<texturefocus>tvguide-program-grey-focus_logo.png</texturefocus>
					<texturenofocus>tvguide-program-grey_logo.png</texturenofocus>
				</control>
				<control type="button" id="9011">
					<description>2nd channel</description>
					<posx>4</posx>
					<posy>34</posy>
					<width>120</width>
					<height>34</height>
					<texturefocus>tvguide-program-grey-focus_logo.png</texturefocus>
					<texturenofocus>tvguide-program-grey_logo.png</texturenofocus>
				</control>
				<control type="button" id="9012">
					<description>3rd channel</description>
					<posx>4</posx>
					<posy>68</posy>
					<width>120</width>
					<height>34</height>
					<texturefocus>tvguide-program-grey-focus_logo.png</texturefocus>
					<texturenofocus>tvguide-program-grey_logo.png</texturenofocus>
				</control>
				<control type="button" id="9013">
					<description>4th channel</description>
					<posx>4</posx>
					<posy>102</posy>
					<width>120</width>
					<height>34</height>
					<texturefocus>tvguide-program-grey-focus_logo.png</texturefocus>
					<texturenofocus>tvguide-program-grey_logo.png</texturenofocus>
				</control>
				<control type="button" id="9014">
					<description>5th channel</description>
					<posx>4</posx>
					<posy>136</posy>
					<width>120</width>
					<height>34</height>
					<texturefocus>tvguide-program-grey-focus_logo.png</texturefocus>
					<texturenofocus>tvguide-program-grey_logo.png</texturenofocus>
				</control>
				<control type="button" id="9015">
					<description>6th channel</description>
					<posx>4</posx>
					<posy>170</posy>
					<width>120</width>
					<height>34</height>
					<texturefocus>tvguide-program-grey-focus_logo.png</texturefocus>
					<texturenofocus>tvguide-program-grey_logo.png</texturenofocus>
				</control>
				<control type="button" id="9016">
					<description>7th channel</description>
					<posx>4</posx>
					<posy>204</posy>
					<width>120</width>
					<height>34</height>
					<texturefocus>tvguide-program-grey-focus_logo.png</texturefocus>
					<texturenofocus>tvguide-program-grey_logo.png</texturenofocus>
				</control>
				<control type="button" id="9017">
					<description>8th channel</description>
					<posx>4</posx>
					<posy>238</posy>
					<width>120</width>
					<height>34</height>
					<texturefocus>tvguide-program-grey-focus_logo.png</texturefocus>
					<texturenofocus>tvguide-program-grey_logo.png</texturenofocus>
				</control>
				<control type="button" id="9018">
					<description>9th channel</description>
					<posx>4</posx>
					<posy>272</posy>
					<width>120</width>
					<height>34</height>
					<texturefocus>tvguide-program-grey-focus_logo.png</texturefocus>
					<texturenofocus>tvguide-program-grey_logo.png</texturenofocus>
				</control>
				<control type="button" id="9019">
					<description>10th channel</description>
					<posx>4</posx>
					<posy>306</posy>
					<width>120</width>
					<height>34</height>
					<texturefocus>tvguide-program-grey-focus_logo.png</texturefocus>
					<texturenofocus>tvguide-program-grey_logo.png</texturenofocus>
				</control>
				<control type="button" id="9020">
					<description>11th channel</description>
					<posx>4</posx>
					<posy>340</posy>
					<width>120</width>
					<height>34</height>
					<texturefocus>tvguide-program-grey-focus_logo.png</texturefocus>
					<texturenofocus>tvguide-program-grey_logo.png</texturenofocus>
				</control>
				<control type="button" id="9021">
					<description>12th channel</description>
					<posx>4</posx>
					<posy>374</posy>
					<width>120</width>
					<height>34</height>
					<texturefocus>tvguide-program-grey-focus_logo.png</texturefocus>
					<texturenofocus>tvguide-program-grey_logo.png</texturenofocus>
				</control>
				<control type="button" id="9022">
					<description>13th channel</description>
					<posx>4</posx>
					<posy>408</posy>
					<width>120</width>
					<height>34</height>
					<texturefocus>tvguide-program-grey-focus_logo.png</texturefocus>
					<texturenofocus>tvguide-program-grey_logo.png</texturenofocus>
				</control>
				<control type="button" id="9023">
					<description>14th channel</description>
					<posx>4</posx>
					<posy>442</posy>
					<width>120</width>
					<height>34</height>
					<texturefocus>tvguide-program-grey-focus_logo.png</texturefocus>
					<texturenofocus>tvguide-program-grey_logo.png</texturenofocus>
				</control>
				<control type="button" id="9024">
					<description>15th channel</description>
					<posx>4</posx>
					<posy>476</posy>
					<width>120</width>
					<height>34</height>
					<texturefocus>tvguide-program-grey-focus_logo.png</texturefocus>
					<texturenofocus>tvguide-program-grey_logo.png</texturenofocus>
				</control>
				<control type="button" id="9025">
					<description>16th channel</description>
					<posx>4</posx>
					<posy>510</posy>
					<width>120</width>
					<height>34</height>
					<texturefocus>tvguide-program-grey-focus_logo.png</texturefocus>
					<texturenofocus>tvguide-program-grey_logo.png</texturenofocus>
				</control>
				<control type="button" id="9026">
					<description>17th channel</description>
					<posx>4</posx>
					<posy>544</posy>
					<width>120</width>
					<height>34</height>
					<texturefocus>tvguide-program-grey-focus_logo.png</texturefocus>
					<texturenofocus>tvguide-program-grey_logo.png</texturenofocus>
				</control>
				<control type="button" id="9027">
					<description>18th channel</description>
					<posx>4</posx>
					<posy>578</posy>
					<width>120</width>
					<height>34</height>
					<texturefocus>tvguide-program-grey-focus_logo.png</texturefocus>
					<texturenofocus>tvguide-program-grey_logo.png</texturenofocus>
				</control>
				<control type="button" id="9028">
					<description>19th channel</description>
					<posx>4</posx>
					<posy>612</posy>
					<width>120</width>
					<height>34</height>
					<texturefocus>tvguide-program-grey-focus_logo.png</texturefocus>
					<texturenofocus>tvguide-program-grey_logo.png</texturenofocus>
				</control>
				<control type="button" id="9029">
					<description>20th channel</description>
					<posx>4</posx>
					<posy>646</posy>
					<width>120</width>
					<height>34</height>
					<texturefocus>tvguide-program-grey-focus_logo.png</texturefocus>
					<texturenofocus>tvguide-program-grey_logo.png</texturenofocus>
				</control>

	<!-- logo images -->
				<control type="image" id="4110">
					<description>1st channel</description>
					<posx>20</posx>
					<posy>3</posy>
					<width>90</width>
					<height>25</height>
					<aspectratio>keep</aspectratio>
					<visible>!StringCompare(Control.GetLabel(4110),)</visible>
				</control>
				<control type="image" id="4111">
					<description>2nd channel</description>
					<posx>20</posx>
					<posy>37</posy>
					<width>90</width>
					<height>25</height>
					<aspectratio>keep</aspectratio>
					<visible>!StringCompare(Control.GetLabel(4111),)</visible>
				</control>
				<control type="image" id="4112">
					<description>3rd channel</description>
					<posx>20</posx>
					<posy>71</posy>
					<width>90</width>
					<height>25</height>
					<aspectratio>keep</aspectratio>
					<visible>!StringCompare(Control.GetLabel(4112),)</visible>
				</control>
				<control type="image" id="4113">
					<description>4th channel</description>
					<posx>20</posx>
					<posy>105</posy>
					<width>90</width>
					<height>25</height>
					<aspectratio>keep</aspectratio>
					<visible>!StringCompare(Control.GetLabel(4113),)</visible>
				</control>
				<control type="image" id="4114">
					<description>5th channel</description>
					<posx>20</posx>
					<posy>139</posy>
					<width>90</width>
					<height>25</height>
					<aspectratio>keep</aspectratio>
					<visible>!StringCompare(Control.GetLabel(4114),)</visible>
				</control>
				<control type="image" id="4115">
					<description>6th channel</description>
					<posx>20</posx>
					<posy>173</posy>
					<width>90</width>
					<height>25</height>
					<aspectratio>keep</aspectratio>
					<visible>!StringCompare(Control.GetLabel(4115),)</visible>
				</control>
				<control type="image" id="4116">
					<description>7th channel</description>
					<posx>20</posx>
					<posy>207</posy>
					<width>90</width>
					<height>25</height>
					<aspectratio>keep</aspectratio>
					<visible>!StringCompare(Control.GetLabel(4116),)</visible>
				</control>
				<control type="image" id="4117">
					<description>8th channel</description>
					<posx>20</posx>
					<posy>241</posy>
					<width>90</width>
					<height>25</height>
					<aspectratio>keep</aspectratio>
					<visible>!StringCompare(Control.GetLabel(4117),)</visible>
				</control>
				<control type="image" id="4118">
					<description>9th channel</description>
					<posx>20</posx>
					<posy>275</posy>
					<width>90</width>
					<height>25</height>
					<aspectratio>keep</aspectratio>
					<visible>!StringCompare(Control.GetLabel(4118),)</visible>
				</control>
				<control type="image" id="4119">
					<description>10th channel</description>
					<posx>20</posx>
					<posy>309</posy>
					<width>90</width>
					<height>25</height>
					<aspectratio>keep</aspectratio>
					<visible>!StringCompare(Control.GetLabel(4119),)</visible>
				</control>
				<control type="image" id="4120">
					<description>11th channel</description>
					<posx>20</posx>
					<posy>343</posy>
					<width>90</width>
					<height>25</height>
					<aspectratio>keep</aspectratio>
					<visible>!StringCompare(Control.GetLabel(4120),)</visible>
				</control>
				<control type="image" id="4121">
					<description>12th channel</description>
					<posx>20</posx>
					<posy>377</posy>
					<width>90</width>
					<height>25</height>
					<aspectratio>keep</aspectratio>
					<visible>!StringCompare(Control.GetLabel(4121),)</visible>
				</control>
				<control type="image" id="4122">
					<description>13th channel</description>
					<posx>20</posx>
					<posy>411</posy>
					<width>90</width>
					<height>25</height>
					<aspectratio>keep</aspectratio>
					<visible>!StringCompare(Control.GetLabel(4122),)</visible>
				</control>
				<control type="image" id="4123">
					<description>14th channel</description>
					<posx>20</posx>
					<posy>445</posy>
					<width>90</width>
					<height>25</height>
					<aspectratio>keep</aspectratio>
					<visible>!StringCompare(Control.GetLabel(4123),)</visible>
				</control>
				<control type="image" id="4124">
					<description>15th channel</description>
					<posx>20</posx>
					<posy>479</posy>
					<width>90</width>
					<height>25</height>
					<aspectratio>keep</aspectratio>
					<visible>!StringCompare(Control.GetLabel(4124),)</visible>
				</control>
				<control type="image" id="4125">
					<description>16th channel</description>
					<posx>20</posx>
					<posy>513</posy>
					<width>90</width>
					<height>25</height>
					<aspectratio>keep</aspectratio>
					<visible>!StringCompare(Control.GetLabel(4125),)</visible>
				</control>
				<control type="image" id="4126">
					<description>17th channel</description>
					<posx>20</posx>
					<posy>547</posy>
					<width>90</width>
					<height>25</height>
					<aspectratio>keep</aspectratio>
					<visible>!StringCompare(Control.GetLabel(4126),)</visible>
				</control>
				<control type="image" id="4127">
					<description>18th channel</description>
					<posx>20</posx>
					<posy>581</posy>
					<width>90</width>
					<height>25</height>
					<aspectratio>keep</aspectratio>
					<visible>!StringCompare(Control.GetLabel(4127),)</visible>
				</control>
				<control type="image" id="4128">
					<description>19th channel</description>
					<posx>20</posx>
					<posy>615</posy>
					<width>90</width>
					<height>25</height>
					<aspectratio>keep</aspectratio>
					<visible>!StringCompare(Control.GetLabel(4128),)</visible>
				</control>
				<control type="image" id="4129">
					<description>20th channel</description>
					<posx>20</posx>
					<posy>649</posy>
					<width>90</width>
					<height>25</height>
					<aspectratio>keep</aspectratio>
					<visible>!StringCompare(Control.GetLabel(4129),)</visible>
				</control>
			</control>

			<control type="image" id="4923">
				<description>Program logo / Source logo</description>
				<posx>5</posx>
				<posy>10</posy>
				<width>300</width>
				<height>150</height>
				<aspectratio>keep</aspectratio>
				<fadetime>0</fadetime>
				<align>center</align>
				<aligny>center</aligny>
				<texture>tvguide-logo-epg.png</texture>
				<visible>!Player.Playing</visible>
			</control>

			<control type="image" id="4924">
				<description>Channel logo</description>
				<posx>75</posx>
				<posy>665</posy>
				<width>160</width>
				<height>48</height>
				<aspectratio>keep</aspectratio>
				<fadetime>100</fadetime>
				<visible>true</visible>
			</control>

			<control type="label" id="4920">
				<description>Program title</description>
				<posx>5</posx>
				<posy>170</posy>
				<width>300</width>
				<height>30</height>
				<textcolor>FFDDDDDD</textcolor>
				<shadowcolor>black</shadowcolor>
				<font>[b]font10[/b]</font>
				<align>center</align>
				<aligny>center</aligny>
			</control>
			<control type="label" id="4921">
				<description>Program time</description> <!-- start programu początek i koniec-->
				<posx>5</posx>
				<posy>194</posy>
				<width>300</width>
				<height>30</height>
				<textcolor>red</textcolor>
				<shadowcolor>black</shadowcolor>
		<!--		<font>font11_title</font> -->
				<font>font12</font>
				<align>center</align>
				<aligny>center</aligny>
			</control>
			<control type="textbox" id="4922">
				<description>Program description</description>
				<posx>10</posx>
				<posy>226</posy>
				<width>300</width>
				<height>420</height>
				<textcolor>FFDDDDAA</textcolor>
				<font>font12</font>
				<align>left</align>      <!-- description alignment for programm details --> 
				<wrapmultiline>true</wrapmultiline>
				<autoscroll time="3500" delay="4500" repeat="10000">true</autoscroll>
			</control>
			<control type="image" id="4944">
				<description>Live</description>
				<posx>328</posx>
				<posy>693</posy>
				<width>80</width>
				<height>18</height>
				<aspectratio>keep</aspectratio>
				<fadetime>100</fadetime>
				<visible>true</visible>
			</control>

			<control type="label">
				<description>time label</description>
				<posx>55</posx>
				<posy>550</posy>
				<width>200</width>
				<height>30</height>
				<align>center</align>
				<aligny>center</aligny>
				<font>font45caps_title</font>
				<textcolor>white</textcolor>
				<shadowcolor>black</shadowcolor>
				<label>$INFO[System.Time]</label>
				<visible>False</visible>
			</control>

			<control type="image" id="4100">
				<posx>-25</posx>
				<posy>0</posy>
				<width>-25</width>
				<height>720</height>
				<texture>m-timebar.png</texture>
			</control>
			
			<control type="image">
				<posx>400</posx>
				<posy>660</posy>
				<width>880</width>
				<height>60</height>
				<texture>mtvguide-bg-time.png</texture>
				<animation type="Conditional" condition="Control.IsVisible(5000)">
					<effect type="fade" start="100" end="0" time="500"/>
				</animation>
			</control>

<!-- Date and time row -->
			<control type="group">
				<posx>430</posx>
				<posy>682</posy>
				<width>830</width>
				<height>30</height>
				<visible>true</visible>

				<control type="label" id="4000"><posy>69</posy></control><!-- must stay -->
				<control type="label">
					<description>Today date</description>
					<posx>680</posx>
					<posy>4</posy>
					<width>210</width>
					<height>20</height>
					<font>font10_title</font>
					<textcolor>white</textcolor>
					<align>center</align>
					<aligny>center</aligny>
					<label>$INFO[System.Date]</label>
				</control>
				<control type="label" id="4999">
					<description>Current time</description>
					<posx>740</posx>
					<posy>16</posy>
					<width>90</width>
					<height>20</height>
					<font>font10_title</font>
					<textcolor>white</textcolor>
					<align>center</align>
					<aligny>center</aligny>
					<label>$INFO[System.Time]</label>
				</control>
				<control type="label" id="4001">
					<description>1st half hour column</description>
					<posx>0</posx>
					<posy>0</posy>
					<width>140</width>
					<height>40</height>
					<textcolor>white</textcolor>
					<font>font13_title</font>
					<aligny>center</aligny>
				</control>
				<control type="label" id="4002">
					<description>2nd half hour column</description>
					<posx>183</posx>
					<posy>0</posy>
					<width>120</width>
					<height>40</height>
					<font>font13_title</font>
					<textcolor>white</textcolor>
					<aligny>center</aligny>
				</control>
				<control type="label" id="4003">
					<description>3rd half hour column</description>
					<posx>397</posx>
					<posy>0</posy>
					<width>140</width>
					<height>40</height>
					<font>font13_title</font>
					<textcolor>white</textcolor>
					<aligny>center</aligny>
				</control>
				<control type="label" id="4004">
					<description>4th half hour column</description>
					<posx>610</posx>
					<posy>0</posy>
					<width>140</width>
					<height>40</height>
					<font>font13_title</font>
					<textcolor>white</textcolor>
					<aligny>center</aligny>
				</control>
			</control>

			<control type="label" id="4200"><description>visibility marker for loading group</description></control>

			<control type="group">
				<posx>0</posx>
				<posy>0</posy>
				<width>1280</width>
				<height>720</height>
				<visible>!Control.IsVisible(4200)</visible>
				<animation effect="fade" start="0" end="100" time="250" delay="1500">Visible</animation>

				<control type="progress" id="4201">
					<posx>419</posx>
					<posy>685</posy>
					<width>861</width>
					<height>4</height>
					<texturebg/>
					<midtexture>tvguide-white-progress.png</midtexture>
				</control>
				<control type="label">
					<description>loading splash text</description>
					<posx>620</posx>
					<posy>290</posy>
					<width>280</width>
					<height>30</height>
					<font>font13</font>
					<label>$ADDON[script.iamepg 30001]</label>
					<textcolor>white</textcolor>
					<shadowcolor>black</shadowcolor>
					<aligny>center</aligny>
				</control>
				<control type="label" id="4202">
					<description>loading time left</description>
					<posx>620</posx>
					<posy>330</posy>
					<width>600</width>
					<height>30</height>
					<label>...</label>
					<textcolor>white</textcolor>
					<shadowcolor>black</shadowcolor>
					<font>font13</font>
					<aligny>left</aligny>
				</control>
				<control type="button" id="4203">
					<posx>870</posx>
					<posy>380</posy>
					<width>150</width>
					<height>50</height>
					<label>$ADDON[script.iamepg 30008]</label>
					<textcolor>white</textcolor>
					<font>font13</font>
					<aligny>center</aligny>
					<align>center</align>
					<texturefocus>tvguide-program-grey-focus.png</texturefocus>
					<texturenofocus>tvguide-program-grey.png</texturenofocus>
				</control>
			</control>

			<control type="label" id="4300">
				<description>visibility marker for mouse control group</description>
				<posx>0</posx>
				<posy>0</posy>
				<width>30</width>
				<height>40</height>
			</control>
			<control type="group">
				<posx>0</posx>
				<posy>720</posy>
				<width>418</width>
				<height>40</height>
				<visible>!Control.IsVisible(4300)</visible>
				<animation effect="slide" start="0,0" end="0,-36" time="400">Visible</animation>
				<animation effect="slide" start="0,-36" end="0,0" time="500">Hidden</animation>
				<control type="image">
					<posx>0</posx>
					<posy>-1</posy>
					<width>418</width>
					<height>40</height>
					<texture>tvguide-glasspane_mouse.png</texture>
				</control>
				<control type="button" id="4301">
					<description>navigate to now</description>
					<posx>6</posx>
					<posy>5</posy>
					<width>45</width>
					<height>25</height>
					<label>$ADDON[script.iamepg 30006]</label>
					<textcolor>white</textcolor>
					<font>font10_title</font>
					<aligny>center</aligny>
					<align>center</align>
					<texturefocus>tvguide-program-grey-focus.png</texturefocus>
					<texturenofocus>tvguide-program-grey.png</texturenofocus>
				</control>
				<control type="button" id="4302">
					<description>navigate left</description>
					<posx>56</posx>
					<posy>5</posy>
					<width>40</width>
					<height>25</height>
					<textcolor>white</textcolor>
					<font>font12_title</font>
					<label>&lt;</label>
					<aligny>center</aligny>
					<align>center</align>
					<texturefocus>tvguide-program-grey-focus.png</texturefocus>
					<texturenofocus>tvguide-program-grey.png</texturenofocus>
				</control>
				<control type="button" id="4303">
					<description>navigate up</description>
					<posx>101</posx>
					<posy>5</posy>
					<width>40</width>
					<height>25</height>
					<textcolor>white</textcolor>
					<font>font13_title</font>
					<label>^</label>
					<aligny>center</aligny>
					<align>center</align>
					<texturefocus>tvguide-program-grey-focus.png</texturefocus>
					<texturenofocus>tvguide-program-grey.png</texturenofocus>
				</control>
				<control type="button" id="4304">
					<description>navigate down</description>
					<posx>146</posx>
					<posy>5</posy>
					<width>40</width>
					<height>25</height>
					<textcolor>white</textcolor>
					<font>font12_title</font>
					<label>v</label>
					<aligny>center</aligny>
					<align>center</align>
					<texturefocus>tvguide-program-grey-focus.png</texturefocus>
					<texturenofocus>tvguide-program-grey.png</texturenofocus>
				</control>
				<control type="button" id="4305">
					<description>navigate right</description>
					<posx>191</posx>
					<posy>5</posy>
					<width>40</width>
					<height>25</height>
					<textcolor>white</textcolor>
					<font>font12_title</font>
					<label>&gt;</label>
					<aligny>center</aligny>
					<align>center</align>
					<texturefocus>tvguide-program-grey-focus.png</texturefocus>
					<texturenofocus>tvguide-program-grey.png</texturenofocus>
				</control>
				<control type="button" id="4002">
					<description>reminder</description>
					<posx>236</posx>
					<posy>5</posy>
					<width>60</width>
					<height>25</height>
					<textcolor>white</textcolor>
					<font>font10_title</font>
					<label>PRZYP.</label>
					<aligny>center</aligny>
					<align>center</align>
					<texturefocus>tvguide-program-grey-focus.png</texturefocus>
					<texturenofocus>tvguide-program-grey.png</texturenofocus>
				</control>
				<control type="button" id="4311">
					<description>settings</description>
					<posx>301</posx>
					<posy>5</posy>
					<width>60</width>
					<height>25</height>
					<textcolor>white</textcolor>
					<font>font10_title</font>
					<label>OPCJE</label>
					<aligny>center</aligny>
					<align>center</align>
					<texturefocus>tvguide-program-grey-focus.png</texturefocus>
					<texturenofocus>tvguide-program-grey.png</texturenofocus>
				</control>
				<control type="button" id="4306">
					<description>exit</description>
					<posx>367</posx>
					<posy>5</posy>
					<width>45</width>
					<height>25</height>
					<textcolor>white</textcolor>
					<font>font12_title</font>
					<label>×</label>
					<aligny>center</aligny>
					<align>center</align>
					<texturefocus>tvguide-program-grey-focus.png</texturefocus>
					<texturenofocus>tvguide-program-grey.png</texturenofocus>
				</control>

			</control>
		</control><!-- id="5000" -->

		<control type="videowindow">
			<posx>0</posx>
			<posy>0</posy>
			<width>1280</width>
			<height>720</height>
			<animation type="Conditional" condition="!Control.IsVisible(5000)">
				<effect type="zoom" end="24" center="10,5" time="500"/>
			</animation>
		</control>

		<control type="label" id="6000"><description>visibility marker for OSD Info bar</description></control>

		<control type="group">
			<description>OSD Info bar</description>
			<posx>0</posx>
			<posy>500</posy>
			<width>1280</width>
			<height>220</height>
			<visible>!Control.IsVisible(6000)</visible>
			<animation effect="fade" start="0" end="100" time="500">VisibleChange</animation>
		</control>
	</controls>
</window>