<?xml version="1.0" encoding="UTF-8"?>
-<window type="dialog"><allowoverlay>no</allowoverlay><defaultcontrol always="true">6000</defaultcontrol>-<coordinates><system>1</system><posx>0</posx><posy>0</posy></coordinates><animation time="250" end="0,0" start="1280,0" effect="slide">WindowOpen</animation><animation time="250" end="1280,0" start="0,0" effect="slide">WindowClose</animation>-<controls>-<control type="label" id="6001"><description>visibility marker for selection box</description></control>-<control type="image"><posx>0</posx><posy>0</posy><width>1280</width><height>120</height><texture>lista-tlo.jpg</texture></control>-<control type="image"><posx>0</posx><posy>0</posy><width>1280</width><height>120</height><texture>lista-tlo.jpg</texture></control>-<control type="fixedlist" id="6000"><posx>20</posx><posy>20</posy><width>1280</width><height>120</height><viewtype label="list">list</viewtype><orientation>horizontal</orientation>-<itemlayout height="40" width="120">-<control type="image"><posx>0</posx><posy>0</posy><width>120</width><height>38</height></control>-<control type="label"><posx>16</posx><posy>0</posy><width>120</width><height>38</height><aligny>center</aligny><font>font13</font><textcolor>ffffffff</textcolor><info>ListItem.Label</info></control></itemlayout>-<focusedlayout height="40" width="120">-<control type="label"><posx>16</posx><posy>0</posy><width>120</width><height>38</height><aligny>center</aligny><font>font13</font><textcolor>ffffffff</textcolor><label>[B]$INFO[ListItem.Label][/B]</label></control></focusedlayout></control>
<!-- Channels column -->
-<control type="group"><posx>0</posx><posy>60</posy><width>180</width><height>452</height><visible>true</visible>
<!-- text labels -->
-<control type="label" id="4010"><description>1st channel</description><posx>0</posx><posy>1</posy><width>180</width><height>40</height><textcolor>ffffffff</textcolor><font>font13</font><align>center</align><aligny>center</aligny><visible>StringCompare(Control.GetLabel(4110),)</visible></control>-<control type="label" id="4011"><description>2nd channel</description><posx>0</posx><posy>42</posy><width>180</width><height>40</height><textcolor>ffffffff</textcolor><font>font13</font><align>center</align><aligny>center</aligny><visible>StringCompare(Control.GetLabel(4111),)</visible></control>-<control type="label" id="4012"><description>3rd channel</description><posx>0</posx><posy>83</posy><width>180</width><height>40</height><textcolor>ffffffff</textcolor><font>font13</font><align>center</align><aligny>center</aligny><visible>StringCompare(Control.GetLabel(4112),)</visible></control>-<control type="label" id="4013"><description>4th channel</description><posx>0</posx><posy>124</posy><width>180</width><height>40</height><textcolor>ffffffff</textcolor><font>font13</font><align>center</align><aligny>center</aligny><visible>StringCompare(Control.GetLabel(4113),)</visible></control>-<control type="label" id="4014"><description>5th channel</description><posx>0</posx><posy>165</posy><width>180</width><height>40</height><textcolor>ffffffff</textcolor><font>font13</font><align>center</align><aligny>center</aligny><visible>StringCompare(Control.GetLabel(4114),)</visible></control>-<control type="label" id="4015"><description>6th channel</description><posx>0</posx><posy>206</posy><width>180</width><height>40</height><textcolor>ffffffff</textcolor><font>font13</font><align>center</align><aligny>center</aligny><visible>StringCompare(Control.GetLabel(4115),)</visible></control>-<control type="label" id="4016"><description>7th channel</description><posx>0</posx><posy>247</posy><width>180</width><height>40</height><textcolor>ffffffff</textcolor><font>font13</font><align>center</align><aligny>center</aligny><visible>StringCompare(Control.GetLabel(4116),)</visible></control>-<control type="label" id="4017"><description>8th channel</description><posx>0</posx><posy>288</posy><width>180</width><height>40</height><textcolor>ffffffff</textcolor><font>font13</font><align>center</align><aligny>center</aligny><visible>StringCompare(Control.GetLabel(4117),)</visible></control>-<control type="label" id="4018"><description>9th channel</description><posx>0</posx><posy>329</posy><width>180</width><height>40</height><textcolor>ffffffff</textcolor><font>font13</font><align>center</align><aligny>center</aligny><visible>StringCompare(Control.GetLabel(4118),)</visible></control>-<control type="label" id="4019"><description>10th channel</description><posx>0</posx><posy>370</posy><width>180</width><height>40</height><textcolor>ffffffff</textcolor><font>font13</font><align>center</align><aligny>center</aligny><visible>StringCompare(Control.GetLabel(4119),)</visible></control>-<control type="label" id="4020"><description>11th channel</description><posx>0</posx><posy>411</posy><width>180</width><height>40</height><textcolor>ffffffff</textcolor><font>font13</font><align>center</align><aligny>center</aligny><visible>StringCompare(Control.GetLabel(4120),)</visible></control>
<!-- logo images -->
-<control type="image" id="4110"><description>1st channel</description><posx>24</posx><posy>1</posy><width>140</width><height>35</height><aspectratio>keep</aspectratio><visible>!StringCompare(Control.GetLabel(4110),)</visible></control>-<control type="image" id="4111"><description>2nd channel</description><posx>24</posx><posy>42</posy><width>140</width><height>35</height><aspectratio>keep</aspectratio><visible>!StringCompare(Control.GetLabel(4111),)</visible></control>-<control type="image" id="4112"><description>3rd channel</description><posx>24</posx><posy>83</posy><width>140</width><height>35</height><aspectratio>keep</aspectratio><visible>!StringCompare(Control.GetLabel(4112),)</visible></control>-<control type="image" id="4113"><description>4th channel</description><posx>24</posx><posy>124</posy><width>140</width><height>35</height><aspectratio>keep</aspectratio><visible>!StringCompare(Control.GetLabel(4113),)</visible></control>-<control type="image" id="4114"><description>5th channel</description><posx>24</posx><posy>165</posy><width>140</width><height>35</height><aspectratio>keep</aspectratio><visible>!StringCompare(Control.GetLabel(4114),)</visible></control>-<control type="image" id="4115"><description>6th channel</description><posx>24</posx><posy>206</posy><width>140</width><height>35</height><aspectratio>keep</aspectratio><visible>!StringCompare(Control.GetLabel(4115),)</visible></control>-<control type="image" id="4116"><description>7th channel</description><posx>24</posx><posy>247</posy><width>140</width><height>35</height><aspectratio>keep</aspectratio><visible>!StringCompare(Control.GetLabel(4116),)</visible></control>-<control type="image" id="4117"><description>8th channel</description><posx>24</posx><posy>288</posy><width>140</width><height>35</height><aspectratio>keep</aspectratio><visible>!StringCompare(Control.GetLabel(4117),)</visible></control>-<control type="image" id="4118"><description>9th channel</description><posx>24</posx><posy>329</posy><width>140</width><height>35</height><aspectratio>keep</aspectratio><visible>!StringCompare(Control.GetLabel(4118),)</visible></control>-<control type="image" id="4119"><description>10th channel</description><posx>24</posx><posy>370</posy><width>140</width><height>35</height><aspectratio>keep</aspectratio><visible>!StringCompare(Control.GetLabel(4119),)</visible></control>-<control type="image" id="4120"><description>11th channel</description><posx>24</posx><posy>411</posy><width>140</width><height>35</height><aspectratio>keep</aspectratio><visible>!StringCompare(Control.GetLabel(4120),)</visible></control></control></controls></window>