<?xml version="1.0" encoding="UTF-8" standalone="yes"?>
<addon id="script.module.arlo"
       name="arlo"
       version="1.2.35+matrix.1"
       provider-name="jeffreydwalter">
  <requires>
    <import addon="xbmc.python" version="3.0.0"/>
    <import addon="script.module.monotonic" version="1.5.0+matrix.1"/>
    <import addon="script.module.pysocks" version="1.7.0+matrix.1"/>
    <import addon="script.module.requests" version="2.22.0+matrix.1"/>
    <import addon="script.module.sseclient" version="0.0.24+matrix.1"/>
  </requires>
  <extension point="xbmc.python.module"
             library="lib" />
  <extension point="xbmc.addon.metadata">
    <summary lang="en_GB">Python module for interacting with Netgear's Arlo camera system.</summary>
    <description lang="en_GB">Packed for KODI from https://github.com/jeffreydwalter/arlo</description>
    <platform>all</platform>
    <license>Apache-2.0</license>
    <website>https://github.com/jeffreydwalter/arlo</website>
    <assets>
      <icon>icon.png</icon>
    </assets>
  </extension>
</addon>
