<?xml version="1.0" encoding="utf-8" standalone="yes"?>
<addon id="script.lazytv.SANNAME"
       name="CLONENAME"
       version="3.0.1"
       provider-name="KodeKarnage">
    <requires>
        <import addon="xbmc.python" version="3.0.0"/>
    </requires>

<extension point="xbmc.python.script"
            library="default.py">
            <provides>executable</provides>
    </extension>

    <extension point="xbmc.addon.metadata">
        <assets>
            <icon>icon.png</icon>
            <fanart>fanart.jpg</fanart>
        </assets>
        <summary lang="en_GB">COMBNAME</summary>
        <description lang="en_GB">This is a cloned version of the LazyTV front-end.</description>
        <platform>all</platform>
        <license>GPL-3.0-or-later</license>
        <email>subliminal.karnage at gmail dot com</email>
        <forum>https://forum.kodi.tv/showthread.php?tid=170975</forum>
        <website>https://kodi.wiki/index.php?title=Add-on:LazyTV</website>
        <source>https://github.com/KODeKarnage/script.lazytv/</source>
    </extension>
</addon>
