<?xml version="1.0" encoding="UTF-8" standalone="yes"?>
<addon id="plugin.program.lostbuildswizard" 
       name="[COLOR purple]Lost Builds[/COLOR] [COLOR white]Wizard[/COLOR]" 
       version="2.2" 
       provider-name="Lost Builds">
  <requires>
    <import addon="xbmc.python" version="2.1.0"/>
	<import addon="script.module.requests" version="2.9.1"/>
  </requires>
  <extension point="xbmc.python.pluginsource" library="default.py">
    <provides>executable</provides>
  </extension>
  <extension point="xbmc.service" library="startup.py" start="startup" />
  <extension point="xbmc.addon.metadata">
    <summary lang="en">[COLOR white]Lost Kodi Builds[/COLOR]</summary>
    <description lang="en">[B]Best Kodi Builds[/B]</description>
    <platform>all</platform>
  </extension>
</addon>