<?xml version="1.0" encoding="UTF-8" standalone="yes"?>
<addon id="plugin.video.shark" name="[B][COLOR dodgerblue]SHARK[/COLOR][/B]" version="1.0.3" provider-name="Shark55">
	<requires>
		<import addon="xbmc.python" version="2.19.0" />
        <import addon="script.module.python.koding.aio" version="0.0.1"/>
	</requires>
	<extension point="xbmc.python.pluginsource" library="default.py">
		<provides>video</provides>
	</extension>
	<extension point="xbmc.addon.metadata">
		<summary lang="en">This is a new project,Compilation of YouTube Sports Replay's and More.</summary>
		<description lang="en">This is a new project,Compilation of YouTube Sports Replay's and only a Hobby.</description>
		<platform>all</platform>
		<forum></forum>
		<website></website>
		<news></news>
		<genre>video</genre>
		<video_guide></video_guide>
		<video_preview></video_preview>
	</extension>
</addon>
