<?xml version="1.0" encoding="UTF-8"?>
<addon id="resource.uisounds.bursting-bubbles" version="1.0.0" name="Bursting Bubbles" provider-name="Team Kodi">
  <requires>
    <import addon="kodi.resource" version="1.0.0"/>
  </requires>
  <extension point="kodi.resource.uisounds"/>
  <extension point="kodi.addon.metadata">
    <summary lang="en">Bursting Bubbles GUI sounds</summary>
    <description lang="en">Bursting Bubbles GUI sounds</description>
    <platform>all</platform>
  </extension>
</addon>
