<?xml version="1.0" encoding="UTF-8"?>
    <addon id="repository.gearheads" name="Gearheads Repo" version="2.0" provider-name="Gearheads team">
        <requires>
            <import addon="xbmc.addon" version="12.0.0"/>
        </requires>
        <extension point="xbmc.addon.repository" name="Gearheads Repo">
		<dir>
            <info compressed="false">http://gearheadsunited.xyz/_Repo/addons.xml</info>
            <checksum>http://gearheadsunited.xyz/_Repo/addons.xml.md5</checksum>
            <datadir zip="true">http://gearheadsunited.xyz/_Repo/</datadir>
            <hashes>false</hashes>
		</dir>
		<dir>
            <info compressed="false">https://raw.githubusercontent.com/teamuniversal/scrapers/master/_modules4all/zips/addons.xml</info>
            <checksum>https://raw.githubusercontent.com/teamuniversal/scrapers/master/_modules4all/zips/addons.xml.md5</checksum>
            <datadir zip="true">https://raw.githubusercontent.com/teamuniversal/scrapers/master/_modules4all/zips/</datadir>
        </dir>
	    <dir>
            <info compressed="false">https://raw.githubusercontent.com/jsergio123/zips/master/addons.xml</info>
            <checksum>https://raw.githubusercontent.com/jsergio123/zips/master/addons.xml.md5</checksum>
            <datadir zip="true">https://raw.githubusercontent.com/jsergio123/zips/master/</datadir>
        </dir>
		<dir>
		    <info compressed="false">https://raw.githubusercontent.com/totalrevolution/python-koding/master/zips/addons.xml</info>	
		    <checksum>https://raw.githubusercontent.com/totalrevolution/python-koding/master/zips/addons.xml.md5</checksum>
		    <datadir zip="true">https://raw.githubusercontent.com/totalrevolution/python-koding/master/zips/</datadir>
	    </dir>
        </extension>
        <extension point="xbmc.addon.metadata">
            <summary>Start you're engines!!!!</summary>
            <description>Start you're engines</description>
            <platform>all</platform>
			<assets>
            <icon>icon.gif</icon>
			<fanart>fanart.jpg</fanart>
			</assets>
    </extension>
</addon>