<?xml version="1.0" encoding="UTF-8" standalone="yes"?>
<addon id="script.module.sseclient"
       name="sseclient"
       version="0.0.24+matrix.1"
       provider-name="Brent Tubbs">
  <requires>
    <import addon="xbmc.python" version="3.0.0"/>
    <import addon="script.module.requests" version="2.22.0+matrix.1"/>
    <import addon="script.module.six" version="1.14.0+matrix.1"/>
  </requires>
  <extension point="xbmc.python.module"
             library="lib" />
  <extension point="xbmc.addon.metadata">
    <summary lang="en_GB">Python client library for reading Server Sent Event streams.</summary>
    <description lang="en_GB">Packed for KODI from https://github.com/btubbs/sseclient</description>
    <platform>all</platform>
    <license>MIT License</license>
    <website>https://github.com/btubbs/sseclient</website>
    <assets>
      <icon>icon.png</icon>
    </assets>
  </extension>
</addon>
