<?xml version="1.0" encoding="UTF-8" standalone="yes"?>
<addon id="script.module.monotonic"
       name="monotonic"
       version="1.5.0+matrix.1"
       provider-name="Ori Livneh">
  <requires>
    <import addon="xbmc.python" version="3.0.0"/>
  </requires>
  <extension point="xbmc.python.module"
             library="lib" />
  <extension point="xbmc.addon.metadata">
    <summary lang="en_GB">An implementation of time.monotonic() for Python 2 &amp; &lt; 3.3</summary>
    <description lang="en_GB">Packed for KODI from https://github.com/atdt/monotonic</description>
    <platform>all</platform>
    <license>Apache2</license>
    <website>https://github.com/btubbs/sseclient</website>
    <assets>
      <icon>icon.png</icon>
    </assets>
  </extension>
</addon>
