<?xml version="1.0" encoding="UTF-8" standalone="yes"?>
<addon id="plugin.program.sourcesimporter"
       name="Sources Importer"
       version="1.0.3"
       provider-name="Patrick Dijkkamp">
    <requires>
        <import addon="xbmc.python" version="2.1.0"/>
    </requires>
    <extension point="xbmc.python.pluginsource" library="default.py">
        <provides>executable</provides>
    </extension>
    <extension point="xbmc.addon.metadata">
        <summary>Importeer bronnen via Pastebin</summary>
        <description>Hiermee importeer je bronnen in videos of files dmv Pastebin.</description>
        <platform>all</platform>
    </extension>
</addon>
