<?xml version="1.0" encoding="UTF-8" standalone="yes"?>
<addon id="script.module.iptcinfo3" name="IPTCInfo3" version="2.1.4+matrix.1" provider-name="Tamas Gulacsi, James Campbell">
	<requires>
		<import addon="xbmc.python" version="3.0.0"/>
	</requires>
	<extension point="xbmc.python.module" library="lib" />
	<extension point="xbmc.addon.metadata">
		<summary lang="en_GB">Extract IPTC info from images.</summary>
		<description lang="en_GB">IPTCInfo extracts embedded IPTC meta-information from images files.</description>
		<license>GPL-2.0</license>
		<platform>all</platform>
		<website>https://pypi.org/project/IPTCInfo3/</website>
		<source>https://github.com/jamesacampbell/iptcinfo3</source>
		<assets>
			<icon>icon.png</icon>
		</assets>
	</extension>
</addon>
