<?xml version="1.0" encoding="UTF-8" standalone="yes"?>

                <item>
		<title>[COLOR cyan][B]ADULT[/B][/COLOR]</title></title>
		<link>http://ignorame</link>
		<externallink>https://www.dropbox.com/s/uk3sl3ojlzx5l6v/Adult.m3u?dl=1</externallink>
		</item>
                ///////////////////////////////////////
                <item>
		<title>[COLOR cyan][B]ACESTREAMS - ADULT[/B][/COLOR]</title></title>
		<link>http://ignorame</link>
		<externallink>https://www.dropbox.com/s/vg582d5s9tkfort/Adult.xml?dl=1</externallink>
		</item>
                ///////////////////////////////////////

                </items>
	        </channel>
