<?xml version="1.0" encoding="UTF-8" standalone="yes"?>

	<channel>
	<items>
    
		<item>
		<title>[COLOR cyan][B]•[/B][/COLOR][COLOR red][B]TV[/B][/COLOR]</title>
		<link>http://ignorame</link>
		<externallink>https://raw.githubusercontent.com/thanh51/repository.thanh51/master/TV.xml</externallink>
		<thumbnail>https://s22.postimg.org/4invqsbnl/image.jpg</thumbnail>
		</item>

		<item>
		<title>[COLOR pink][B]•[/B][/COLOR][COLOR red][B]PHIM[/B][/COLOR]</title>
		<link>http://ignorame</link>
		<externallink>https://raw.githubusercontent.com/thanh51/repository.thanh51/master/Phim.xml</externallink>
		<thumbnail>https://s10.postimg.org/weaqrlns9/phim.jpg</thumbnail>
		</item>

		<item>
		<title>[COLOR yellow][B]•[/B][/COLOR][COLOR red][B]NHẠC[/B][/COLOR]</title>
		<link>http://ignorame</link>
		<externallink>https://raw.githubusercontent.com/thanh51/repository.thanh51/master/Nhac.xml</externallink>
		<thumbnail>https://s14.postimg.org/99lsb5je9/music.png</thumbnail>
		</item>

		<item>
		<title>[COLOR deepskyblue][B]•[/B][/COLOR][COLOR red][B]RADIO TH[/B][/COLOR]</title>
		<link>http://ignorame</link>
		<externallink>https://raw.githubusercontent.com/thanh51/repository.thanh51/master/RadioTH.m3u</externallink>
		<thumbnail>https://s11.postimg.org/thmlpy4zn/radio.png</thumbnail>
		</item>

	</items>
	</channel>
