<item>
<title>[COLOR gold][B] Arenavision 1[/B][/COLOR]</title>
<link>plugin://program.plexus/?url=$doregex[hash]&amp;mode=1&amp;name=Arenavision ACE1</link>
<regex>
<name>hash</name>
<expres>this.loadPlayer\("(.*?)"</expres>
<page>http://www.arenavision.in/01</page>
<referer>http://www.arenavision.in</referer>
<setcookie>beget=begetok</setcookie>
<thumbnail>http://www.sboeasy.com/assets/images/channel_mini_logo/av1.png</thumbnail>
<fanart></fanart>
</regex>
</item>
 
<item>
<title>[COLOR gold][B] Arenavision 2[/B][/COLOR]</title>
<link>plugin://program.plexus/?url=$doregex[hash]&amp;mode=1&amp;name=Arenavision ACE2</link>
<regex>
<name>hash</name>
<expres>this.loadPlayer\("(.*?)"</expres>
<page>http://www.arenavision.in/02</page>
<referer>http://www.arenavision.in</referer>
<setcookie>beget=begetok</setcookie>
<thumbnail>http://www.sboeasy.com/assets/images/channel_mini_logo/av2.png</thumbnail>
<fanart></fanart>
</regex>
</item>
 
<item>
<title>[COLOR gold][B] Arenavision 3 [/B][/COLOR]</title>
<link>plugin://program.plexus/?url=$doregex[hash]&amp;mode=1&amp;name=Arenavision ACE3</link>
<regex>
<name>hash</name>
<expres>this.loadPlayer\("(.*?)"</expres>
<page>http://www.arenavision.in/03</page>
<referer>http://www.arenavision.in</referer>
<setcookie>beget=begetok</setcookie>
<thumbnail>http://www.sboeasy.com/assets/images/channel_mini_logo/av3.png</thumbnail>
<fanart></fanart>
</regex>
</item>
 
<item>
<title>[COLOR gold][B] Arenavision 4[/B][/COLOR]</title>
<link>plugin://program.plexus/?url=$doregex[hash]&amp;mode=1&amp;name=Arenavision ACE4</link>
<regex>
<name>hash</name>
<expres>this.loadPlayer\("(.*?)"</expres>
<page>http://www.arenavision.in/04</page>
<referer>http://www.arenavision.in</referer>
<setcookie>beget=begetok</setcookie>
<thumbnail>http://www.sboeasy.com/assets/images/channel_mini_logo/av4.png</thumbnail>
<fanart></fanart>
</regex>
</item>
 
 <item>
<title>[COLOR gold][B] Arenavision 5[/B][/COLOR]</title>
<link>plugin://program.plexus/?url=$doregex[hash]&amp;mode=1&amp;name=Arenavision ACE5</link>
<regex>
<name>hash</name>
<expres>this.loadPlayer\("(.*?)"</expres>
<page>http://www.arenavision.in/05</page>
<referer>http://www.arenavision.in</referer>
<setcookie>beget=begetok</setcookie>
<thumbnail>http://www.sboeasy.com/assets/images/channel_mini_logo/av5.png</thumbnail>
<fanart></fanart>
</regex>
</item>

<item>
<title>[COLOR gold][B] Arenavision 6[/B][/COLOR]</title>
<link>plugin://program.plexus/?url=$doregex[hash]&amp;mode=1&amp;name=Arenavision ACE6</link>
<regex>
<name>hash</name>
<expres>this.loadPlayer\("(.*?)"</expres>
<page>http://www.arenavision.in/06</page>
<referer>http://www.arenavision.in</referer>
<setcookie>beget=begetok</setcookie>
<thumbnail>http://www.sboeasy.com/assets/images/channel_mini_logo/av6.png</thumbnail>
<fanart></fanart>
</regex>
</item>
 
<item>
<title>[COLOR gold][B] Arenavision 7[/B][/COLOR]</title>
<link>plugin://program.plexus/?url=$doregex[hash]&amp;mode=1&amp;name=Arenavision ACE7</link>
<regex>
<name>hash</name>
<expres>this.loadPlayer\("(.*?)"</expres>
<page>http://www.arenavision.in/07</page>
<referer>http://www.arenavision.in</referer>
<setcookie>beget=begetok</setcookie>
<thumbnail>http://www.sboeasy.com/assets/images/channel_mini_logo/av7.png</thumbnail>
<fanart></fanart>
</regex>
</item>
 
<item>
<title>[COLOR gold][B] Arenavision 8[/B][/COLOR]</title>
<link>plugin://program.plexus/?url=$doregex[hash]&amp;mode=1&amp;name=Arenavision ACE8</link>
<regex>
<name>hash</name>
<expres>this.loadPlayer\("(.*?)"</expres>
<page>http://www.arenavision.in/08</page>
<referer>http://www.arenavision.in</referer>
<setcookie>beget=begetok</setcookie>
<thumbnail>http://www.sboeasy.com/assets/images/channel_mini_logo/av8.png</thumbnail>
<fanart></fanart>
</regex>
</item>
 
<item>
<title>[COLOR gold][B] Arenavision 9[/B][/COLOR]</title>
<link>plugin://program.plexus/?url=$doregex[hash]&amp;mode=1&amp;name=Arenavision ACE9</link>
<regex>
<name>hash</name>
<expres>this.loadPlayer\("(.*?)"</expres>
<page>http://www.arenavision.in/09</page>
<referer>http://www.arenavision.in</referer>
<setcookie>beget=begetok</setcookie>

<thumbnail>http://www.sboeasy.com/assets/images/channel_mini_logo/av9.png</thumbnail>
<fanart></fanart>
</regex>
</item>  
                       
<item>
<title>[COLOR gold][B] Arenavision 10 [/B][/COLOR]</title>
<link>plugin://program.plexus/?url=$doregex[hash]&amp;mode=1&amp;name=Arenavision ACE10</link>
<regex>
<name>hash</name>
<expres>this.loadPlayer\("(.*?)"</expres>
<page>http://www.arenavision.in/10</page>
<referer>http://www.arenavision.in</referer>
<setcookie>beget=begetok</setcookie>

<thumbnail>http://www.sboeasy.com/assets/images/channel_mini_logo/av10.png</thumbnail>
<fanart></fanart>
</regex>
</item>

<item>
<title>[COLOR gold][B] Arenavision 11 [/B][/COLOR]</title>
<link>plugin://program.plexus/?url=$doregex[hash]&amp;mode=1&amp;name=Arenavision ACE11</link>
<regex>
<name>hash</name>
<expres>this.loadPlayer\("(.*?)"</expres>
<page>http://www.arenavision.in/11</page>
<referer>http://www.arenavision.in</referer>
<setcookie>beget=begetok</setcookie>

<thumbnail>http://www.sboeasy.com/assets/images/channel_mini_logo/av11.png</thumbnail>
<fanart></fanart>
</regex>
</item>

<item>
<title>[COLOR gold][B] Arenavision 12 [/B][/COLOR]</title>
<link>plugin://program.plexus/?url=$doregex[hash]&amp;mode=1&amp;name=Arenavision ACE12</link>
<regex>
<name>hash</name>
<expres>this.loadPlayer\("(.*?)"</expres>
<page>http://www.arenavision.in/12</page>
<referer>http://www.arenavision.in</referer>
<setcookie>beget=begetok</setcookie>

<thumbnail>http://www.sboeasy.com/assets/images/channel_mini_logo/av12.png</thumbnail>
<fanart></fanart>
</regex>
</item>

<item>
<title>[COLOR gold][B] Arenavision 13 [/B][/COLOR]</title>
<link>plugin://program.plexus/?url=$doregex[hash]&amp;mode=1&amp;name=Arenavision ACE13</link>
<regex>
<name>hash</name>
<expres>this.loadPlayer\("(.*?)"</expres>
<page>http://www.arenavision.in/13</page>
<referer>http://www.arenavision.in</referer>
<setcookie>beget=begetok</setcookie>

<thumbnail>http://www.sboeasy.com/assets/images/channel_mini_logo/av13.png</thumbnail>
<fanart></fanart>
</regex>
</item>
 
<item>
<title>[COLOR gold][B] Arenavision 14 [/B][/COLOR]</title>
<link>plugin://program.plexus/?url=$doregex[hash]&amp;mode=1&amp;name=Arenavision ACE14</link>
<regex>
<name>hash</name>
<expres>this.loadPlayer\("(.*?)"</expres>
<page>http://www.arenavision.in/14</page>
<referer>http://www.arenavision.in</referer>
<setcookie>beget=begetok</setcookie>

<thumbnail>http://www.sboeasy.com/assets/images/channel_mini_logo/av14.png</thumbnail>
<fanart></fanart>
</regex>
</item>

<item>
<title>[COLOR gold][B] Arenavision 15 [/B][/COLOR]</title>
<link>plugin://program.plexus/?url=$doregex[hash]&amp;mode=1&amp;name=Arenavision ACE15</link>
<regex>
<name>hash</name>
<expres>this.loadPlayer\("(.*?)"</expres>
<page>http://www.arenavision.in/15</page>
<referer>http://www.arenavision.in</referer>
<setcookie>beget=begetok</setcookie>

<thumbnail>http://www.sboeasy.com/assets/images/channel_mini_logo/av15.png</thumbnail>
<fanart></fanart>
</regex>
</item>
 
<item>
<title>[COLOR gold][B] Arenavision 16 [/B][/COLOR]</title>
<link>plugin://program.plexus/?url=$doregex[hash]&amp;mode=1&amp;name=Arenavision ACE16</link>
<regex>
<name>hash</name>
<expres>this.loadPlayer\("(.*?)"</expres>
<page>http://www.arenavision.in/16</page>
<referer>http://www.arenavision.in</referer>
<setcookie>beget=begetok</setcookie>

<thumbnail>http://www.sboeasy.com/assets/images/channel_mini_logo/av16.png</thumbnail>
<fanart></fanart>
</regex>
</item>
 
<item>
<title>[COLOR gold][B] Arenavision 17 [/B][/COLOR]</title>
<link>plugin://program.plexus/?url=$doregex[hash]&amp;mode=1&amp;name=Arenavision ACE17</link>
<regex>
<name>hash</name>
<expres>this.loadPlayer\("(.*?)"</expres>
<page>http://www.arenavision.in/17</page>
<referer>http://www.arenavision.in</referer>
<setcookie>beget=begetok</setcookie>

<thumbnail>http://www.sboeasy.com/assets/images/channel_mini_logo/av17.png</thumbnail>
<fanart></fanart>
</regex>
</item>
 
<item>
<title>[COLOR gold][B] Arenavision 18 [/B][/COLOR]</title>
<link>plugin://program.plexus/?url=$doregex[hash]&amp;mode=1&amp;name=Arenavision ACE18</link>
<regex>
<name>hash</name>
<expres>this.loadPlayer\("(.*?)"</expres>
<page>http://www.arenavision.in/18</page>
<referer>http://www.arenavision.in</referer>
<setcookie>beget=begetok</setcookie>

<thumbnail>http://www.sboeasy.com/assets/images/channel_mini_logo/av18.png</thumbnail>
<fanart></fanart>
</regex>
</item>
                                                                                                                                            
<item>
<title>[COLOR gold][B] Arenavision 19 [/B][/COLOR]</title>
<link>plugin://program.plexus/?url=$doregex[hash]&amp;mode=1&amp;name=Arenavision ACE19</link>
<regex>
<name>hash</name>
<expres>this.loadPlayer\("(.*?)"</expres>
<page>http://www.arenavision.in/10</page>
<referer>http://www.arenavision.in</referer>
<setcookie>beget=begetok</setcookie>

<thumbnail>http://www.sboeasy.com/assets/images/channel_mini_logo/av19.png</thumbnail>
<fanart></fanart>
</regex>
</item>
 
<item>
<title>[COLOR gold][B] Arenavision 20 [/B][/COLOR]</title>
<link>plugin://program.plexus/?url=$doregex[hash]&amp;mode=1&amp;name=Arenavision ACE20</link>
<regex>
<name>hash</name>
<expres>this.loadPlayer\("(.*?)"</expres>
<page>http://www.arenavision.in/20</page>
<referer>http://www.arenavision.in</referer>
<setcookie>beget=begetok</setcookie>

<thumbnail>http://www.sboeasy.com/assets/images/channel_mini_logo/av20.png</thumbnail>
<fanart></fanart>
</regex>
</item>

<item>
<title>[COLOR gold][B] Arenavision 21 [/B][/COLOR]</title>
<link>plugin://program.plexus/?url=$doregex[hash]&amp;mode=1&amp;name=Arenavision ACE21</link>
<regex>
<name>hash</name>
<expres>this.loadPlayer\("(.*?)"</expres>
<page>http://www.arenavision.in/21</page>
<referer>http://www.arenavision.in</referer>
<setcookie>beget=begetok</setcookie>

<thumbnail>http://www.sboeasy.com/assets/images/channel_mini_logo/av21.png</thumbnail>
<fanart></fanart>
</regex>
</item>
 
<item>
<title>[COLOR gold][B] Arenavision 22 [/B][/COLOR]</title>
<link>plugin://program.plexus/?url=$doregex[hash]&amp;mode=1&amp;name=Arenavision ACE22</link>
<regex>
<name>hash</name>
<expres>this.loadPlayer\("(.*?)"</expres>
<page>http://www.arenavision.in/22</page>
<referer>http://www.arenavision.in</referer>
<setcookie>beget=begetok</setcookie>

<thumbnail>http://www.sboeasy.com/assets/images/channel_mini_logo/av22.png</thumbnail>
<fanart></fanart>
</regex>
</item>
 

<item>
<title>[COLOR gold][B] Arenavision 23 [/B][/COLOR]</title>
<link>plugin://program.plexus/?url=$doregex[hash]&amp;mode=1&amp;name=Arenavision ACE23</link>
<regex>
<name>hash</name>
<expres>this.loadPlayer\("(.*?)"</expres>
<page>http://www.arenavision.in/23</page>
<referer>http://www.arenavision.in</referer>
<setcookie>beget=begetok</setcookie>
<thumbnail>http://www.sboeasy.com/assets/images/channel_mini_logo/av23.png</thumbnail>
<fanart></fanart>
</regex>
</item>
  
<item>
<title>[COLOR gold][B] Arenavision 24  [/B][/COLOR]</title>
<link>plugin://program.plexus/?url=$doregex[hash]&amp;mode=1&amp;name=Arenavision ACE24</link>
<regex>
<name>hash</name>
<expres>this.loadPlayer\("(.*?)"</expres>
<page>http://www.arenavision.in/24</page>
<referer>http://www.arenavision.in</referer>
<setcookie>beget=begetok</setcookie>
<thumbnail>http://www.sboeasy.com/assets/images/channel_mini_logo/av24.png</thumbnail>
<fanart></fanart>
</regex>
</item>
 
<item>
<title>[COLOR gold][B] Arenavision 25 [/B][/COLOR]</title>
<link>plugin://program.plexus/?url=$doregex[hash]&amp;mode=1&amp;name=Arenavision ACE25</link>
<regex>
<name>hash</name>
<expres>this.loadPlayer\("(.*?)"</expres>
<page>http://www.arenavision.in/25</page>
<referer>http://www.arenavision.in</referer>
<setcookie>beget=begetok</setcookie>
<thumbnail>http://www.sboeasy.com/assets/images/channel_mini_logo/av25.png</thumbnail>
<fanart></fanart>
</regex>
</item>
 
<item>
<title>[COLOR gold][B] Arenavision 26  [/B][/COLOR]</title>
<link>plugin://program.plexus/?url=$doregex[hash]&amp;mode=1&amp;name=Arenavision ACE26</link>
<regex>
<name>hash</name>
<expres>this.loadPlayer\("(.*?)"</expres>
<page>http://www.arenavision.in/26</page>
<referer>http://www.arenavision.in</referer>
<setcookie>beget=begetok</setcookie>
<thumbnail>http://www.sboeasy.com/assets/images/channel_mini_logo/av26.png</thumbnail>
<fanart></fanart>
</regex>
</item>
 
<item>
<title>[COLOR gold][B] Arenavision 27 [/B][/COLOR]</title>
<link>plugin://program.plexus/?url=$doregex[hash]&amp;mode=1&amp;name=Arenavision ACE27</link>
<regex>
<name>hash</name>
<expres>this.loadPlayer\("(.*?)"</expres>
<page>http://www.arenavision.in/27</page>
<referer>http://www.arenavision.in</referer>
<setcookie>beget=begetok</setcookie>
<thumbnail>http://www.sboeasy.com/assets/images/channel_mini_logo/av27.png</thumbnail>
<fanart></fanart>
</regex>
</item>
 
<item>
<title>[COLOR gold][B] Arenavision 28 [/B][/COLOR]</title>
<link>plugin://program.plexus/?url=$doregex[hash]&amp;mode=1&amp;name=Arenavision ACE28</link>
<regex>
<name>hash</name>
<expres>this.loadPlayer\("(.*?)"</expres>
<page>http://www.arenavision.in/28</page>
<referer>http://www.arenavision.in</referer>
<setcookie>beget=begetok</setcookie>
<thumbnail>http://www.sboeasy.com/assets/images/channel_mini_logo/av28.png</thumbnail>
<fanart></fanart>
</regex>
</item>
 
<item>
<title>[COLOR gold][B] Arenavision 29 [/B][/COLOR]</title>
<link>plugin://program.plexus/?url=$doregex[hash]&amp;mode=1&amp;name=Arenavision ACE29</link>
<regex>
<name>hash</name>
<expres>this.loadPlayer\("(.*?)"</expres>
<page>http://www.arenavision.in/29</page>
<referer>http://www.arenavision.in</referer>
<setcookie>beget=begetok</setcookie>
<thumbnail>http://www.sboeasy.com/assets/images/channel_mini_logo/av29.png</thumbnail>
<fanart></fanart>
</regex>
</item>
 
<item>
<title>[COLOR gold][B] Arenavision 30 [/B][/COLOR]</title>
<link>plugin://program.plexus/?url=$doregex[hash]&amp;mode=1&amp;name=Arenavision ACE30</link>
<regex>
<name>hash</name>
<expres>this.loadPlayer\("(.*?)"</expres>
<page>http://www.arenavision.in/30</page>
<referer>http://www.arenavision.in</referer>
<setcookie>beget=begetok</setcookie>
<thumbnail>http://www.sboeasy.com/assets/images/channel_mini_logo/av30.png</thumbnail>
<fanart></fanart>
</regex>
</item>
 
<item>
<title>[COLOR gold][B] Arenavision 31 [/B][/COLOR]</title>
<link>plugin://program.plexus/?url=$doregex[hash]&amp;mode=1&amp;name=Arenavision ACE31</link>
<regex>
<name>hash</name>
<expres>this.loadPlayer\("(.*?)"</expres>
<page>http://www.arenavision.in/31</page>
<referer>http://www.arenavision.in</referer>
<setcookie>beget=begetok</setcookie>
<thumbnail>http://www.sboeasy.com/assets/images/channel_mini_logo/av31.png</thumbnail>
<fanart></fanart>
</regex>
</item>
 
<item>
<title>[COLOR gold][B] Arenavision 32 [/B][/COLOR]</title>
<link>plugin://program.plexus/?url=$doregex[hash]&amp;mode=1&amp;name=Arenavision ACE32</link>
<regex>
<name>hash</name>
<expres>this.loadPlayer\("(.*?)"</expres>
<page>http://www.arenavision.in/32</page>
<referer>http://www.arenavision.in</referer>
<setcookie>beget=begetok</setcookie>
<thumbnail>http://www.sboeasy.com/assets/images/channel_mini_logo/av32.png</thumbnail>
<fanart></fanart>
</regex>
</item>
 
<item>
<title>[COLOR gold][B] Arenavision 33 [/B][/COLOR]</title>
<link>plugin://program.plexus/?url=$doregex[hash]&amp;mode=1&amp;name=Arenavision ACE33</link>
<regex>
<name>hash</name>
<expres>this.loadPlayer\("(.*?)"</expres>
<page>http://www.arenavision.in/33</page>
<referer>http://www.arenavision.in</referer>
<setcookie>beget=begetok</setcookie>
<thumbnail>http://www.sboeasy.com/assets/images/channel_mini_logo/av33.png</thumbnail>
<fanart></fanart>
</regex>
</item>
 
<item>
<title>[COLOR gold][B] Arenavision 34 [/B][/COLOR]</title>
<link>plugin://program.plexus/?url=$doregex[hash]&amp;mode=1&amp;name=Arenavision ACE34</link>
<regex>
<name>hash</name>
<expres>this.loadPlayer\("(.*?)"</expres>
<page>http://www.arenavision.in/34</page>
<referer>http://www.arenavision.in</referer>
<setcookie>beget=begetok</setcookie>
<thumbnail>http://www.sboeasy.com/assets/images/channel_mini_logo/av34.png</thumbnail>
<fanart></fanart>
</regex>
</item>
 
<item>
<title>[COLOR gold][B] Arenavision 35 [/B][/COLOR]</title>
<link>plugin://program.plexus/?url=$doregex[hash]&amp;mode=1&amp;name=Arenavision ACE35</link>
<regex>
<name>hash</name>
<expres>this.loadPlayer\("(.*?)"</expres>
<page>http://www.arenavision.in/35</page>
<referer>http://www.arenavision.in</referer>
<setcookie>beget=begetok</setcookie>
<thumbnail>http://www.sboeasy.com/assets/images/channel_mini_logo/av35.png</thumbnail>
<fanart></fanart>
</regex>
</item>
 


