<item>
<title>PHIM 1 (phụ đề tiếng Việt)</title>
<link>$doregex[m3u8]</link>
<regex>
<name>m3u8</name>
<expres>iosUrl.+?"(.*?m3u8)"</expres>
<page>http://talktv.vn/thegioionline</page>
<cookieJar></cookieJar>
</regex>
</item>
/////////////////////////////
<item>
<title>PHIM 2 (phụ đề tiếng Việt)</title>
<link>$doregex[m3u8]</link>
<regex>
<name>m3u8</name>
<expres>iosUrl.+?"(.*?m3u8)"</expres>
<page>http://talktv.vn/meowdoraemon</page>
<cookieJar></cookieJar>
</regex>
</item>
/////////////////////////////
<item>
<title>PHIM 3 (phụ đề tiếng Việt)</title>
<link>$doregex[m3u8]</link>
<regex>
<name>m3u8</name>
<expres>iosUrl.+?"(.*?m3u8)"</expres>
<page>http://talktv.vn/hdtvv</page>
<cookieJar></cookieJar>
</regex>
</item>
//////////////////////////////
<item>
<title>TRUNG TÂM THÚY NGA</title>
<link>ignorme</link>
<jsonrpc>Plugin://plugin.video.youtube/channel/UC7nMrW3baKp0dA5Tz9ulVYQ/?page=0</jsonrpc>
<thumbnail>https://yt3.ggpht.com/-30oeXj-Rzyg/AAAAAAAAAAI/AAAAAAAAAAA/0QaxnaPtWyM/s900-c-k-no-mo-rj-c0xffffff/photo.jpg</thumbnail>
<fanart>https://yt3.ggpht.com/-30oeXj-Rzyg/AAAAAAAAAAI/AAAAAAAAAAA/0QaxnaPtWyM/s900-c-k-no-mo-rj-c0xffffff/photo.jpg</fanart>
</item>

<item>
<title>TRUNG TÂM ASIA</title>
<link>ignorme</link>
<jsonrpc>Plugin://plugin.video.youtube/user/TrungTamAsiaChannel/?page=0</jsonrpc>
<thumbnail>https://yt3.ggpht.com/-Kyi1-RpibLM/AAAAAAAAAAI/AAAAAAAAAAA/xfBnfdeHdQA/s900-c-k-no-mo-rj-c0xffffff/photo.jpg</thumbnail>
<fanart>https://yt3.ggpht.com/-Kyi1-RpibLM/AAAAAAAAAAI/AAAAAAAAAAA/xfBnfdeHdQA/s900-c-k-no-mo-rj-c0xffffff/photo.jpg</fanart>
</item>
<item>
<title>Giọng Ca Để Đời</title>
<link>ignorme</link>
<jsonrpc>Plugin://plugin.video.youtube/channel/UCwZ2ZaFfTusqV_MGMHUnEsg/?page=0</jsonrpc>
<thumbnail>https://yt3.ggpht.com/-ZalDHZrw6Fs/AAAAAAAAAAI/AAAAAAAAAAA/1_UbeimvGqg/s900-c-k-no-mo-rj-c0xffffff/photo.jpg</thumbnail>
<fanart>https://yt3.ggpht.com/-ZalDHZrw6Fs/AAAAAAAAAAI/AAAAAAAAAAA/1_UbeimvGqg/s900-c-k-no-mo-rj-c0xffffff/photo.jpg</fanart>
</item>
<item>
<title>7 Giờ Trữ Tình</title>
<link>ignorme</link>
<jsonrpc>Plugin://plugin.video.youtube/channel/UC-TZQspRaYcMdvCI9tXi1sw/?page=0</jsonrpc>
<thumbnail>https://yt3.ggpht.com/-_EB82UWJLmY/AAAAAAAAAAI/AAAAAAAAAAA/9tOkPyxkaKM/s900-c-k-no-mo-rj-c0xffffff/photo.jpg</thumbnail>
<fanart>https://yt3.ggpht.com/-_EB82UWJLmY/AAAAAAAAAAI/AAAAAAAAAAA/9tOkPyxkaKM/s900-c-k-no-mo-rj-c0xffffff/photo.jpg</fanart>
</item>

<item>
<title>NHẠC VÀNG TRỮ TÌNH</title>
<link>ignorme</link>
<jsonrpc>Plugin://plugin.video.youtube/channel/UCA1D9ewXaWAT4pO0vxsMhOA/?page=0</jsonrpc>
<thumbnail>https://yt3.ggpht.com/-BVEfIISL6Cs/AAAAAAAAAAI/AAAAAAAAAAA/S_7czHSSG1Y/s900-c-k-no-mo-rj-c0xffffff/photo.jpg</thumbnail>
<fanart>https://yt3.ggpht.com/-BVEfIISL6Cs/AAAAAAAAAAI/AAAAAAAAAAA/S_7czHSSG1Y/s900-c-k-no-mo-rj-c0xffffff/photo.jpg</fanart>
</item>
<item>
<title>NHẠC BOLERO</title>
<link>ignorme</link>
<jsonrpc>Plugin://plugin.video.youtube/user/PHONGTHUVOHOANG/?page=0</jsonrpc>
<thumbnail>https://yt3.ggpht.com/-LeHINzm1U3I/AAAAAAAAAAI/AAAAAAAAAAA/Owl2BWIdHws/s900-c-k-no-mo-rj-c0xffffff/photo.jpg</thumbnail>
<fanart>https://yt3.ggpht.com/-LeHINzm1U3I/AAAAAAAAAAI/AAAAAAAAAAA/Owl2BWIdHws/s900-c-k-no-mo-rj-c0xffffff/photo.jpg</fanart>
</item>

<item>
<title>MyTube (Nhập từ khóa để xem video trên YouTube)</title>
<premium>True</premium>
<link>ignorme</link>
<jsonrpc>plugin://plugin.video.youtube/kodion/search/input/</jsonrpc>
<thumbnail>http://xbmc.itvplus.net/LOGO/MENU-SEARCH/TIM-TUBE2017.png</thumbnail>
</item>

