<item>
<title>[COLOR cyan]SPORTS DEVIL LIVE TV[/COLOR]</title>
<link>ignorme</link>
<jsonrpc>plugin://plugin.video.SportsDevil/?item=url=customs.cfg&amp;mode=1</jsonrpc>
<thumbnail>http://i.imgur.com/GAbvzTU.png</thumbnail>
<fanart>http://i.imgur.com/GAbvzTU.png</fanart>
<info>AMERIKANOTUGA - Os Links são adquiridos através de uma busca livre pela Internet</info>
</item>
//////////////

<items>
<item>
<title>[COLOR cyan]ROJA IPTV M3U[/COLOR]</title>
<link>$doregex[makelist2]</link>
<thumbnail>http://i.imgur.com/GAbvzTU.png</thumbnail>
<fanart>http://i.imgur.com/GAbvzTU.png</fanart>
<regex>
<name>makelist2</name>
<listrepeat><![CDATA[
 <title>[COLOR red][B]AMERIKANO[/B][/COLOR][COLOR green][B]TUGA[/B][/COLOR] [makelist2.param1]</title>
 <link>$doregex[makelist]</link>
<thumbnail>http://i.imgur.com/GAbvzTU.png</thumbnail>
<fanart>http://i.imgur.com/GAbvzTU.png</fanart>
 <fanart></fanart>
 ]]></listrepeat>
<expres>Server:"(.*?)" URL="(.*?)"; regex"(.*?)"</expres>
<page>https://dl.dropbox.com/s/8gd67jk61jxi0d2/servers.txt</page>
<agent>Kodi/15.2 (Windows NT 6.1) App_Bitness/32 Version/15.2-Git:20151019-02e7013</agent>
</regex>
<regex>
<name>makelist</name>
<listrepeat><![CDATA[
 <title>[COLOR red][B]AMERIKANO[/B][/COLOR][COLOR green][B]TUGA[/B][/COLOR] [makelist.param1]</title>
 <link>plugin://plugin.video.f4mTester/?url=[makelist.param2]&amp;streamtype=TSDOWNLOADER&amp;maxbitrate=0&amp;proxy=None&amp;name=[COLOR goldenrod]Jdr63[/COLOR] [makelist.param1]</link>
 <thumbnail>http://i.imgur.com/GAbvzTU.png</thumbnail>
<fanart>http://i.imgur.com/GAbvzTU.png</fanart>
 ]]></listrepeat>
<expres>#EXTINF:-1,[makelist2.param3](.*?)\n(.*)</expres>
<page>[makelist2.param2]</page>
<agent>Kodi/15.2 (Windows NT 6.1) App_Bitness/32 Version/15.2-Git:20151019-02e7013</agent>
</regex>
<thumbnail>http://i.imgur.com/GAbvzTU.png</thumbnail>
<fanart>http://i.imgur.com/GAbvzTU.png</fanart>
</item>
/////////////////////////
	
<item>
<title>[COLOR cyan]EDOCTOR[/COLOR]</title>
<link>rs</link>
<thumbnail>http://i.imgur.com/GAbvzTU.png</thumbnail>
<externallink>https://raw.githubusercontent.com/hadjistyllis/myapp/master/TV%20category.m3u</externallink>
<fanart>http://i.imgur.com/GAbvzTU.png</fanart>
<info>AMERIKANOTUGA - Os Links são adquiridos através de uma busca livre pela Internet</info>
</item>
///////////////////
<item>
<title>[COLOR cyan]FLUXUS TV[/COLOR]</title>
<link>rs</link>
<thumbnail>http://i.imgur.com/GAbvzTU.png</thumbnail>
<externallink>https://raw.githubusercontent.com/fluxustv/IPTV/master/list.m3u</externallink>
<fanart>http://i.imgur.com/GAbvzTU.png</fanart>
<info>AMERIKANOTUGA - Os Links são adquiridos através de uma busca livre pela Internet</info>
</item>

////////////////////////

<item>
 <title>[COLOR cyan]IPTV EMBED[/COLOR]</title>
<link>$doregex[makelist]</link>
<regex>
<name>makelist</name>
<listrepeat><![CDATA[
     <title>[COLOR red][B]AMERIKANO[/B][/COLOR][COLOR green][B]TUGA[/B][/COLOR] ( [makelist.param1] )  </title>
    <link>NA</link>
	<thumbnail>http://i.imgur.com/GAbvzTU.png</thumbnail>
<fanart>http://i.imgur.com/GAbvzTU.png</fanart>
    <externallink>[makelist.param1][DE]$$TSDOWNLOADER$$</externallink>
]]></listrepeat>
<expres>>(http:\/\/(.*?)\/.*?get.php.*?)&lt;</expres>
<page>http://www.iptvembed.net/liveiptv/</page>
<referer></referer>
<cookieJar></cookieJar>
</regex>
<thumbnail>http://i.imgur.com/GAbvzTU.png</thumbnail>
<fanart>http://i.imgur.com/GAbvzTU.png</fanart>
<info>AMERIKANOTUGA - Os Links são adquiridos através de uma busca livre pela Internet</info>
</item>
///////////////////////////

<item>
<title>[COLOR cyan]DAILY IPTV M3U 2[/COLOR]</title>
<thumbnail>http://i.imgur.com/GAbvzTU.png</thumbnail>
<fanart>http://i.imgur.com/GAbvzTU.png</fanart>
<link>$doregex[makelist]</link>
<regex>
<name>makelist</name>
<listrepeat><![CDATA[
<title>[COLOR cyan]Server:[/COLOR] [makelist.param2]</title>
<thumbnail>http://i.imgur.com/GAbvzTU.png</thumbnail>
<fanart>http://i.imgur.com/GAbvzTU.png</fanart>
<link>$doregex[makelist2]</link>
]]></listrepeat>
<expres>(http://(.*)/.*)</expres>
<page>http://pastebin.com/raw/5tBNEXZ1</page>
<agent>Kodi/15.2 (Windows NT 6.1) App_Bitness/32 Version/15.2-Git:20151019-02e7013</agent>
</regex>
 
<regex>
<name>makelist2</name>
<listrepeat><![CDATA[
    <title>[COLOR red][B]AMERIKANO[/B][/COLOR][COLOR green][B]TUGA[/B][/COLOR]  [makelist2.param1]</title>
	<thumbnail>http://i.imgur.com/GAbvzTU.png</thumbnail>
<fanart>http://i.imgur.com/GAbvzTU.png</fanart>
    <link>plugin://plugin.video.f4mTester/?url=[makelist2.param2]&amp;streamtype=TSDOWNLOADER&amp;maxbitrate=0&amp;proxy=None&amp;name=[COLOR royalblue][makelist2.param1][/COLOR]</title></link>
    <thumbnail></thumbnail>
        <fanart></fanart>
]]></listrepeat>
<expres>#EXTINF:-1,(.*?)\n(.*)</expres>
<page>[makelist.param1]</page>
<agent>Kodi/15.2 (Windows NT 6.1) App_Bitness/32 Version/15.2-Git:20151019-02e7013</agent>
</regex>
<thumbnail>http://i.imgur.com/GAbvzTU.png</thumbnail>
<fanart>http://i.imgur.com/GAbvzTU.png</fanart>
</item>
//////////////////////////

<item>
<title>[COLOR cyan]M3U LIST[/COLOR]</title>
<link>$doregex[makelist2]</link>
<fanart>http://i.imgur.com/GAbvzTU.png</fanart>


<regex>
<name>makelist2</name>
<listrepeat><![CDATA[
 <title>[COLOR red][B]AMERIKANO[/B][/COLOR][COLOR green][B]TUGA[/B][/COLOR] [makelist2.param1]</title>
 <link>$doregex[makelist]</link>
<thumbnail>http://i.imgur.com/GAbvzTU.png</thumbnail>
<fanart>http://i.imgur.com/GAbvzTU.png</fanart>
 ]]></listrepeat>
<expres>Server:"(.*?)" URL="(.*?)"; regex"(.*?)"</expres>
<page>https://dl.dropbox.com/s/8gd67jk61jxi0d2/servers.txt</page>
<agent>Kodi/15.2 (Windows NT 6.1) App_Bitness/32 Version/15.2-Git:20151019-02e7013</agent>
</regex>
<regex>
<name>makelist</name>
<listrepeat><![CDATA[
 <title>[COLOR red][B]AMERIKANO[/B][/COLOR][COLOR green][B]TUGA[/B][/COLOR] [COLOR darkcyan][makelist.param1][/COLOR]</title>
 <link>plugin://plugin.video.f4mTester/?url=[makelist.param2]&amp;streamtype=TSDOWNLOADER&amp;maxbitrate=0&amp;proxy=None&amp;name=[COLOR blue]RS[/COLOR]IPTV[makelist.param1]</link>
<thumbnail>http://i.imgur.com/GAbvzTU.png</thumbnail>
<fanart>http://i.imgur.com/GAbvzTU.png</fanart>
 ]]></listrepeat>
<expres>#EXTINF:-1,[makelist2.param3](.*?)\n(.*)</expres>
<page>[makelist2.param2]</page>
<agent>Kodi/15.2 (Windows NT 6.1) App_Bitness/32 Version/15.2-Git:20151019-02e7013</agent>
</regex>
<thumbnail>http://i.imgur.com/GAbvzTU.png</thumbnail>
<fanart>http://i.imgur.com/GAbvzTU.png</fanart>
<info>AMERIKANOTUGA - Os Links são adquiridos através de uma busca livre pela Internet</info>
</item>


item>
<title>US STREAM MIX TESTE</title>
<link>$doregex[makelist]</link>
<regex>
<name>makelist</name>
<listrepeat><![CDATA[
   <title>[COLOR red][B]AMERIKANO[/B][/COLOR][COLOR green][B]TUGA[/B][/COLOR] [COLOR white][makelist.param2][/COLOR] [COLOR dodgerblue]([makelist.param3])[/COLOR]</title>
   <thumbnail>http://i.imgur.com/GAbvzTU.png</thumbnail>
<fanart>http://i.imgur.com/GAbvzTU.png</fanart>
   <link>$doregex[getUrl]|User-Agent=iPad</link>
]]></listrepeat>
<expres><![CDATA[(?s)<p><a href="(.*?)".*?blank">(.*?)\s*<.*?live">(.*?)<]]></expres>
<page>http://v2.ustreamix.com/</page>
<agent>Mozilla/5.0 (X11; Linux i686; rv:44.0) Gecko/20100101 Firefox/44.0 Iceweasel/44.0</agent>
<cookieJar></cookieJar>
</regex>
<regex>
<name>getUrl</name>
<expres><![CDATA[#$pyFunction
import re, requests
def GetLSProData(page_data,Cookie_Jar,m,):
  first_ip = re.findall("x_first_ip.+?'(.*?)'", page_data)[0]
  first_c = re.findall("x_first_c.+?'(.*?)'", page_data)[0]
  ket2 = re.findall("ket2.+?'(.*?)'", page_data)[0]
  first_ua = re.findall("x_first_ua.+?'(.*?)'", page_data)[0]
  preurl = 'http://tmg.ustreamix.com/'   # here is the server url which changed most of time
  url = preurl + 'stats.php?p=' + first_ip + '&C=' + first_c + '&Ket=' + ket2
  source = requests.get(url, headers = {'Referer': 'http://www.newtvworld.com/livetv/india/DiscoveryChannel.html/[makelist.param1]', 'User-Agent': first_ua, 'Accept': '*/*'}).text
  tok = re.findall('var jdtk="(.*?)"', source)[0]
  return preurl + 'tmg.m3u8?' + '[makelist.param1]' + '&token=' + tok
]]></expres>
<page>http://v2.ustreamix.com/[makelist.param1]</page>
<agent>Mozilla/5.0 (X11; Linux i686; rv:44.0) Gecko/20100101 Firefox/44.0 Iceweasel/44.0</agent>
<cookieJar></cookieJar>
</regex>
<info>AMERIKANOTUGA - Os Links são adquiridos através de uma busca livre pela Internet</info>
</item>




 
 <item>
<title>[COLOR cyan]DiarLima IPTV BRASIL[/COLOR] </title>
<link>rs</link>
<thumbnail>http://i.imgur.com/GAbvzTU.png</thumbnail>
<externallink>http://secretv.j2mf4.com/RSIPTV/World/brasil.html</externallink>
<fanart>http://i.imgur.com/GAbvzTU.png</fanart>
<info>AMERIKANOTUGA - Os Links são adquiridos através de uma busca livre pela Internet</info>
</item>

///////////////////

<item>
<title>[COLOR cyan]WORLD DAILY SERVERS IPTV[/COLOR]</title>title>
<thumbnail>http://i.imgur.com/GAbvzTU.png</thumbnail>
<fanart>http://i.imgur.com/GAbvzTU.png</fanart>
<link>$doregex[makelist]</link>
<regex>
<name>makelist</name>
<listrepeat><![CDATA[
    <title>[COLOR red][B]AMERIKANO[/B][/COLOR][COLOR green][B]TUGA[/B][/COLOR] [COLOR white][makelist.param2][/COLOR] ( [makelist.param1] ) </title>
	<thumbnail>http://i.imgur.com/GAbvzTU.png</thumbnail>
<fanart>http://i.imgur.com/GAbvzTU.png</fanart>
<link>NA</link>
<externallink>[makelist.param1][DE]$$TSDOWNLOADER$$</externallink>
]]></listrepeat>
<expres>>(http:\/\/(.*?)\/.*?get.php.*?)&lt;</expres>
<page>http://www.m3uliste.pw/</page>
<referer></referer>
<cookieJar></cookieJar>
</regex>
<info>AMERIKANOTUGA - Os Links são adquiridos através de uma busca livre pela Internet</info>
</item>
///////////////////////////

<item>
<title>[COLOR cyan]SERVER ORBIT[/COLOR]</title>
<thumbnail>http://i.imgur.com/GAbvzTU.png</thumbnail>
<fanart>http://i.imgur.com/GAbvzTU.png</fanart>
<link>$doregex[makelist]</link>
<regex>
<name>makelist</name>
<listrepeat><![CDATA[
     <title>[COLOR red][B]AMERIKANO[/B][/COLOR][COLOR green][B]TUGA[/B][/COLOR] [COLOR deepskyblue]Logins4U...[/COLOR]    [COLOR darkorange][I]([makelist.param1])[/I][/COLOR]  </title>
	 <thumbnail>http://i.imgur.com/GAbvzTU.png</thumbnail>
<fanart>http://i.imgur.com/GAbvzTU.png</fanart>
    <link>NA</link>
    <externallink>[makelist.param1][DE]$$TSDOWNLOADER$$</externallink>
]]></listrepeat>
<expres>(http:\/\/orbit-iptv.com:2500\/.*?get.php.*?)&lt;</expres>
<page>http://www.m3uliste.pw/</page>
<referer></referer>
<cookieJar></cookieJar>
</regex>
<info>AMERIKANOTUGA - Os Links são adquiridos através de uma busca livre pela Internet</info>
</item>

//////////////////////


<item>
<title>[COLOR cyan]M3U LISTS Updated Daily[/COLOR]</title>
<link>$doregex[makelist2]</link>

<regex>
<name>makelist2</name>
<listrepeat><![CDATA[
 <title>[COLOR red][B]AMERIKANO[/B][/COLOR][COLOR green][B]TUGA[/B][/COLOR] LISTS [makelist2.param2] </title>
 <link>$doregex[makelist]</link>
<thumbnail>http://i.imgur.com/GAbvzTU.png</thumbnail>
<fanart>http://i.imgur.com/GAbvzTU.png</fanart>
 ]]></listrepeat>
<expres><![CDATA[post-title entry-title[\w\W\s]{0,23}href='(.*?)'>Daily m3u playlist (.*?)2017]]></expres>
<page>http://iptvsatlinks.blogspot.mx/search?max-results=40</page>
</regex>
</regex>
<regex>
<name>makelist</name>
<listrepeat><![CDATA[
 <title>SERVER [I][COLOR skyblue][makelist.param1][/COLOR][/I]   -  USER [I][COLOR deepskyblue][makelist.param2][/I][/COLOR] </title>
 <link>NA</link>
 <thumbnail>http://i.imgur.com/GAbvzTU.png</thumbnail>
<fanart>http://i.imgur.com/GAbvzTU.png</fanart>
 <externallink>http://[makelist.param1]/get.php?username=[makelist.param2]&amp;password=[makelist.param3]&amp;type=m3u$$TSDOWNLOADER$$</externallink>

 

 ]]></listrepeat>
<expres><![CDATA[http:\/\/(.*?)\/g[\w\W\s]{0,12}name=(.*?)\&a[\w\W\s]{0,7}word=(.*?)\&amp]]></expres>
<page>[makelist2.param1]</page>
<agent>Kodi/15.2 (Windows NT 6.1) App_Bitness/32 Version/15.2-Git:20151019-02e7013</agent>
</regex>
<thumbnail>http://i.imgur.com/GAbvzTU.png</thumbnail>
<fanart>http://i.imgur.com/GAbvzTU.png</fanart>
<info>AMERIKANOTUGA - Os Links são adquiridos através de uma busca livre pela Internet</info>
</item>

/////////////////
<item>
<title>[COLOR cyan]ULTIMATE IPTV[/COLOR]</title>
<link>$doregex[makelist2]</link>

<regex>
<name>makelist2</name>
<listrepeat><![CDATA[
 <title>[COLOR red][B]AMERIKANO[/B][/COLOR][COLOR green][B]TUGA[/B][/COLOR] [COLOR lightgreen] [makelist2.param2][/COLOR]</title>
 <link>$doregex[makelist]</link>
<thumbnail>http://i.imgur.com/GAbvzTU.png</thumbnail>
<fanart>http://i.imgur.com/GAbvzTU.png</fanart>
 ]]></listrepeat>
<expres><![CDATA[post-title entry-title[\w\W\s]{0,23}href='(.*?)'>(.*?)<]]></expres>
<page>http://iptvsatlinks.blogspot.mx/search?max-results=40</page>
</regex>


<regex>
<name>makelist</name>
<listrepeat><![CDATA[
 <title>[COLOR skyblue][makelist.param1][/COLOR]</title>
 <link>plugin://plugin.video.f4mTester/?url=[makelist.param2]&amp;streamtype=TSDOWNLOADER&amp;maxbitrate=-1&amp;proxy=None&amp;name=[COLOR lightblue]RSIPTV[/COLOR] [makelist.param1]  </link>
<thumbnail>http://i.imgur.com/GAbvzTU.png</thumbnail>
<fanart>http://i.imgur.com/GAbvzTU.png</fanart>
 ]]></listrepeat>
<expres><![CDATA[EXTINF[\w\W\s]{0,5},(.*?)<[\w\W\s]{0,5}>(http.*?ts)<]]></expres>
<page>[makelist2.param1]</page>
<agent>Kodi/15.2 (Windows NT 6.1) App_Bitness/32 Version/15.2-Git:20151019-02e7013</agent>
</regex>
<thumbnail>http://i.imgur.com/GAbvzTU.png</thumbnail>
<fanart>http://i.imgur.com/GAbvzTU.png</fanart>
<info>AMERIKANOTUGA - Os Links são adquiridos através de uma busca livre pela Internet</info>
</item>

///////////////////////////

<item>
<title>[COLOR cyan]IPTV SHARING[/COLOR]</title>
<link>$doregex[makelist2]</link>

<regex>
<name>makelist2</name>
<listrepeat><![CDATA[
 <title>[COLOR red][B]AMERIKANO[/B][/COLOR][COLOR green][B]TUGA[/B][/COLOR] [COLOR skyblue] [makelist2.param2][/COLOR]</title>
 <link>$doregex[makelist]</link>
<thumbnail>http://i.imgur.com/GAbvzTU.png</thumbnail>
<fanart>http://i.imgur.com/GAbvzTU.png</fanart>
 ]]></listrepeat>
<expres><![CDATA[post-title entry-title[\w\W\s]{0,23}href='(.*?)'>(.*?)<]]></expres>
<page>http://www.iptvsharing.com/search?max-results=40</page>
</regex>


<regex>
<name>makelist</name>
<listrepeat><![CDATA[
 <title>[COLOR skyblue][makelist.param1][/COLOR]</title>
 <link>plugin://plugin.video.f4mTester/?url=[makelist.param2]&amp;streamtype=TSDOWNLOADER&amp;maxbitrate=-1&amp;proxy=None&amp;name=[COLOR lightblue]RSIPTV[/COLOR] [makelist.param1]  </link>
<thumbnail>http://i.imgur.com/GAbvzTU.png</thumbnail>
<fanart>http://i.imgur.com/GAbvzTU.png</fanart>
 ]]></listrepeat>
<expres><![CDATA[EXTINF[\w\W\s]{0,3},(.*?)<[\w\W\s]{0,55}>(http.*?ts)<]]></expres>
<page>[makelist2.param1]</page>
<agent>Kodi/15.2 (Windows NT 6.1) App_Bitness/32 Version/15.2-Git:20151019-02e7013</agent>
</regex>
<thumbnail>http://i.imgur.com/GAbvzTU.png</thumbnail>
<fanart>http://i.imgur.com/GAbvzTU.png</fanart>
<info>AMERIKANOTUGA - Os Links são adquiridos através de uma busca livre pela Internet</info>
</item>
 /////////////////////////////

<item>
<title>[COLOR lime]UK MENU[/COLOR] [COLOR lime]SERVIDORES[/COLOR]</title>
<thumbnail>http://i.cubeupload.com/HBhFgG.png</thumbnail>
<fanart>http://i.imgur.com/cP0kZuH.jpg</fanart>
<link>http://ignorame</link>
<externallink>https://raw.githubusercontent.com/logan1983/ADDONS-MENUS/master/UK%20MENU.xml</externallink>
</item>
///////////////////
<item>
<title>[COLOR lime]USA MENU[/COLOR] [COLOR lime]SERVIDORES[/COLOR]</title>
<thumbnail>http://i.cubeupload.com/GegKzO.png</thumbnail>
<fanart>http://i.imgur.com/cP0kZuH.jpg</fanart>
<link>http://ignorame</link>
<externallink>https://raw.githubusercontent.com/logan1983/ADDONS-MENUS/master/USA%20MENU.xml</externallink>
</item>
//////////////////////
<item>
<title>[COLOR lime]FRANCA MENU[/COLOR] [COLOR lime]SERVIDORES[/COLOR]</title>
<thumbnail>http://i.imgur.com/n34lbNA.png</thumbnail>
<fanart>http://i.imgur.com/cP0kZuH.jpg</fanart>
<link>http://ignorame</link>
<externallink>https://raw.githubusercontent.com/logan1983/ADDONS-MENUS/master/FRANCA%20MENU.xml</externallink>
</item>
///////////////////
<item>
<title>[COLOR lime]ALEMANHA MENU[/COLOR] [COLOR lime]SERVIDORES[/COLOR]</title>
<thumbnail>http://i.cubeupload.com/DabcBF.png</thumbnail>
<fanart>http://i.imgur.com/cP0kZuH.jpg</fanart>
<link>http://ignorame</link>
<externallink>https://raw.githubusercontent.com/logan1983/ADDONS-MENUS/master/GERMANY%20MENU.xml</externallink>
</item>

////////////////////////////
<item>
<title>[COLOR lime]ESPANHA MENU[/COLOR] [COLOR lime]SERVIDORES[/COLOR]</title>
<thumbnail>http://i.imgur.com/aKAxX67.png</thumbnail>
<fanart>http://i.imgur.com/cP0kZuH.jpg</fanart>
<link>http://ignorame</link>
<externallink>https://raw.githubusercontent.com/logan1983/ADDONS-MENUS/master/ESPANHA%20MENU.xml</externallink>
</item>
//////////////////////////
<item>
<title>[COLOR lime]ITALIA MENU[/COLOR] [COLOR lime]SERVIDORES[/COLOR]</title>
<thumbnail>http://i.imgur.com/u2Z1wJR.png</thumbnail>
<fanart>http://i.imgur.com/cP0kZuH.jpg</fanart>
<link>http://ignorame</link>
<externallink>https://raw.githubusercontent.com/logan1983/ADDONS-MENUS/master/ITALIA%20MENU.xml</externallink>
</item>
////////////////////////////

<item><title>Sopcast:AXN</title><link>plugin://program.plexus/?url=sop://broker.sopcast.com:3912/149261&amp;mode=2&amp;name=AXN</link><thumbnail></thumbnail></item>
<item><title>Sopcast:HBO 2</title><link>plugin://program.plexus/?url=sop://broker.sopcast.com:3912/149259&amp;mode=2&amp;name=HBO</link><thumbnail></thumbnail></item>
<item><title>Sopcast:HBO 3</title><link>plugin://program.plexus/?url=sop://broker.sopcast.com:3912/149255&amp;mode=2&amp;name=HBO</link><thumbnail></thumbnail></item>
<item><title>Sopcast:Film Cafe</title><link>plugin://program.plexus/?url=sop://broker.sopcast.com:3912/256238&amp;mode=2&amp;name=Film</link><thumbnail></thumbnail></item>
<item><title>Sopcast:TV1000</title><link>plugin://program.plexus/?url=sop://broker.sopcast.com:3912/256337&amp;mode=2&amp;name=TV1000</link><thumbnail></thumbnail></item>
<item><title>Sopcast:Filmbox</title><link>plugin://program.plexus/?url=sop://broker.sopcast.com:3912/148981&amp;mode=2&amp;name=Filmbox</link><thumbnail></thumbnail></item>
<item><title>Sopcast:Fro Cinema</title><link>plugin://program.plexus/?url=sop://broker.sopcast.com:3912/148249&amp;mode=2&amp;name=Fro</link><thumbnail></thumbnail></item>
<item><title>Sopcast:DIVA UNIVERSAL</title><link>plugin://program.plexus/?url=sop://broker.plugin://program.plexus/?url=sopcast.com:3912/253034&amp;mode=2&amp;name=DIVA</link><thumbnail></thumbnail></item>
<item><title>Sopcast:PARAMOUNT</title><link>plugin://program.plexus/?url=sop://broker.plugin://program.plexus/?url=sopcast.com:3912/253033&amp;mode=2&amp;name=PARAMOUNT</link><thumbnail></thumbnail></item>
<item><title>Sopcast:Boomerang</title><link>plugin://program.plexus/?url=sop://broker.sopcast.com:3912/149264&amp;mode=2&amp;name=Boomerang</link><thumbnail></thumbnail></item>
<item><title>Sopcast:Cartoon Network</title><link>plugin://program.plexus/?url=sop://broker.sopcast.com:3912/148254&amp;mode=2&amp;name=Cartoon</link><thumbnail></thumbnail></item>
<item><title>Sopcast:DISNEY</title><link>plugin://program.plexus/?url=sop://broker.sopcast.com:3912/253031&amp;mode=2&amp;name=DISNEY</link><thumbnail></thumbnail></item>
<item><title>Sopcast:DISNEY JR</title><link>plugin://program.plexus/?url=sop://broker.sopcast.com:3912/256239&amp;mode=2&amp;name=DISNEY</link><thumbnail></thumbnail></item>
<item><title>Sopcast:MEGAMAX</title><link>plugin://program.plexus/?url=sop://broker.sopcast.com:3912/256328&amp;mode=2&amp;name=MEGAMAX</link><thumbnail></thumbnail></item>
<item><title>Sopcast:NICKELODEON</title><link>plugin://program.plexus/?url=sop://broker.sopcast.com:3912/253472&amp;mode=2&amp;name=NICKELODEON</link><thumbnail></thumbnail></item>
<item><title>Sopcast:National Geographic</title><link>plugin://program.plexus/?url=sop://broker.sopcast.com:3912/148248&amp;mode=2&amp;name=National</link><thumbnail></thumbnail></item>
<item><title>Sopcast:NatGeo Wild</title><link>plugin://program.plexus/?url=sop://broker.sopcast.com:3912/253037&amp;mode=2&amp;name=NatGeo</link><thumbnail></thumbnail></item>
<item><title>Sopcast:Discovery Channel</title><link>plugin://program.plexus/?url=sop://broker.sopcast.com:3912/256241&amp;mode=2&amp;name=Discovery</link><thumbnail></thumbnail></item>
<item><title>Sopcast:Discovery Science</title><link>plugin://program.plexus/?url=sop://broker.sopcast.com:3912/256243&amp;mode=2&amp;name=Discovery</link><thumbnail></thumbnail></item>
<item><title>Sopcast:Discovery ID</title><link>plugin://program.plexus/?url=sop://broker.sopcast.com:3912/256244&amp;mode=2&amp;name=Discovery</link><thumbnail></thumbnail></item>
<item><title>Sopcast:BBC Earth</title><link>plugin://program.plexus/?url=sop://broker.sopcast.com:3912/148257&amp;mode=2&amp;name=BBC</link><thumbnail></thumbnail></item>
<item><title>Sopcast:HISTORY</title><link>plugin://program.plexus/?url=sop://broker.sopcast.com:3912/253032&amp;mode=2&amp;name=HISTORY</link><thumbnail></thumbnail></item>
<item><title>Sopcast:VIASAT HISTORY</title><link>plugin://program.plexus/?url=sop://broker.sopcast.com:3912/151300&amp;mode=2&amp;name=VIASAT</link><thumbnail></thumbnail></item>
<item><title>Sopcast:TLC</title><link>plugin://program.plexus/?url=sop://broker.sopcast.com:3912/148256&amp;mode=2&amp;name=TLC</link><thumbnail></thumbnail></item>

