﻿<?xml version="1.0" encoding="UTF-8" standalone="yes"?>

		
		<item>
		<title>[COLOR red][B]Lưu Ý: Chọn Đúng Ngày Mở Nghe Nhạc Lossless[/B][/COLOR]</title>
		<link>http://ignorame</link>
		<externallink>http://bit.ly/</externallink>
		</item>
		//////////////////////
	
		<item>
		<title>[COLOR deepskyblue][B]Nghe Nhạc Lossless Thứ Hai [/B][/COLOR]</title>
		<link>http://ignorame</link>
		<externallink>http://bit.ly/2a85Zlz</externallink>
		</item>
		//////////////////////
		<item>
		<title>[COLOR deepskyblue][B]Nghe Nhạc Lossless Thứ Ba [/B][/COLOR]</title>
		<link>http://ignorame</link>
		<externallink>http://bit.ly/2a6ju0W</externallink>
		</item>
		//////////////////////
		<item>
		<title>[COLOR deepskyblue][B]Nghe Nhạc Lossless Thứ Tư [/B][/COLOR]</title>
		<link>http://ignorame</link>
		<externallink>http://bit.ly/2aaolfv</externallink>
		</item>
		//////////////////////
		<item>
		<title>[COLOR deepskyblue][B]Nghe Nhạc Lossless Thứ Năm [/B][/COLOR]</title>
		<link>http://ignorame</link>
		<externallink>http://bit.ly/2a1tTJM</externallink>
		</item>
		//////////////////////
		<item>
		<title>[COLOR deepskyblue][B]Nghe Nhạc Lossless Thứ Sáu [/B][/COLOR]</title>
		<link>http://ignorame</link>
		<externallink>http://bit.ly/2adi1Vu</externallink>
		</item>
		//////////////////////
		<item>
		<title>[COLOR deepskyblue][B]Nghe Nhạc Lossless Thứ Bẩy [/B][/COLOR]</title>
		<link>http://ignorame</link>
		<externallink>http://bit.ly/2amWqvL</externallink>
		</item>
		//////////////////////
		<item>
		<title>[COLOR deepskyblue][B]Nghe Nhạc Lossless Chủ Nhật [/B][/COLOR]</title>
		<link>http://ignorame</link>
		<externallink>http://bit.ly/2a6jLkJ</externallink>
		</item>
		//////////////////////
		


	</items>
	</channel>







