<?xml version="1.0" encoding="UTF-8" standalone="yes"?>

	<channel>
	<items>

		<item>
		<title>[COLOR red][B]**** Cần addon URLResolver Link Tester *****[/B][/COLOR]</title> 
		<link>http://ignorame</link>
		<externallink></externallink>
		<thumbnail>https://s17.postimg.org/ixr218wsv/linktester.jpg</thumbnail>
		</item>
		//////////////////////////////////////

		<item>
		<title>[COLOR yellow][B]NHẠC TỔNG HỢP[/B][/COLOR]</title> 
		<link>http://ignorame</link>
		<externallink>http://bit.ly/2CUXxCy</externallink>
		<thumbnail>https://s12.postimg.org/h9tp3pmgt/canhac.jpg</thumbnail>
		</item>
		//////////////////////////////////////
		<item>
		<title>[COLOR cyan][B]PHIM LẺ TỔNG HỢP[/B][/COLOR]</title> 
		<link>http://ignorame</link>
		<externallink>http://bit.ly/2mfQUAe</externallink>
		<thumbnail>https://s17.postimg.org/89nb21k5b/MOVIES.png</thumbnail>
		</item>
		//////////////////////////////////////
		<item>
		<title>[COLOR pink][B]PHIM BỘ TỔNG HỢP[/B][/COLOR]</title> 
		<link>http://ignorame</link>
		<externallink>http://bit.ly/2CZTrJe</externallink>
		<thumbnail>https://s17.postimg.org/89nb21k5b/MOVIES.png</thumbnail>
		</item>
		//////////////////////////////////////

		<item>
		<title>[COLOR blue][B]PHIM THIẾU NHI[/B][/COLOR]</title>
		<link>http://ignorame</link>
		<externallink>http://bit.ly/2CYbu3q</externallink>
		<thumbnail>https://s31.postimg.org/kx5sh8j23/moviekid.jpg</thumbnail>
		</item>
		//////////////////////
		
	</items>
	</channel>

