<?xml version="1.0" encoding="UTF-8" standalone="yes"?>

	<channel>
	<items>

		<item>
		<title>[COLOR red][B]**** Cần addon URLResolver Link Tester *****[/B][/COLOR]</title> 
		<link>http://ignorame</link>
		<externallink></externallink>
		<thumbnail>https://s17.postimg.org/ixr218wsv/linktester.jpg</thumbnail>
		</item>
		//////////////////////////////////////

		<item>
		<title>[COLOR yellow][B]NHẠC TỔNG HỢP[/B][/COLOR]</title> 
		<link>http://ignorame</link>
		<externallink>http://bit.ly/2CUXxCy</externallink>
		<thumbnail>https://s12.postimg.org/h9tp3pmgt/canhac.jpg</thumbnail>
		</item>
		//////////////////////////////////////

		<item>
		<title>[COLOR deepskyblue][B]•[/B][/COLOR][COLOR red][B]NHẠC LOSSLESS[/B][/COLOR]</title>
		<link>http://ignorame</link>
		<externallink>http://bit.ly/2a6lAxM</externallink>
		<thumbnail>https://s12.postimg.org/h51lwq02l/lossless.jpg</thumbnail>
		</item>

<item>
<title>TRUNG TÂM THÚY NGA</title>
<link>ignorme</link>
<jsonrpc>Plugin://plugin.video.youtube/channel/UC7nMrW3baKp0dA5Tz9ulVYQ/?page=0</jsonrpc>
<thumbnail>https://yt3.ggpht.com/-30oeXj-Rzyg/AAAAAAAAAAI/AAAAAAAAAAA/0QaxnaPtWyM/s900-c-k-no-mo-rj-c0xffffff/photo.jpg</thumbnail>
<fanart>https://yt3.ggpht.com/-30oeXj-Rzyg/AAAAAAAAAAI/AAAAAAAAAAA/0QaxnaPtWyM/s900-c-k-no-mo-rj-c0xffffff/photo.jpg</fanart>
</item>

<item>
<title>TRUNG TÂM ASIA</title>
<link>ignorme</link>
<jsonrpc>Plugin://plugin.video.youtube/user/TrungTamAsiaChannel/?page=0</jsonrpc>
<thumbnail>https://yt3.ggpht.com/-Kyi1-RpibLM/AAAAAAAAAAI/AAAAAAAAAAA/xfBnfdeHdQA/s900-c-k-no-mo-rj-c0xffffff/photo.jpg</thumbnail>
<fanart>https://yt3.ggpht.com/-Kyi1-RpibLM/AAAAAAAAAAI/AAAAAAAAAAA/xfBnfdeHdQA/s900-c-k-no-mo-rj-c0xffffff/photo.jpg</fanart>
</item>
<item>
<title>Giọng Ca Để Đời</title>
<link>ignorme</link>
<jsonrpc>Plugin://plugin.video.youtube/channel/UCwZ2ZaFfTusqV_MGMHUnEsg/?page=0</jsonrpc>
<thumbnail>https://yt3.ggpht.com/-ZalDHZrw6Fs/AAAAAAAAAAI/AAAAAAAAAAA/1_UbeimvGqg/s900-c-k-no-mo-rj-c0xffffff/photo.jpg</thumbnail>
<fanart>https://yt3.ggpht.com/-ZalDHZrw6Fs/AAAAAAAAAAI/AAAAAAAAAAA/1_UbeimvGqg/s900-c-k-no-mo-rj-c0xffffff/photo.jpg</fanart>
</item>
		
<item>
<title>Bolero TuBe</title>
<link>ignorme</link>
<jsonrpc>Plugin://plugin.video.youtube/channel/UCMrLSS3SZDAhcfUS5tyjbtA/?page=0</jsonrpc>
<thumbnail>https://yt3.ggpht.com/-4PBjBlq_N4E/AAAAAAAAAAI/AAAAAAAAAAA/JhfK6KNr0uk/s200-mo-c-c0xffffffff-rj-k-no/photo.jpg</thumbnail>
<fanart>https://yt3.ggpht.com/-4PBjBlq_N4E/AAAAAAAAAAI/AAAAAAAAAAA/JhfK6KNr0uk/s200-mo-c-c0xffffffff-rj-k-no/photo.jpg</fanart>
</item>	
		
		
