<?xml version="1.0" encoding="UTF-8" standalone="yes"?>

<item>
<title>[B][COLOR lime]YouTube[/B][/COLOR]</title>
<premium>True</premium>
<link>ignorme</link>
<jsonrpc>plugin://plugin.video.youtube/kodion/search/list/</jsonrpc>
<thumbnail>http://ajbuilds.uk/art/660b4b8cb1d2131398912ee6cd46bdecyou-1920x1080-400x400.png</thumbnail>
<fanart>http://ajbuilds.uk/art/falconblue.jpg</fanart>
</item>
///////////////////
<item>
<title>NHAC TRU TINH </title>
<link>$doregex[makelist]</link>
<regex>
<name>makelist</name>
<listrepeat><![CDATA[
<item>
<title>[makelist.param1]           </title>
<link>$doregex[makelist2]</link>
<thumbnail></thumbnail>
]]></listrepeat>
<expres>span class="" >(.*?)&lt;\/span>\n.*?\n\n.*?\n.*?;list=(.*?)"</expres>
<page>https://www.youtube.com/channel/UCPI7vHlKrg5xSzEfDAHErlQ</page>
</regex>

<regex>
<name>makelist2</name>
<listrepeat><![CDATA[
<item>
<title>[makelist2.param2]</title>
<link>plugin://plugin.video.youtube/play/?video_id=[makelist2.param1]</link>
<thumbnail></thumbnail>
]]></listrepeat>
<expres>dir="ltr" href="\/watch\?v=(.*?)".*?\n(.*?)\n</expres>
<page>https://www.youtube.com/playlist?list=[makelist.param2]</page>
</regex>
</item>

/////////////////////////////
<item>
<title>TRUNG TAM ASIA</title>
<link>$doregex[makelist]</link>
<regex>
<name>makelist</name>
<listrepeat><![CDATA[
<item>
<title>[makelist.param1]           </title>
<link>$doregex[makelist2]</link>
<thumbnail></thumbnail>
]]></listrepeat>
<expres>span class="" >(.*?)&lt;\/span>\n.*?\n\n.*?\n.*?;list=(.*?)"</expres>
<page>https://www.youtube.com/user/TrungTamAsiaChannel</page>
</regex>

<regex>
<name>makelist2</name>
<listrepeat><![CDATA[
<item>
<title>[makelist2.param2]</title>
<link>plugin://plugin.video.youtube/play/?video_id=[makelist2.param1]</link>
<thumbnail></thumbnail>
]]></listrepeat>
<expres>dir="ltr" href="\/watch\?v=(.*?)".*?\n(.*?)\n</expres>
<page>https://www.youtube.com/playlist?list=[makelist.param2]</page>
</regex>
</item>

/////////////////////////////
<item>
<title>TRUNG TAM THUY NGA</title>
<link>$doregex[makelist]</link>
<regex>
<name>makelist</name>
<listrepeat><![CDATA[
<item>
<title>[makelist.param1]           </title>
<link>$doregex[makelist2]</link>
<thumbnail></thumbnail>
]]></listrepeat>
<expres>span class="" >(.*?)&lt;\/span>\n.*?\n\n.*?\n.*?;list=(.*?)"</expres>
<page>https://www.youtube.com/channel/UC7nMrW3baKp0dA5Tz9ulVYQ</page>
</regex>

<regex>
<name>makelist2</name>
<listrepeat><![CDATA[
<item>
<title>[makelist2.param2]</title>
<link>plugin://plugin.video.youtube/play/?video_id=[makelist2.param1]</link>
<thumbnail></thumbnail>
]]></listrepeat>
<expres>dir="ltr" href="\/watch\?v=(.*?)".*?\n(.*?)\n</expres>
<page>https://www.youtube.com/playlist?list=[makelist.param2]</page>
</regex>
</item>

/////////////////////////////
<item>
<title>[COLOR cyan][B]NHẠC THÚY NGA[/B][/COLOR]</title></title>
<link>http://ignorame</link>
<externallink>http://bit.ly/29RVAIZ</externallink>
</item>
///////////////////////////////////////
<item>
<title>[COLOR cyan][B]HÀI VÂN SƠN[/B][/COLOR]</title></title>
<link>http://ignorame</link>
<externallink>http://bit.ly/2a1sNQD</externallink>
</item>
///////////////////////////////////////   


<item>
<title>VAN SON</title>
<link>$doregex[makelist]</link>
<regex>
<name>makelist</name>
<listrepeat><![CDATA[
<item>
<title>[makelist.param1]           </title>
<link>$doregex[makelist2]</link>
<thumbnail></thumbnail>
]]></listrepeat>
<expres>span class="" >(.*?)&lt;\/span>\n.*?\n\n.*?\n.*?;list=(.*?)"</expres>
<page>https://www.youtube.com/user/VanSonOnline</page>
</regex>

<regex>
<name>makelist2</name>
<listrepeat><![CDATA[
<item>
<title>[makelist2.param2]</title>
<link>plugin://plugin.video.youtube/play/?video_id=[makelist2.param1]</link>
<thumbnail></thumbnail>
]]></listrepeat>
<expres>dir="ltr" href="\/watch\?v=(.*?)".*?\n(.*?)\n</expres>
<page>https://www.youtube.com/playlist?list=[makelist.param2]</page>
</regex>
</item>

/////////////////////////////
<item>
<title>NHAC SO</title>
<link>$doregex[makelist]</link>
<regex>
<name>makelist</name>
<listrepeat><![CDATA[
<item>
<title>[makelist.param1]           </title>
<link>$doregex[makelist2]</link>
<thumbnail></thumbnail>
]]></listrepeat>
<expres>span class="" >(.*?)&lt;\/span>\n.*?\n\n.*?\n.*?;list=(.*?)"</expres>
<page>https://www.youtube.com/channel/UCChrtJ_UxTuFl_F6-_RQVrg</page>
</regex>

<regex>
<name>makelist2</name>
<listrepeat><![CDATA[
<item>
<title>[makelist2.param2]</title>
<link>plugin://plugin.video.youtube/play/?video_id=[makelist2.param1]</link>
<thumbnail></thumbnail>
]]></listrepeat>
<expres>dir="ltr" href="\/watch\?v=(.*?)".*?\n(.*?)\n</expres>
<page>https://www.youtube.com/playlist?list=[makelist.param2]</page>
</regex>
</item>

/////////////////////////////

<item>
<title>Nhạc Vàng Trữ Tình</title>
<link>$doregex[makelist]</link>
<regex>
<name>makelist</name>
<listrepeat><![CDATA[
<title>[makelist.param2]   [makelist.param3]</title>
<link>plugin://plugin.video.youtube/play/?video_id=[makelist.param1]</link>
]]></listrepeat>
<expres>href="\/watch\?v=(.*?)">(.*?)&lt;.*?> -.*?:(.*?)&lt;\/span>&lt;\/h3></expres>
<page>https://www.youtube.com/channel/UCA1D9ewXaWAT4pO0vxsMhOA/videos</page>
</regex>
</item>

//////////////////////////
<item>
<title>Nhac Buon</title>
<link>$doregex[makelist]</link>
<regex>
<name>makelist</name>
<listrepeat><![CDATA[
<title>[makelist.param2]   [makelist.param3]</title>
<link>plugin://plugin.video.youtube/play/?video_id=[makelist.param1]</link>
]]></listrepeat>
<expres>href="\/watch\?v=(.*?)">(.*?)&lt;.*?> -.*?:(.*?)&lt;\/span>&lt;\/h3></expres>
<page>https://www.youtube.com/user/nhacbuonhaingoai/videos</page>
</regex>
</item>

//////////////////////////
<item>
<title>YEAH1 MUSIC</title>
<link>$doregex[makelist]</link>
<regex>
<name>makelist</name>
<listrepeat><![CDATA[
<item>
<title>[makelist.param1]           </title>
<link>$doregex[makelist2]</link>
<thumbnail></thumbnail>
]]></listrepeat>
<expres>span class="" >(.*?)&lt;\/span>\n.*?\n\n.*?\n.*?;list=(.*?)"</expres>
<page>https://www.youtube.com/channel/UCI2OiZs5aVcyBUBVsgovzng</page>
</regex>

<regex>
<name>makelist2</name>
<listrepeat><![CDATA[
<item>
<title>[makelist2.param2]</title>
<link>plugin://plugin.video.youtube/play/?video_id=[makelist2.param1]</link>
<thumbnail></thumbnail>
]]></listrepeat>
<expres>dir="ltr" href="\/watch\?v=(.*?)".*?\n(.*?)\n</expres>
<page>https://www.youtube.com/playlist?list=[makelist.param2]</page>
</regex>
</item>

/////////////////////////////
<item>
<title>TDL MEDIA & ENTERTAINMENT</title>
<link>$doregex[makelist]</link>
<regex>
<name>makelist</name>
<listrepeat><![CDATA[
<item>
<title>[makelist.param1]           </title>
<link>$doregex[makelist2]</link>
<thumbnail></thumbnail>
]]></listrepeat>
<expres>span class="" >(.*?)&lt;\/span>\n.*?\n\n.*?\n.*?;list=(.*?)"</expres>
<page>https://www.youtube.com/channel/UCzIUvijpxqjFsIGnWroSl3A</page>
</regex>

<regex>
<name>makelist2</name>
<listrepeat><![CDATA[
<item>
<title>[makelist2.param2]</title>
<link>plugin://plugin.video.youtube/play/?video_id=[makelist2.param1]</link>
<thumbnail></thumbnail>
]]></listrepeat>
<expres>dir="ltr" href="\/watch\?v=(.*?)".*?\n(.*?)\n</expres>
<page>https://www.youtube.com/playlist?list=[makelist.param2]</page>
</regex>
</item>

/////////////////////////////

<item>
<title>THẦN TƯỢNG BOLERO</title>
<link>$doregex[makelist]</link>
<regex>
<name>makelist</name>
<listrepeat><![CDATA[
<item>
<title>[makelist.param1]           </title>
<link>$doregex[makelist2]</link>
<thumbnail></thumbnail>
]]></listrepeat>
<expres>span class="" >(.*?)&lt;\/span>\n.*?\n\n.*?\n.*?;list=(.*?)"</expres>
<page>https://www.youtube.com/channel/UCZq4u4hadohQDXO6ra8aubQ</page>
</regex>

<regex>
<name>makelist2</name>
<listrepeat><![CDATA[
<item>
<title>[makelist2.param2]</title>
<link>plugin://plugin.video.youtube/play/?video_id=[makelist2.param1]</link>
<thumbnail></thumbnail>
]]></listrepeat>
<expres>dir="ltr" href="\/watch\?v=(.*?)".*?\n(.*?)\n</expres>
<page>https://www.youtube.com/playlist?list=[makelist.param2]</page>
</regex>
</item>

/////////////////////////////
<item>
<title>Những Ca Khúc Nhạc Vàng Hay Nhất Của Tâm Đoan </title>
<link>$doregex[makelist]</link>
<regex>
<name>makelist</name>
<listrepeat><![CDATA[
<title>[makelist.param1]</title>
<link>plugin://plugin.video.youtube/play/?video_id=[makelist.param2]</link>
<thumbnail>https://i.ytimg.com/vi/[makelist.param2]/hqdefault.jpg</thumbnail>
]]></listrepeat>
<expres>data-video-title="(.*?)".*?\n.*?\n.*?\n.*?\n.*?&lt;a href="\/watch\?v=(.*?)&amp;</expres>
<page>https://www.youtube.com/watch?v=jWp0lyf6MBA&amp;list=RDjWp0lyf6MBA#t=4</page>
<cookieJar></cookieJar>
</regex>
</item>
/////////////////////

<item>
<title>Bộ Tứ Nữ Hoàng Nhạc Vàng Tuyển Chọn </title>
<link>$doregex[makelist]</link>
<regex>
<name>makelist</name>
<listrepeat><![CDATA[
<title>[makelist.param1]</title>
<link>plugin://plugin.video.youtube/play/?video_id=[makelist.param2]</link>
<thumbnail>https://i.ytimg.com/vi/[makelist.param2]/hqdefault.jpg</thumbnail>
]]></listrepeat>
<expres>data-video-title="(.*?)".*?\n.*?\n.*?\n.*?\n.*?&lt;a href="\/watch\?v=(.*?)&amp;</expres>
<page>https://www.youtube.com/watch?v=EmEwo_qoj8g&amp;list=RDEmEwo_qoj8g</page>
<cookieJar></cookieJar>
</regex>
</item>
/////////////////////

<item>
<title>Những ca khúc bất hủ của ông hoàng Nhạc Vàng Duy Khánh</title>
<link>$doregex[makelist]</link>
<regex>
<name>makelist</name>
<listrepeat><![CDATA[
<title>[makelist.param1]</title>
<link>plugin://plugin.video.youtube/play/?video_id=[makelist.param2]</link>
<thumbnail>https://i.ytimg.com/vi/[makelist.param2]/hqdefault.jpg</thumbnail>
]]></listrepeat>
<expres>data-video-title="(.*?)".*?\n.*?\n.*?\n.*?\n.*?&lt;a href="\/watch\?v=(.*?)&amp;</expres>
<page>https://www.youtube.com/watch?v=StjL-E8hO9I&amp;list=RDStjL-E8hO9I</page>
<cookieJar></cookieJar>
</regex>
</item>
/////////////////////
<item>
<title>Nhac Trữ Tình Hải Ngoại</title>
<link>$doregex[makelist]</link>
<regex>
<name>makelist</name>
<listrepeat><![CDATA[
<title>[makelist.param2]   [makelist.param3]</title>
<link>plugin://plugin.video.youtube/play/?video_id=[makelist.param1]</link>
]]></listrepeat>
<expres>href="\/watch\?v=(.*?)">(.*?)&lt;.*?> -.*?:(.*?)&lt;\/span>&lt;\/h3></expres>
<page>https://www.youtube.com/user/LadyKillahOfficial/videos</page>
</regex>
</item>


/////////////////////////////

<item>
<title>PHIM VIET</title>
<link>$doregex[makelist]</link>
<regex>
<name>makelist</name>
<listrepeat><![CDATA[
<item>
<title>[makelist.param1]           </title>
<link>$doregex[makelist2]</link>
<thumbnail></thumbnail>
]]></listrepeat>
<expres>span class="" >(.*?)&lt;\/span>\n.*?\n\n.*?\n.*?;list=(.*?)"</expres>
<page>https://www.youtube.com/channel/UCb3YAZtb19iYJngfZ9R--KA</page>
</regex>

<regex>
<name>makelist2</name>
<listrepeat><![CDATA[
<item>
<title>[makelist2.param2]</title>
<link>plugin://plugin.video.youtube/play/?video_id=[makelist2.param1]</link>
<thumbnail></thumbnail>
]]></listrepeat>
<expres>dir="ltr" href="\/watch\?v=(.*?)".*?\n(.*?)\n</expres>
<page>https://www.youtube.com/playlist?list=[makelist.param2]</page>
</regex>
</item>

/////////////////////////////
<item>
<title>PHIM HAY DIEN ANH</title>
<link>$doregex[makelist]</link>
<regex>
<name>makelist</name>
<listrepeat><![CDATA[
<item>
<title>[makelist.param1]           </title>
<link>$doregex[makelist2]</link>
<thumbnail></thumbnail>
]]></listrepeat>
<expres>span class="" >(.*?)&lt;\/span>\n.*?\n\n.*?\n.*?;list=(.*?)"</expres>
<page>https://www.youtube.com/channel/UClfwS2zHXYQCzwGfp-Fiw6A</page>
</regex>

<regex>
<name>makelist2</name>
<listrepeat><![CDATA[
<item>
<title>[makelist2.param2]</title>
<link>plugin://plugin.video.youtube/play/?video_id=[makelist2.param1]</link>
<thumbnail></thumbnail>
]]></listrepeat>
<expres>dir="ltr" href="\/watch\?v=(.*?)".*?\n(.*?)\n</expres>
<page>https://www.youtube.com/playlist?list=[makelist.param2]</page>
</regex>
</item>

/////////////////////////////
<item>
<title>Phim Giai Trí</title>
<link>$doregex[makelist]</link>
<regex>
<name>makelist</name>
<listrepeat><![CDATA[
<item>
<title>[makelist.param1]           </title>
<link>$doregex[makelist2]</link>
<thumbnail></thumbnail>
]]></listrepeat>
<expres>span class="" >(.*?)&lt;\/span>\n.*?\n\n.*?\n.*?;list=(.*?)"</expres>
<page>https://www.youtube.com/channel/UCb3YAZtb19iYJngfZ9R--KA</page>
</regex>

<regex>
<name>makelist2</name>
<listrepeat><![CDATA[
<item>
<title>[makelist2.param2]</title>
<link>plugin://plugin.video.youtube/play/?video_id=[makelist2.param1]</link>
<thumbnail></thumbnail>
]]></listrepeat>
<expres>dir="ltr" href="\/watch\?v=(.*?)".*?\n(.*?)\n</expres>
<page>https://www.youtube.com/playlist?list=[makelist.param2]</page>
</regex>
</item>

/////////////////////////////
<item>
<title>PHIM TAI LIEU</title>
<link>$doregex[makelist]</link>
<regex>
<name>makelist</name>
<listrepeat><![CDATA[
<item>
<title>[makelist.param1]           </title>
<link>$doregex[makelist2]</link>
<thumbnail></thumbnail>
]]></listrepeat>
<expres>span class="" >(.*?)&lt;\/span>\n.*?\n\n.*?\n.*?;list=(.*?)"</expres>
<page>https://www.youtube.com/channel/UCLj8sbKYMCIkU5BBtL6C22g</page>
</regex>

<regex>
<name>makelist2</name>
<listrepeat><![CDATA[
<item>
<title>[makelist2.param2]</title>
<link>plugin://plugin.video.youtube/play/?video_id=[makelist2.param1]</link>
<thumbnail></thumbnail>
]]></listrepeat>
<expres>dir="ltr" href="\/watch\?v=(.*?)".*?\n(.*?)\n</expres>
<page>https://www.youtube.com/playlist?list=[makelist.param2]</page>
</regex>
</item>

/////////////////////////////
<item>
<title>DOCUMENTARY TUBE</title>
<link>$doregex[makelist]</link>
<regex>
<name>makelist</name>
<listrepeat><![CDATA[
<title>[makelist.param2]   [makelist.param3]</title>
<link>plugin://plugin.video.youtube/play/?video_id=[makelist.param1]</link>
]]></listrepeat>
<expres>href="\/watch\?v=(.*?)">(.*?)&lt;.*?> -.*?:(.*?)&lt;\/span>&lt;\/h3></expres>
<page>https://www.youtube.com/user/TheDocumenteriesTube/videos</page>
</regex>
</item>
//////////////////////////

 
</items>
</channel>

