<?xml version="1.0" encoding="utf-8" standalone="yes"?>

<stream>


<item>
<title>[COLOR red][B]********** Updated ngày 22/08/2017 *********[/B][/COLOR]</title>
<link>http://www.youtube.com</link>
<thumbnail></thumbnail>
</item>
<item>
<title>[COLOR=yellow][B]>>>>>>>>>>Cần addon Plexus & addon Sportsdevil<<<<<<<<<[/B][/COLOR]</title>
<link>http://www.youtube.com</link>
<thumbnail></thumbnail>
</item>
<item>
<title>[COLOR=cyan][B]========== KÊNH THỂ THAO ==========[/B][/COLOR]</title>
<link>http://www.youtube.com</link>
<thumbnail></thumbnail>
</item>

			
<item>
<title>[B]Canales Arenavision (kênh AV1 đến kênh AV31)[/B]</title>
<link>$doregex[makelist]</link>
<regex>
<name>makelist</name>
<listrepeat><![CDATA[
<item><title> [COLOR skyblue] [makelist.param2][/COLOR]</title>
<link>plugin://program.plexus/?url=$doregex[hash]&amp;mode=1&amp;name=Adryanlist + [makelist.param2]</link>
			<regex>
			<name>hash</name> 
			<expres>this.loadPlayer\("(.*?)"</expres>
			<page>http://arenavision.ru/[makelist.param1]</page>
			<referer>http://arenavision.ru</referer>
			<setcookie>beget=begetok</setcookie>
			</regex>
 <thumbnail>https://s1.postimg.org/rj8saq01b/image.jpg</thumbnail>
</item>	
]]></listrepeat>
<expres><![CDATA[href="\/(.*?)".*?>(A.*?)<]]></expres>href="/acestream1">AV 1-10<
<page>http://arenavision.ru/</page>
<Agent>Mozilla</Agent>
<referer>http://www.arenavision.ru</referer>
<setcookie>beget=begetok</setcookie>
</regex>
 <thumbnail>https://s1.postimg.org/rj8saq01b/image.jpg</thumbnail>
</item>

<item>
<title>SUPER SPORT 1</title>
<link>http://81.7.13.162/hls/ss1/index.m3u8</link>
<thumbnail></thumbnail>
</item>
<item>
<title>SUPER SPORT 2</title>
<link>http://81.7.13.162/hls/ss2/index.m3u8</link>
<thumbnail></thumbnail>
</item>
<item>
<title>SUPER SPORT 3</title>
<link>http://81.7.13.162/hls/ss3/index.m3u8</link>
<thumbnail></thumbnail>
</item>
<item>
<title>SUPER SPORT 4</title>
<link>http://81.7.13.162/hls/ss4/index.m3u8</link>
<thumbnail></thumbnail>
</item>

<item><title> UK - BT Sport 1</title><sportsdevil>http://artv.watch/countries/ukusa/uk-bt-sport-1/</sportsdevil><referer>0</referer><thumbnail></thumbnail></item>
<item><title> UK - BT Sport 2</title><sportsdevil>http://artv.watch/countries/ukusa/uk-bt-sport-2/</sportsdevil><referer>0</referer><thumbnail></thumbnail></item>
<item><title> UK - BT Sport 3</title><sportsdevil>http://artv.watch/countries/ukusa/uk-bt-sport-3/</sportsdevil><referer>0</referer><thumbnail></thumbnail></item>
<item><title> UK - BT Sport ESPN</title><sportsdevil>http://artv.watch/countries/ukusa/uk-bt-sport-espn/</sportsdevil><referer>0</referer><thumbnail></thumbnail></item>
<item><title> UK - ITV1</title><sportsdevil>http://artv.watch/countries/ukusa/uk-itv1/</sportsdevil><referer>0</referer><thumbnail></thumbnail></item>
<item><title> UK - ITV2</title><sportsdevil>http://artv.watch/countries/ukusa/uk-itv2/</sportsdevil><referer>0</referer><thumbnail></thumbnail></item>
<item><title> UK - ITV3</title><sportsdevil>http://artv.watch/countries/ukusa/uk-itv3/</sportsdevil><referer>0</referer><thumbnail></thumbnail></item>
<item><title> UK - ITV4</title><sportsdevil>http://artv.watch/countries/ukusa/uk-itv4/</sportsdevil><referer>0</referer><thumbnail></thumbnail></item>
<item><title> UK - Sky Sports 1</title><sportsdevil>http://artv.watch/countries/ukusa/uk-sky-sports-1/</sportsdevil><referer>0</referer><thumbnail></thumbnail></item>
<item><title> UK - Sky Sports 2</title><sportsdevil>http://artv.watch/countries/ukusa/uk-sky-sports-2/</sportsdevil><referer>0</referer><thumbnail></thumbnail></item>
<item><title> UK - Sky Sports 3</title><sportsdevil>http://artv.watch/countries/ukusa/uk-sky-sports-3/</sportsdevil><referer>0</referer><thumbnail></thumbnail></item>
<item><title> UK - Sky Sports 4</title><sportsdevil>http://artv.watch/countries/ukusa/uk-sky-sports-4/</sportsdevil><referer>0</referer><thumbnail></thumbnail></item>
<item><title> UK - Sky Sports 5</title><sportsdevil>http://artv.watch/countries/ukusa/uk-sky-sports-5/</sportsdevil><referer>0</referer><thumbnail></thumbnail></item>
<item><title> US - FOX Sports 1</title><sportsdevil>http://artv.watch/countries/ukusa/us-fox-sports-1/</sportsdevil><referer>0</referer><thumbnail></thumbnail></item>
<item><title> US - FOX Sports 2</title><sportsdevil>http://artv.watch/countries/ukusa/us-fox-sports-2/</sportsdevil><referer>0</referer><thumbnail></thumbnail></item>
<item><title> BeIn Sports 1</title><sportsdevil>http://artv.watch/countries/france/bein-sports-1/</sportsdevil><referer>0</referer><thumbnail></thumbnail></item>
<item><title> BeIn Sports 2</title><sportsdevil>http://artv.watch/countries/france/bein-sports-2/</sportsdevil><referer>0</referer><thumbnail></thumbnail></item>
<item><title> BeIn Sports 3</title><sportsdevil>http://artv.watch/countries/france/bein-sports-3/</sportsdevil><referer>0</referer><thumbnail></thumbnail></item>
<item><title> Bein Sports MAX 10</title><sportsdevil>http://artv.watch/countries/france/bein-sports-max-10/</sportsdevil><referer>0</referer><thumbnail></thumbnail></item>
<item><title> Bein Sports MAX 4</title><sportsdevil>http://artv.watch/countries/france/bein-sports-max-4/</sportsdevil><referer>0</referer><thumbnail></thumbnail></item>
<item><title> Bein Sports MAX 5</title><sportsdevil>http://artv.watch/countries/france/bein-sports-max-5/</sportsdevil><referer>0</referer><thumbnail></thumbnail></item>
<item><title> Bein Sports MAX 6</title><sportsdevil>http://artv.watch/countries/france/bein-sports-max-6/</sportsdevil><referer>0</referer><thumbnail></thumbnail></item>
<item><title> Bein Sports MAX 7</title><sportsdevil>http://artv.watch/countries/france/bein-sports-max-7/</sportsdevil><referer>0</referer><thumbnail></thumbnail></item>
<item><title> Bein Sports MAX 8</title><sportsdevil>http://artv.watch/countries/france/bein-sports-max-8/</sportsdevil><referer>0</referer><thumbnail></thumbnail></item>
<item><title> Bein Sports MAX 9</title><sportsdevil>http://artv.watch/countries/france/bein-sports-max-9/</sportsdevil><referer>0</referer><thumbnail></thumbnail></item>
<item><title> Canal+ Sport</title><sportsdevil>http://artv.watch/countries/france/canal-sport/</sportsdevil><referer>0</referer><thumbnail></thumbnail></item>
<item><title> EuroSport 1</title><sportsdevil>http://artv.watch/countries/france/eurosport-1/</sportsdevil><referer>0</referer><thumbnail></thumbnail></item>
<item><title> EuroSport 2</title><sportsdevil>http://artv.watch/countries/france/eurosport-2/</sportsdevil><referer>0</referer><thumbnail></thumbnail></item>
<item><title> SFR Sports 1</title><sportsdevil>http://artv.watch/countries/france/sfr-sports-1/</sportsdevil><referer>0</referer><thumbnail></thumbnail></item>
<item><title> SFR Sports 2</title><sportsdevil>http://artv.watch/countries/france/sfr-sports-2/</sportsdevil><referer>0</referer><thumbnail></thumbnail></item>
<item><title> SFR Sports 3</title><sportsdevil>http://artv.watch/countries/france/sfr-sports-3/</sportsdevil><referer>0</referer><thumbnail></thumbnail></item>
<item><title> SFR Sports 5</title><sportsdevil>http://artv.watch/countries/france/sfr-sports-5/</sportsdevil><referer>0</referer><thumbnail></thumbnail></item>
<item><title> Golf Network</title><sportsdevil>http://artv.watch/countries/japan/golf-network/</sportsdevil><referer>0</referer><thumbnail></thumbnail></item>
<item><title> J Sports 1</title><sportsdevil>http://artv.watch/countries/japan/j-sports-1/</sportsdevil><referer>0</referer><thumbnail></thumbnail></item>
<item><title> J Sports 2</title><sportsdevil>http://artv.watch/countries/japan/j-sports-2/</sportsdevil><referer>0</referer><thumbnail></thumbnail></item>
<item><title> J Sports 3</title><sportsdevil>http://artv.watch/countries/japan/j-sports-3/</sportsdevil><referer>0</referer><thumbnail></thumbnail></item>
<item><title> J Sports 4</title><sportsdevil>http://artv.watch/countries/japan/j-sports-4/</sportsdevil><referer>0</referer><thumbnail></thumbnail></item>


<item>
<title>[COLOR=cyan][B]========== TH VIỆT NAM ==========[/B][/COLOR]</title>
<link>http://www.youtube.com</link>
<thumbnail></thumbnail>
</item>
<item>
<title>VTV1</title>
<sportsdevil>http://tv.101vn.com/ok/vtv/vtvshow.php</sportsdevil>
<referer>0</referer>
<thumbnail></thumbnail>
</item>
<item>
<title>VTV2</title>
<sportsdevil>http://tv.101vn.com/ok/vtv/vtv2show.php</sportsdevil>
<referer>0</referer>
<thumbnail></thumbnail>
</item>
<item>
<title>VTV3</title>
<sportsdevil>http://tv.101vn.com/ok/vtv/vtv3show.php</sportsdevil>
<referer>0</referer>
<thumbnail></thumbnail>
</item>
<item>
<title>VTV4</title>
<sportsdevil>http://tv.101vn.com/ok/vtv/vtv4show.php</sportsdevil>
<referer>0</referer>
<thumbnail></thumbnail>
</item>
<item>
<title>VTV5</title>
<sportsdevil>http://tv.101vn.com/ok/vtv/vtv5show.php</sportsdevil>
<referer>0</referer>
<thumbnail></thumbnail>
</item>
<item>
<title>VTV6</title>
<sportsdevil>http://tv.101vn.com/ok/vtv/vtv6show.php</sportsdevil>
<referer>0</referer>
<thumbnail></thumbnail>
</item>
<item>
<title>VTV7</title>
<sportsdevil>http://tv.101vn.com/ok/vtv/vtv7show.php</sportsdevil>
<referer>0</referer>
<thumbnail></thumbnail>
</item>
<item>
<title>VTV8</title>
<sportsdevil>http://tv.101vn.com/ok/vtv/vtv8show.php</sportsdevil>
<referer>0</referer>
<thumbnail></thumbnail>
</item>
<item>
<title>VTV9</title>
<sportsdevil>http://tv.101vn.com/ok/vtv/vtv9show.php</sportsdevil>
<referer>0</referer>
<thumbnail></thumbnail>
</item>
<item>
<title>ANTV</title>
<sportsdevil>http://tv.101vn.com/ok/vtv/antvshow.php</sportsdevil>
<referer>0</referer>
<thumbnail></thumbnail>
</item>
<item>
<title>QPVN</title>
<sportsdevil>http://tv.101vn.com/ok/khac/qpvnshow.php</sportsdevil>
<referer>0</referer>
<thumbnail></thumbnail>
</item>
<item>
<title>NHAN DAN</title>
<sportsdevil>http://tv.101vn.com/ok/khac/nhandan.php</sportsdevil>
<referer>0</referer>
<thumbnail></thumbnail>
</item>
<item>
<title>TTXVN</title>
<sportsdevil>http://tv.101vn.com/ok/khac/ttxvnshow.php</sportsdevil>
<referer>0</referer>
<thumbnail></thumbnail>
</item>

<item>
<title>PHIMHAY</title>
<link>http://live.cdn.mobifonetv.vn/motv3/phimhay_hls.smil/chunklist_b1200000.m3u8|User-Agent=Mozilla/5.0</link>
<thumbnail></thumbnail>
</item>
<item>
<title>NCM BTV10</title>
<link>http://live.cdn.mobifonetv.vn/motv/ncm_hls.smil/chunklist_b1200000.m3u8|User-Agent=Mozilla/5.0</link>
<thumbnail></thumbnail>
</item>
<item>
<title>ANTG</title>
<link>http://live.cdn.mobifonetv.vn/motv/antg_hls.smil/chunklist_b1200000.m3u8|User-Agent=Mozilla/5.0</link>
<thumbnail></thumbnail>
</item>
<item>
<title>MIENTAY</title>
<link>http://live.cdn.mobifonetv.vn/motv2/mientay_hls.smil/chunklist_b1200000.m3u8|User-Agent=Mozilla/5.0</link>
<thumbnail></thumbnail>
</item>
<item>
<title>SAM</title>
<link>http://live.cdn.mobifonetv.vn/motv/sam_hls.smil/chunklist_b1200000.m3u8|User-Agent=Mozilla/5.0</link>
<thumbnail></thumbnail>
</item>
<item>
<title>PHIM 1 (phụ đề tiếng Việt)</title>
<sportsdevil>http://talktv.vn/streaming/play/embed/meowdoraemon</sportsdevil>
<referer>0</referer>
<thumbnail></thumbnail>
</item>
<item>
<title>PHIM 2 (phụ đề tiếng Việt)</title>
<sportsdevil>http://talktv.vn/streaming/play/embed/thegioionline</sportsdevil>
<referer>0</referer>
<thumbnail></thumbnail>
</item>
<item>
<title>PHIM 3 (phụ đề tiếng Việt)</title>
<sportsdevil>http://talktv.vn/streaming/play/embed/hdtvv</sportsdevil>
<referer>0</referer>
<thumbnail></thumbnail>
</item>

<item>
<title>[COLOR=cyan][B]========== TH HẢI NGOẠI ==========[/B][/COLOR]</title>
<link>http://www.youtube.com</link>
<thumbnail></thumbnail>
</item>

<item>
<title> Việtface Cali. 57.2 </title>
<link>http://schannel.saigon.ns01.us:1935/schannel/myStream/chunklist_w503091201.m3u8</link>
<thumbnail></thumbnail>
</item>
<item>
<title> Việt Mỹ TV </title>
<link>http://68.235.37.11:1935/vietmagazine/vietmagazine/playlist.m3u8</link>
<thumbnail></thumbnail>
</item>
<item>
<title>Việt Sóng TV 47.7  Atlanta  2</title>
<link>rtmp://uni5rtmp.tulix.tv/playout2multi10/</link>
<thumbnail></thumbnail>
</item>
<item>
<title>Việt Bay- San Jose</title>
<link>http://64.71.129.2:8080/hls/ius_000131.m3u8</link>
<thumbnail></thumbnail>
</item>
<item>
<title>Việt Phố</title>
<link>rtmp://63.143.59.125/live</link>
<thumbnail></thumbnail>
</item>
<item>
<title> Việt News TV </title>
<link>http://vietnews.saigon.ns01.us:1935/VietNews/myStream/chunklist_w107230799.m3u8</link>
<thumbnail></thumbnail>
</item>
<item>
<title>SBTN -SET channel </title>
<link>http://settv.saigon.ns01.us:1935/vietset574tvv/myStream/chunklist_w542335559.m3u8</link>
<thumbnail></thumbnail>
</item>
<item>
<title> SChannel 54.4 </title>
<link>rtmp://vf10.aditmedia.net/origin/</link>
<thumbnail></thumbnail>
</item>
<item>
<title>SET TV </title>
<link>http://livestream.vnvn.net/hls-live/livepkgr/_definst_/settv574-3/settv574-3.m3u8</link>
<thumbnail></thumbnail>
</item>
<item>
<title>IBC TV 57.8 </title>
<link>rtmp://liveplay3.malimarcdn.com:1935/ibcnews</link>
<thumbnail></thumbnail>
</item>
<item>
<title> Quê Hương Media s1</title>
<link>http://64.71.129.2:8080/hls/ius_000130.m3u8</link>
<thumbnail></thumbnail>
</item>
<item>
<title>Quê Hương Media s2</title>
<link>rtmp://vf10.aditmedia.net/ingestx/</link>
<thumbnail></thumbnail>
</item>
<item>
<title>VNBC </title>
<link>http://uni6rtmp.tulix.tv:1935/vbstv/vbsabr.smil/chunklist_w189527979_b1228800.m3u8</link>
<thumbnail></thumbnail>
</item>
<item>
<title> ViệtStar 57.11  </title>
<link>http://saigontvtv.saigon.ns01.us:1935/VietStarTV/myStream/chunklist_w36065371.m3u8</link>
<thumbnail></thumbnail>
</item>
<item>
<title>Saigon TV </title>
<link>http://63.143.59.125:1935/live/myStream/chunklist_w225895095.m3u8</link>
<thumbnail></thumbnail>
</item>
<item>
<title> Saigon TV Westminster CA 57.5 </title>
<link>http://63.143.59.125:1935/live/myStream/playlist.m3u8</link>
<thumbnail></thumbnail>
</item>
<item>
<title> Little Saigon TV 57.7 </title>
<link>http://64.71.129.2:8080/hls/ius_000131.m3u8</link>
<thumbnail></thumbnail>
</item>
<item>
<title> KVLA TV 56.5 </title>
<link>http://63.143.59.125:1935/live/myStream/chunklist_w322541891.m3u8</link>
<thumbnail></thumbnail>
</item>
<item>
<title>VBS- Vietnames Broadcasting Service </title>
<link>http://uni6rtmp.tulix.tv:1935/vbstv/vbsabr.smil/chunklist_w189527979_b1228800.m3u8</link>
<thumbnail></thumbnail>
</item>
<item>
<title>VBS (WS) </title>
<link>http://uni6rtmp.tulix.tv:1935/vbstv/vbsabr.smil/chunklist_w530158239_b1228800.m3u8</link>
<thumbnail></thumbnail>
</item>
<item>
<title>VBS Canada </title>
<link>http://uni6rtmp.tulix.tv:1935/vbstv/vbsabr.smil/chunklist_w1847269952_b204800.m3u8</link>
<thumbnail></thumbnail>
</item>
<item>
<title>VNA TV </title>
<link>http://livestream.vnvn.net/hls-live/livepkgr/_definst_/vnatv573-1/vnatv573-1.m3u8?time=1482109571065</link>
<thumbnail></thumbnail>
</item>


<item>
<title>[COLOR=cyan][B]==========TH QUỐC TẾ TỔNG HỢP==========[/B][/COLOR]</title>
<link>http://www.youtube.com</link>
<thumbnail></thumbnail>
</item>

<item><title> UK - BBC One</title><sportsdevil>http://artv.watch/countries/ukusa/uk-bbc-one/</sportsdevil><referer>0</referer><thumbnail></thumbnail></item>
<item><title> UK - BBC Three</title><sportsdevil>http://artv.watch/countries/ukusa/uk-bbc-three/</sportsdevil><referer>0</referer><thumbnail></thumbnail></item>
<item><title> UK - BBC Two</title><sportsdevil>http://artv.watch/countries/ukusa/uk-bbc-two/</sportsdevil><referer>0</referer><thumbnail></thumbnail></item>
<item><title> UK - FOX</title><sportsdevil>http://artv.watch/countries/ukusa/uk-fox/</sportsdevil><referer>0</referer><thumbnail></thumbnail></item>
<item><title> US - Boomerang</title><sportsdevil>http://artv.watch/countries/ukusa/us-boomerang/</sportsdevil><referer>0</referer><thumbnail></thumbnail></item>
<item><title> US - Cartoon Network</title><sportsdevil>http://artv.watch/countries/ukusa/us-cartoon-network/</sportsdevil><referer>0</referer><thumbnail></thumbnail></item>
<item><title> US - CNN</title><sportsdevil>http://artv.watch/countries/ukusa/us-cnn/</sportsdevil><referer>0</referer><thumbnail></thumbnail></item>
<item><title> US - Discovery</title><sportsdevil>http://artv.watch/countries/ukusa/us-discovery/</sportsdevil><referer>0</referer><thumbnail></thumbnail></item>
<item><title> US - FOX</title><sportsdevil>http://artv.watch/countries/ukusa/us-fox-2/</sportsdevil><referer>0</referer><thumbnail></thumbnail></item>
<item><title> US - HBO</title><sportsdevil>http://artv.watch/countries/ukusa/us-hbo/</sportsdevil><referer>0</referer><thumbnail></thumbnail></item>
<item><title> US - MTV</title><sportsdevil>http://artv.watch/countries/ukusa/us-mtv/</sportsdevil><referer>0</referer><thumbnail></thumbnail></item>
<item><title> US - The CW</title><sportsdevil>http://artv.watch/countries/ukusa/us-the-cw/</sportsdevil><referer>0</referer><thumbnail></thumbnail></item>
<item><title> 13Eme Rue</title><sportsdevil>http://artv.watch/countries/france/13eme-rue/</sportsdevil><referer>0</referer><thumbnail></thumbnail></item>
<item><title> 6ter</title><sportsdevil>http://artv.watch/countries/france/6ter/</sportsdevil><referer>0</referer><thumbnail></thumbnail></item>
<item><title> AB Moteurs</title><sportsdevil>http://artv.watch/countries/france/ab-moteurs/</sportsdevil><referer>0</referer><thumbnail></thumbnail></item>
<item><title> AB1</title><sportsdevil>http://artv.watch/countries/france/ab1/</sportsdevil><referer>0</referer><thumbnail></thumbnail></item>
<item><title> AB3</title><sportsdevil>http://artv.watch/countries/france/ab3/</sportsdevil><referer>0</referer><thumbnail></thumbnail></item>
<item><title> Arte</title><sportsdevil>http://artv.watch/countries/france/arte/</sportsdevil><referer>0</referer><thumbnail></thumbnail></item>
<item><title> BFM TV</title><sportsdevil>http://artv.watch/countries/france/bfm-tv/</sportsdevil><referer>0</referer><thumbnail></thumbnail></item>
<item><title> Boing</title><sportsdevil>http://artv.watch/countries/france/boing/</sportsdevil><referer>0</referer><thumbnail></thumbnail></item>
<item><title> Boomerang</title><sportsdevil>http://artv.watch/countries/france/boomerang/</sportsdevil><referer>0</referer><thumbnail></thumbnail></item>
<item><title> C8</title><sportsdevil>http://artv.watch/countries/france/c8/</sportsdevil><referer>0</referer><thumbnail></thumbnail></item>
<item><title> Canal J</title><sportsdevil>http://artv.watch/countries/france/canal-j/</sportsdevil><referer>0</referer><thumbnail></thumbnail></item>
<item><title> Canal+ (H24)</title><sportsdevil>http://artv.watch/countries/france/canal-h24/</sportsdevil><referer>0</referer><thumbnail></thumbnail></item>
<item><title> Canal+ Cinéma</title><sportsdevil>http://artv.watch/countries/france/canal-cinema/</sportsdevil><referer>0</referer><thumbnail></thumbnail></item>
<item><title> Canal+ Décalé</title><sportsdevil>http://artv.watch/countries/france/canal-decale/</sportsdevil><referer>0</referer><thumbnail></thumbnail></item>
<item><title> Canal+ Family</title><sportsdevil>http://artv.watch/countries/france/canal-family/</sportsdevil><referer>0</referer><thumbnail></thumbnail></item>
<item><title> Canal+ Séries</title><sportsdevil>http://artv.watch/countries/france/canal-series/</sportsdevil><referer>0</referer><thumbnail></thumbnail></item>
<item><title> Cartoon Network</title><sportsdevil>http://artv.watch/countries/france/cartoon-network/</sportsdevil><referer>0</referer><thumbnail></thumbnail></item>
<item><title> Chasse & Pêche</title><sportsdevil>http://artv.watch/countries/france/chasse-peche/</sportsdevil><referer>0</referer><thumbnail></thumbnail></item>
<item><title> Chérie 25</title><sportsdevil>http://artv.watch/countries/france/cherie-25/</sportsdevil><referer>0</referer><thumbnail></thumbnail></item>
<item><title>> Cine+ Classic</title><sportsdevil>http://artv.watch/countries/france/cine-classic/</sportsdevil<referer>0</referer><thumbnail></thumbnail></item>
<item><title> Cine+ Emotion</title><sportsdevil>http://artv.watch/countries/france/cine-emotion/</sportsdevil><referer>0</referer><thumbnail></thumbnail></item>
<item><title> Cine+ Famiz</title><sportsdevil>http://artv.watch/countries/france/cine-famiz/</sportsdevil><referer>0</referer><thumbnail></thumbnail></item>
<item><title> Cine+ Frisson</title><sportsdevil>http://artv.watch/countries/france/cine-frisson/</sportsdevil><referer>0</referer><thumbnail></thumbnail></item>
<item><title> Ciné+ Premier</title><sportsdevil>http://artv.watch/countries/france/cine-premier/</sportsdevil><referer>0</referer><thumbnail></thumbnail></item>
<item><title> CNews</title><sportsdevil>http://artv.watch/countries/france/cnews/</sportsdevil><referer>0</referer><thumbnail></thumbnail></item>
<item><title> Comédie+</title><sportsdevil>http://artv.watch/countries/france/comedie/</sportsdevil><referer>0</referer><thumbnail></thumbnail></item>
<item><title> CStar</title><sportsdevil>http://artv.watch/countries/france/cstar/</sportsdevil><referer>0</referer><thumbnail></thumbnail></item>
<item><title> Discovery</title><sportsdevil>http://artv.watch/countries/france/discovery/</sportsdevil><referer>0</referer><thumbnail></thumbnail></item>
<item><title> Discovery Science</title><sportsdevil>http://artv.watch/countries/france/discovery-science/</sportsdevil><referer>0</referer><thumbnail></thumbnail></item>
<item><title> Disney Channel</title><sportsdevil>http://artv.watch/countries/france/disney-channel/</sportsdevil><referer>0</referer><thumbnail></thumbnail></item>
<item><title> Disney Cinema</title><sportsdevil>http://artv.watch/countries/france/disney-cinema/</sportsdevil><referer>0</referer><thumbnail></thumbnail></item>
<item><title> Disney Junior</title><sportsdevil>http://artv.watch/countries/france/disney-junior/</sportsdevil><referer>0</referer><thumbnail></thumbnail></item>
<item><title> Disney XD</title><sportsdevil>http://artv.watch/countries/france/disney-xd/</sportsdevil><referer>0</referer><thumbnail></thumbnail></item>
<item><title> Djing Live</title><sportsdevil>http://artv.watch/countries/france/djing-live/</sportsdevil><referer>0</referer><thumbnail></thumbnail></item>
<item><title> E! Entertainment</title><sportsdevil>http://artv.watch/countries/france/e-entertainment/</sportsdevil><referer>0</referer><thumbnail></thumbnail></item>
<item><title> Equidia Live</title><sportsdevil>http://artv.watch/countries/france/equidia-live/</sportsdevil><referer>0</referer><thumbnail></thumbnail></item>
<item><title> Foot+</title><sportsdevil>http://artv.watch/countries/france/foot/</sportsdevil><referer>0</referer><thumbnail></thumbnail></item>
<item><title> France 2</title><sportsdevil>http://artv.watch/countries/france/france-2/</sportsdevil><referer>0</referer><thumbnail></thumbnail></item>
<item><title> France 3</title><sportsdevil>http://artv.watch/countries/france/france-3/</sportsdevil><referer>0</referer><thumbnail></thumbnail></item>
<item><title> France 4</title><sportsdevil>http://artv.watch/countries/france/france-4/</sportsdevil><referer>0</referer><thumbnail></thumbnail></item>
<item><title> France 5</title><sportsdevil>http://artv.watch/countries/france/france-5/</sportsdevil><referer>0</referer><thumbnail></thumbnail></item>
<item><title> France Info TV</title><sportsdevil>http://artv.watch/countries/france/france-info-tv/</sportsdevil><referer>0</referer><thumbnail></thumbnail></item>
<item><title> France Ô</title><sportsdevil>http://artv.watch/countries/france/france-o/</sportsdevil><referer>0</referer><thumbnail></thumbnail></item>
<item><title> Game One</title><sportsdevil>http://artv.watch/countries/france/game-one/</sportsdevil><referer>0</referer><thumbnail></thumbnail></item>
<item><title> Gong</title><sportsdevil>http://artv.watch/countries/france/gong/</sportsdevil><referer>0</referer><thumbnail></thumbnail></item>
<item><title> Gulli</title><sportsdevil>http://artv.watch/countries/france/gulli/</sportsdevil><referer>0</referer><thumbnail></thumbnail></item>
<item><title> HD1</title><sportsdevil>http://artv.watch/countries/france/hd1/</sportsdevil><referer>0</referer><thumbnail></thumbnail></item>
<item><title> Infosport+</title><sportsdevil>http://artv.watch/countries/france/infosport/</sportsdevil><referer>0</referer><thumbnail></thumbnail></item>
<item><title> J-One</title><sportsdevil>http://artv.watch/countries/france/j-one/</sportsdevil><referer>0</referer><thumbnail></thumbnail></item>
<item><title> L'Equipe</title><sportsdevil>http://artv.watch/countries/france/lequipe/</sportsdevil><referer>0</referer><thumbnail></thumbnail></item>
<item><title> LCP</title><sportsdevil>http://artv.watch/countries/france/lcp/</sportsdevil><referer>0</referer><thumbnail></thumbnail></item>
<item><title> M6</title><sportsdevil>http://artv.watch/countries/france/m6/</sportsdevil><referer>0</referer><thumbnail></thumbnail></item>
<item><title> Mangas</title><sportsdevil>http://artv.watch/countries/france/mangas/</sportsdevil><referer>0</referer><thumbnail></thumbnail></item>
<item><title> MCM</title><sportsdevil>http://artv.watch/countries/france/mcm/</sportsdevil><referer>0</referer><thumbnail></thumbnail></item>
<item><title> MCM Top</title><sportsdevil>http://artv.watch/countries/france/mcm-top/</sportsdevil><referer>0</referer><thumbnail></thumbnail></item>
<item><title> Motors TV</title><sportsdevil>http://artv.watch/countries/france/motors-tv/</sportsdevil><referer>0</referer><thumbnail></thumbnail></item>
<item><title> MTV</title><sportsdevil>http://artv.watch/countries/france/mtv/</sportsdevil><referer>0</referer><thumbnail></thumbnail></item>
<item><title> Nat Geo Wild</title><sportsdevil>http://artv.watch/countries/france/nat-geo-wild/</sportsdevil><referer>0</referer><thumbnail></thumbnail></item>
<item><title> National Geographic</title><sportsdevil>http://artv.watch/countries/france/national-geographic/</sportsdevil><referer>0</referer><thumbnail></thumbnail></item>
<item><title> Nickelodeon</title><sportsdevil>http://artv.watch/countries/france/nickelodeon/</sportsdevil><referer>0</referer><thumbnail></thumbnail></item>
<item><title> Nickelodeon 4 Teen</title><sportsdevil>http://artv.watch/countries/france/nickelodeon-4-teen/</sportsdevil><referer>0</referer><thumbnail></thumbnail></item>
<item><title> NRJ12</title><sportsdevil>http://artv.watch/countries/france/nrj12/</sportsdevil><referer>0</referer><thumbnail></thumbnail></item>
<item><title> NRJTV</title><sportsdevil>http://artv.watch/countries/france/nrjtv/</sportsdevil><referer>0</referer><thumbnail></thumbnail></item>
<item><title> NT1</title><sportsdevil>http://artv.watch/countries/france/nt1/</sportsdevil><referer>0</referer><thumbnail></thumbnail></item>
<item><title> Numéro 23</title><sportsdevil>http://artv.watch/countries/france/numero-23/</sportsdevil><referer>0</referer><thumbnail></thumbnail></item>
<item><title> OCS Choc</title><sportsdevil>http://artv.watch/countries/france/ocs-choc/</sportsdevil><referer>0</referer><thumbnail></thumbnail></item>
<item><title> OCS City</title><sportsdevil>http://artv.watch/countries/france/ocs-city/</sportsdevil><referer>0</referer><thumbnail></thumbnail></item>
<item><title> OCS Geants</title><sportsdevil>http://artv.watch/countries/france/ocs-geants/</sportsdevil><referer>0</referer><thumbnail></thumbnail></item>
<item><title> OCS Max</title><sportsdevil>http://artv.watch/countries/france/ocs-max/</sportsdevil><referer>0</referer><thumbnail></thumbnail></item>
<item><title> Paramount Channel</title><sportsdevil>http://artv.watch/countries/france/paramount-channel/</sportsdevil><referer>0</referer><thumbnail></thumbnail></item>
<item><title> Paris Première</title><sportsdevil>http://artv.watch/countries/france/paris-premiere/</sportsdevil><referer>0</referer><thumbnail></thumbnail></item>
<item><title> Piwi+</title><sportsdevil>http://artv.watch/countries/france/piwi/</sportsdevil><referer>0</referer><thumbnail></thumbnail></item>
<item><title> Planète+</title><sportsdevil>http://artv.watch/countries/france/planete/</sportsdevil><referer>0</referer><thumbnail></thumbnail></item>
<item><title> Planète+ A&E</title><sportsdevil>http://artv.watch/countries/france/planete-ae/</sportsdevil><referer>0</referer><thumbnail></thumbnail></item>
<item><title> Planète+ CI</title><sportsdevil>http://artv.watch/countries/france/planete-ci/</sportsdevil><referer>0</referer><thumbnail></thumbnail></item>
<item><title> RFM TV</title><sportsdevil>http://artv.watch/countries/france/rfm-tv/</sportsdevil><referer>0</referer><thumbnail></thumbnail></item>
<item><title> RMC Découverte</title><sportsdevil>http://artv.watch/countries/france/rmc-decouverte/</sportsdevil><referer>0</referer><thumbnail></thumbnail></item>
<item><title> RTL9</title><sportsdevil>http://artv.watch/countries/france/rtl9/</sportsdevil><referer>0</referer><thumbnail></thumbnail></item>
<item><title> RTS Deux</title><sportsdevil>http://artv.watch/countries/france/rts-deux/</sportsdevil><referer>0</referer><thumbnail></thumbnail></item>
<item><title> RTS Un</title><sportsdevil>http://artv.watch/countries/france/rts-un/</sportsdevil><referer>0</referer><thumbnail></thumbnail></item>
<item><title> Serie Club</title><sportsdevil>http://artv.watch/countries/france/serie-club/</sportsdevil><referer>0</referer><thumbnail></thumbnail></item>
<item><title> SyFy</title><sportsdevil>http://artv.watch/countries/france/syfy/</sportsdevil><referer>0</referer><thumbnail></thumbnail></item>
<item><title> Télétoon+</title><sportsdevil>http://artv.watch/countries/france/teletoon/</sportsdevil><referer>0</referer><thumbnail></thumbnail></item>
<item><title> Téva</title><sportsdevil>http://artv.watch/countries/france/teva/</sportsdevil><referer>0</referer><thumbnail></thumbnail></item>
<item><title> TF1</title><sportsdevil>http://artv.watch/countries/france/tf1/</sportsdevil><referer>0</referer><thumbnail></thumbnail></item>
<item><title> TMC</title><sportsdevil>http://artv.watch/countries/france/tmc/</sportsdevil><referer>0</referer><thumbnail></thumbnail></item>
<item><title> Toonami</title><sportsdevil>http://artv.watch/countries/france/toonami/</sportsdevil><referer>0</referer><thumbnail></thumbnail></item>
<item><title> Trace Urban</title><sportsdevil>http://artv.watch/countries/france/trace-urban/</sportsdevil><referer>0</referer><thumbnail></thumbnail></item>
<item><title> W9</title><sportsdevil>http://artv.watch/countries/france/w9/</sportsdevil><referer>0</referer><thumbnail></thumbnail></item>
<item><title> XemTV</title><sportsdevil>http://artv.watch/countries/france/xemtv/</sportsdevil><referer>0</referer><thumbnail></thumbnail></item>
<item><title> BS-TBS</title><sportsdevil>http://artv.watch/countries/japan/bs-tbs/</sportsdevil><referer>0</referer><thumbnail></thumbnail></item>
<item><title> Discovery - J</title><sportsdevil>http://artv.watch/countries/japan/discovery/</sportsdevil><referer>0</referer><thumbnail></thumbnail></item>
<item><title> GAORA - J</title><sportsdevil>http://artv.watch/countries/japan/gaora/</sportsdevil><referer>0</referer><thumbnail></thumbnail></item>

<item>
<title>Sopcast:AXN</title>
<link>plugin://program.plexus/?url=sop://broker.sopcast.com:3912/149261&amp;mode=2&amp;name=AXN</link>
<thumbnail></thumbnail>
</item>
<item>
<title>Sopcast:HBO 2</title>
<link>plugin://program.plexus/?url=sop://broker.sopcast.com:3912/149259&amp;mode=2&amp;name=HBO</link>
<thumbnail></thumbnail>
</item>
<item>
<title>Sopcast:HBO 3</title>
<link>plugin://program.plexus/?url=sop://broker.sopcast.com:3912/149255&amp;mode=2&amp;name=HBO</link>
<thumbnail></thumbnail>
</item>
<item>
<title>Sopcast:Film Cafe</title>
<link>plugin://program.plexus/?url=sop://broker.sopcast.com:3912/256238&amp;mode=2&amp;name=Film</link>
<thumbnail></thumbnail>
</item>
<item>
<title>Sopcast:TV1000</title>
<link>plugin://program.plexus/?url=sop://broker.sopcast.com:3912/256337&amp;mode=2&amp;name=TV1000</link>
<thumbnail></thumbnail>
</item>
<item>
<title>Sopcast:Filmbox</title>
<link>plugin://program.plexus/?url=sop://broker.sopcast.com:3912/148981&amp;mode=2&amp;name=Filmbox</link>
<thumbnail></thumbnail>
</item>
<item>
<title>Sopcast:Fro Cinema</title>
<link>plugin://program.plexus/?url=sop://broker.sopcast.com:3912/148249&amp;mode=2&amp;name=Fro</link>
<thumbnail></thumbnail>
</item>
<item>
<title>Sopcast:DIVA UNIVERSAL</title>
<link>plugin://program.plexus/?url=sop://broker.plugin://program.plexus/?url=sopcast.com:3912/253034&amp;mode=2&amp;name=DIVA</link>
<thumbnail></thumbnail>
</item>
<item>
<title>Sopcast:PARAMOUNT</title>
<link>plugin://program.plexus/?url=sop://broker.plugin://program.plexus/?url=sopcast.com:3912/253033&amp;mode=2&amp;name=PARAMOUNT</link>
<thumbnail></thumbnail>
</item>
<item>
<title>Sopcast:Boomerang</title>
<link>plugin://program.plexus/?url=sop://broker.sopcast.com:3912/149264&amp;mode=2&amp;name=Boomerang</link>
<thumbnail></thumbnail>
</item>
<item>
<title>Sopcast:Cartoon Network</title>
<link>plugin://program.plexus/?url=sop://broker.sopcast.com:3912/148254&amp;mode=2&amp;name=Cartoon</link>
<thumbnail></thumbnail>
</item>
<item>
<title>Sopcast:DISNEY</title>
<link>plugin://program.plexus/?url=sop://broker.sopcast.com:3912/253031&amp;mode=2&amp;name=DISNEY</link>
<thumbnail></thumbnail>
</item>
<item>
<title>Sopcast:DISNEY JR</title>
<link>plugin://program.plexus/?url=sop://broker.sopcast.com:3912/256239&amp;mode=2&amp;name=DISNEY</link>
<thumbnail></thumbnail>
</item>
<item>
<title>Sopcast:MEGAMAX</title>
<link>plugin://program.plexus/?url=sop://broker.sopcast.com:3912/256328&amp;mode=2&amp;name=MEGAMAX</link>
<thumbnail></thumbnail>
</item>
<item>
<title>Sopcast:NICKELODEON</title>
<link>plugin://program.plexus/?url=sop://broker.sopcast.com:3912/253472&amp;mode=2&amp;name=NICKELODEON</link>
<thumbnail></thumbnail>
</item>
<item>
<title>Sopcast:National Geographic</title>
<link>plugin://program.plexus/?url=sop://broker.sopcast.com:3912/148248&amp;mode=2&amp;name=National</link>
<thumbnail></thumbnail>
</item>
<item>
<title>Sopcast:NatGeo Wild</title>
<link>plugin://program.plexus/?url=sop://broker.sopcast.com:3912/253037&amp;mode=2&amp;name=NatGeo</link>
<thumbnail></thumbnail>
</item>
<item>
<title>Sopcast:Discovery Channel</title>
<link>plugin://program.plexus/?url=sop://broker.sopcast.com:3912/256241&amp;mode=2&amp;name=Discovery</link>
<thumbnail></thumbnail>
</item>
<item>
<title>Sopcast:Discovery Science</title>
<link>plugin://program.plexus/?url=sop://broker.sopcast.com:3912/256243&amp;mode=2&amp;name=Discovery</link>
<thumbnail></thumbnail>
</item>
<item>
<title>Sopcast:Discovery ID</title>
<link>plugin://program.plexus/?url=sop://broker.sopcast.com:3912/256244&amp;mode=2&amp;name=Discovery</link>
<thumbnail></thumbnail>
</item>
<item>
<title>Sopcast:BBC Earth</title>
<link>plugin://program.plexus/?url=sop://broker.sopcast.com:3912/148257&amp;mode=2&amp;name=BBC</link>
<thumbnail></thumbnail>
</item>
<item>
<title>Sopcast:HISTORY</title>
<link>plugin://program.plexus/?url=sop://broker.sopcast.com:3912/253032&amp;mode=2&amp;name=HISTORY</link>
<thumbnail></thumbnail>
</item>
<item>
<title>Sopcast:VIASAT HISTORY</title>
<link>plugin://program.plexus/?url=sop://broker.sopcast.com:3912/151300&amp;mode=2&amp;name=VIASAT</link>
<thumbnail></thumbnail>
</item>
<item>
<title>Sopcast:TLC</title>
<link>plugin://program.plexus/?url=sop://broker.sopcast.com:3912/148256&amp;mode=2&amp;name=TLC</link>
<thumbnail></thumbnail>
</item>
<item>
<title>CNN PHILIPPIN</title>
<link>rtmp://54.251.134.121/live/15273.sdp</link>
<thumbnail></thumbnail>
</item>
<item>
<title>Aljazeera</title>
<link>http://aljazeera-eng-apple-live.adaptive.level3.net/apple/aljazeera/english/800.m3u8</link>
<thumbnail></thumbnail>
</item>
<item>
<title>CHANNEL NEWSASIA</title>
<link>http://imtcnai-lh.akamaihd.net/i/cnai_main@334572/master.m3u8</link>
<thumbnail></thumbnail>
</item>
<item>
<title>ARIANG HD</title>
<link>http://amdlive.ctnd.com.edgesuite.net/arirang_1ch/smil:arirang_1ch.smil/playlist.m3u8</link>
<thumbnail></thumbnail>
</item>
<item>
<title>KOSMOS</title>
<link>http://d2ai41bknpka2u.cloudfront.net/live/iss.stream_source/chunklist.m3u8</link>
<thumbnail></thumbnail>
</item>
<item>
<title>RT DOCUMENTARY</title>
<link>http://rtmp.api.rt.com/hls/rtdru.m3u8</link>
<thumbnail></thumbnail>
</item>
<item>
<title>TRT BELGESEL HD</title>
<link>http://trtcanlitv-lh.akamaihd.net/i/TRTBELGESEL_1@182145/index_600_av-p.m3u8?sd=10&amp;rebase=on</link>
<thumbnail></thumbnail>
</item>
<item>
<title>BELGESEL TV</title>
<link>rtsp://yayin.networkbil.com/belgeseltv</link>
<thumbnail></thumbnail>
</item>
<item>
<title>Aljazeera Doc</title>
<link>http://aljazeera-doc-apple-live.adaptive.level3.net/apple/aljazeera/hq-doc/800kStream.m3u8</link>
<thumbnail></thumbnail>
</item>

<item>
<title>[COLOR=cyan][B]========== KÊNH GIẢI TRÍ ==========[/B][/COLOR]</title>
<link>http://www.youtube.com</link>
<thumbnail></thumbnail>
</item>
<item>
<title>7Giờ Trữ Tình</title>
<link>ignorme</link>
<jsonrpc>Plugin://plugin.video.youtube/channel/UC-TZQspRaYcMdvCI9tXi1sw/?page=0</jsonrpc>
<thumbnail>https://yt3.ggpht.com/-_EB82UWJLmY/AAAAAAAAAAI/AAAAAAAAAAA/9tOkPyxkaKM/s900-c-k-no-mo-rj-c0xffffff/photo.jpg</thumbnail>
<fanart>https://yt3.ggpht.com/-_EB82UWJLmY/AAAAAAAAAAI/AAAAAAAAAAA/9tOkPyxkaKM/s900-c-k-no-mo-rj-c0xffffff/photo.jpg</fanart>
</item>
<item>
<title>Giọng Ca Để Đời</title>
<link>ignorme</link>
<jsonrpc>Plugin://plugin.video.youtube/channel/UCwZ2ZaFfTusqV_MGMHUnEsg/?page=0</jsonrpc>
<thumbnail>https://yt3.ggpht.com/-ZalDHZrw6Fs/AAAAAAAAAAI/AAAAAAAAAAA/1_UbeimvGqg/s900-c-k-no-mo-rj-c0xffffff/photo.jpg</thumbnail>
<fanart>https://yt3.ggpht.com/-ZalDHZrw6Fs/AAAAAAAAAAI/AAAAAAAAAAA/1_UbeimvGqg/s900-c-k-no-mo-rj-c0xffffff/photo.jpg</fanart>
</item>
<item>
<title>NHẠC VÀNG TRỮ TÌNH</title>
<link>ignorme</link>
<jsonrpc>Plugin://plugin.video.youtube/channel/UCA1D9ewXaWAT4pO0vxsMhOA/?page=0</jsonrpc>
<thumbnail>https://yt3.ggpht.com/-BVEfIISL6Cs/AAAAAAAAAAI/AAAAAAAAAAA/S_7czHSSG1Y/s900-c-k-no-mo-rj-c0xffffff/photo.jpg</thumbnail>
<fanart>https://yt3.ggpht.com/-BVEfIISL6Cs/AAAAAAAAAAI/AAAAAAAAAAA/S_7czHSSG1Y/s900-c-k-no-mo-rj-c0xffffff/photo.jpg</fanart>
</item>
<item>
<title>NHẠC BOLERO</title>
<link>ignorme</link>
<jsonrpc>Plugin://plugin.video.youtube/user/PHONGTHUVOHOANG/?page=0</jsonrpc>
<thumbnail>https://yt3.ggpht.com/-LeHINzm1U3I/AAAAAAAAAAI/AAAAAAAAAAA/Owl2BWIdHws/s900-c-k-no-mo-rj-c0xffffff/photo.jpg</thumbnail>
<fanart>https://yt3.ggpht.com/-LeHINzm1U3I/AAAAAAAAAAI/AAAAAAAAAAA/Owl2BWIdHws/s900-c-k-no-mo-rj-c0xffffff/photo.jpg</fanart>
</item>

<item>
<title>GIỌNG HÁT VIỆT 1</title>
<sportsdevil>http://m.tvplay.vn/video/119130-giong-hat-viet-the-voice-2017/112412-12-02-phan-1.html</sportsdevil>
<referer>http://m.tvplay.vn/</referer>
<thumbnail></thumbnail>
</item>
<item>
<title>GIỌNG HÁT VIỆT 2</title>
<sportsdevil>http://m.tvplay.vn/video/119130-giong-hat-viet-the-voice-2017/112414-12-02-phan-2.html</sportsdevil>
<referer>http://m.tvplay.vn/</referer>
<thumbnail></thumbnail>
</item>
<item>
<title>GIỌNG HÁT VIỆT 3</title>
<sportsdevil>http://m.tvplay.vn/video/119130-giong-hat-viet-the-voice-2017/113100-19-02-phan-1.html</sportsdevil>
<referer>http://m.tvplay.vn/</referer>
<thumbnail></thumbnail>
</item>
<item>
<title>GIỌNG HÁT VIỆT 4</title>
<sportsdevil>http://m.tvplay.vn/video/119130-giong-hat-viet-the-voice-2017/113225-19-02-phan-2.html</sportsdevil>
<referer>http://m.tvplay.vn/</referer>
<thumbnail></thumbnail>
</item>


<item>
<title>BÀI HÁT HAY NHẤT 1</title>
<sportsdevil>http://m.tvplay.vn/video/94932-sing-my-song-bai-hat-hay-nhat/99602-20-11-phan-1.html</sportsdevil>
<referer>http://m.tvplay.vn/</referer>
<thumbnail></thumbnail>
</item>
<item>
<title>BÀI HÁT HAY NHẤT 2</title>
<sportsdevil>http://m.tvplay.vn/video/94932-sing-my-song-bai-hat-hay-nhat/99610-20-11-phan-2.html</sportsdevil>
<referer>http://m.tvplay.vn/</referer>
<thumbnail></thumbnail>
</item>
<item>
<title>BÀI HÁT HAY NHẤT 3</title>
<sportsdevil>http://m.tvplay.vn/video/94932-sing-my-song-bai-hat-hay-nhat/100376-27-11-phan-1.html</sportsdevil>
<referer>http://m.tvplay.vn/</referer>
<thumbnail></thumbnail>
</item>
<item>
<title>BÀI HÁT HAY NHẤT 4</title>
<sportsdevil>http://m.tvplay.vn/video/94932-sing-my-song-bai-hat-hay-nhat/100377-27-11-phan-2.html</sportsdevil>
<referer>http://m.tvplay.vn/</referer>
<thumbnail></thumbnail>
</item>
<item>
<title>BÀI HÁT HAY NHẤT 5</title>
<sportsdevil>http://m.tvplay.vn/video/94932-sing-my-song-bai-hat-hay-nhat/101904-05-12-phan-1.html</sportsdevil>
<referer>http://m.tvplay.vn/</referer>
<thumbnail></thumbnail>
</item>
<item>
<title>BÀI HÁT HAY NHẤT 6</title>
<sportsdevil>http://m.tvplay.vn/video/94932-sing-my-song-bai-hat-hay-nhat/101905-05-12-phan-2.html</sportsdevil>
<referer>http://m.tvplay.vn/</referer>
<thumbnail></thumbnail>
</item>
<item>
<title>BÀI HÁT HAY NHẤT 7</title>
<sportsdevil>http://m.tvplay.vn/video/94932-sing-my-song-bai-hat-hay-nhat/102459-12-12-phan-1.html</sportsdevil>
<referer>http://m.tvplay.vn/</referer>
<thumbnail></thumbnail>
</item>
<item>
<title>BÀI HÁT HAY NHẤT 8</title>
<sportsdevil>http://m.tvplay.vn/video/94932-sing-my-song-bai-hat-hay-nhat/102460-12-12-phan-2.html</sportsdevil>
<referer>http://m.tvplay.vn/</referer>
<thumbnail></thumbnail>
</item>
<item>
<title>BÀI HÁT HAY NHẤT 9</title>
<sportsdevil>http://m.tvplay.vn/video/94932-sing-my-song-bai-hat-hay-nhat/103059-18-12-phan-1.html</sportsdevil>
<referer>http://m.tvplay.vn/</referer>
<thumbnail></thumbnail>
</item>
<item>
<title>BÀI HÁT HAY NHẤT 10</title>
<sportsdevil>http://m.tvplay.vn/video/94932-sing-my-song-bai-hat-hay-nhat/103060-18-12-phan-2.html</sportsdevil>
<referer>http://m.tvplay.vn/</referer>
<thumbnail></thumbnail>
</item>
<item>
<title>BÀI HÁT HAY NHẤT 11</title>
<sportsdevil>http://m.tvplay.vn/video/94932-sing-my-song-bai-hat-hay-nhat/103667-25-12-phan-1.html</sportsdevil>
<referer>http://m.tvplay.vn/</referer>
<thumbnail></thumbnail>
</item>
<item>
<title>BÀI HÁT HAY NHẤT 12</title>
<sportsdevil>http://m.tvplay.vn/video/94932-sing-my-song-bai-hat-hay-nhat/103673-25-12-phan-2.html</sportsdevil>
<referer>http://m.tvplay.vn/</referer>
<thumbnail></thumbnail>
</item>
<item>
<title>BÀI HÁT HAY NHẤT 13</title>
<sportsdevil>http://m.tvplay.vn/video/94932-sing-my-song-bai-hat-hay-nhat/104625-1-1-phan-1.html</sportsdevil>
<referer>http://m.tvplay.vn/</referer>
<thumbnail></thumbnail>
</item>
<item>
<title>BÀI HÁT HAY NHẤT 14</title>
<sportsdevil>http://m.tvplay.vn/video/94932-sing-my-song-bai-hat-hay-nhat/104626-1-1-phan-2.html</sportsdevil>
<referer>http://m.tvplay.vn/</referer>
<thumbnail></thumbnail>
</item>
<item>
<title>BÀI HÁT HAY NHẤT 15</title>
<sportsdevil>http://m.tvplay.vn/video/94932-sing-my-song-bai-hat-hay-nhat/104842-08-01-phan-1.html</sportsdevil>
<referer>http://m.tvplay.vn/</referer>
<thumbnail></thumbnail>
</item>
<item>
<title>BÀI HÁT HAY NHẤT 16</title>
<sportsdevil>http://m.tvplay.vn/video/94932-sing-my-song-bai-hat-hay-nhat/104843-08-01-phan-2.html</sportsdevil>
<referer>http://m.tvplay.vn/</referer>
<thumbnail></thumbnail>
</item>
<item>
<title>BÀI HÁT HAY NHẤT 17</title>
<sportsdevil>http://m.tvplay.vn/video/94932-sing-my-song-bai-hat-hay-nhat/106506-15-01-phan-1.html</sportsdevil>
<referer>http://m.tvplay.vn/</referer>
<thumbnail></thumbnail>
</item>
<item>
<title>BÀI HÁT HAY NHẤT 18</title>
<sportsdevil>http://m.tvplay.vn/video/94932-sing-my-song-bai-hat-hay-nhat/106507-15-01-phan-2.html</sportsdevil>
<referer>http://m.tvplay.vn/</referer>
<thumbnail></thumbnail>
</item>
<item>
<title>BÀI HÁT HAY NHẤT - CHUNG KẾT PHẦN 1</title>
<sportsdevil>http://m.tvplay.vn/video/94932-sing-my-song-bai-hat-hay-nhat/106901-chung-ket-phan-1.html</sportsdevil>
<referer>http://m.tvplay.vn/</referer>
<thumbnail></thumbnail>
</item>
<item>
<title>BÀI HÁT HAY NHẤT -CHUNG KẾT PHẦN 2 </title>
<sportsdevil>http://m.tvplay.vn/video/94932-sing-my-song-bai-hat-hay-nhat/106902-chung-ket-phan-2.html</sportsdevil>
<referer>http://m.tvplay.vn/</referer>
<thumbnail></thumbnail>
</item>
<item>
<title>THẦN TƯỢNG BOLERO 1</title>
<sportsdevil>http://m.tvplay.vn/video/129118-than-tuong-bolero-2017/118643-tap-1.html</sportsdevil>
<referer>http://m.tvplay.vn/</referer>
<thumbnail></thumbnail>
</item>
<item>
<title>THẦN TƯỢNG BOLERO 2</title>
<sportsdevil>http://m.tvplay.vn/video/129118-than-tuong-bolero-2017/118812-tap-2.html</sportsdevil>
<referer>http://m.tvplay.vn/</referer>
<thumbnail></thumbnail>
</item>
<item>
<title>THẦN TƯỢNG BOLERO 3</title>
<sportsdevil>http://m.tvplay.vn/video/129118-than-tuong-bolero-2017/120301-tap-3.html</sportsdevil>
<referer>http://m.tvplay.vn/</referer>
<thumbnail></thumbnail>
</item>
<item>
<title>BIỆT TÀI TÍ HON 1</title>
<sportsdevil>http://m.tvplay.vn/video/105896-biet-tai-ti-hon/106532-15-01.html</sportsdevil>
<referer>http://m.tvplay.vn/</referer>
<thumbnail></thumbnail>
</item>
<item>
<title>BIỆT TÀI TÍ HON 2</title>
<sportsdevil>http://m.tvplay.vn/video/105896-biet-tai-ti-hon/106885-22-01.html</sportsdevil>
<referer>http://m.tvplay.vn/</referer>
<thumbnail></thumbnail>
</item>
<item>
<title>BIỆT TÀI TÍ HON 3</title>
<sportsdevil>http://m.tvplay.vn/video/105896-biet-tai-ti-hon/112404-12-02.html</sportsdevil>
<referer>http://m.tvplay.vn/</referer>
<thumbnail></thumbnail>
</item>
<item>
<title>BIỆT TÀI TÍ HON 4</title>
<sportsdevil>http://m.tvplay.vn/video/105896-biet-tai-ti-hon/113102-19-02.html</sportsdevil>
<referer>http://m.tvplay.vn/</referer>
<thumbnail></thumbnail>
</item>
<item>
<title>BIỆT TÀI TÍ HON 5</title>
<sportsdevil>http://m.tvplay.vn/video/105896-biet-tai-ti-hon/114623-26-02.html</sportsdevil>
<referer>http://m.tvplay.vn/</referer>
<thumbnail></thumbnail>
</item>
<item>
<title>BIỆT TÀI TÍ HON 6</title>
<sportsdevil>http://m.tvplay.vn/video/105896-biet-tai-ti-hon/115071-05-03.html</sportsdevil>
<referer>http://m.tvplay.vn/</referer>
<thumbnail></thumbnail>
</item>
<item>
<title>BIỆT TÀI TÍ HON 8</title>
<sportsdevil>http://m.tvplay.vn/video/105896-biet-tai-ti-hon/118601-12-03.html</sportsdevil>
<referer>http://m.tvplay.vn/</referer>
<thumbnail></thumbnail>
</item>
<item>
<title>BIỆT TÀI TÍ HON 9</title>
<sportsdevil>http://m.tvplay.vn/video/105896-biet-tai-ti-hon/118945-19-03.html</sportsdevil>
<referer>http://m.tvplay.vn/</referer>
<thumbnail></thumbnail>
</item>
<item>
<title>HÒA ÂM ÁNH SÁNG 1</title>
<sportsdevil>http://m.tvplay.vn/video/105879-hoa-am-anh-sang-2017-remix-new-generation/106508-13-01.html</sportsdevil>
<referer>http://m.tvplay.vn/</referer>
<thumbnail></thumbnail>
</item>
<item>
<title>HÒA ÂM ÁNH SÁNG 2</title>
<sportsdevil>http://m.tvplay.vn/video/105879-hoa-am-anh-sang-2017-remix-new-generation/106893-20-01-phan-1.html</sportsdevil>
<referer>http://m.tvplay.vn/</referer>
<thumbnail></thumbnail>
</item>
<item>
<title>HÒA ÂM ÁNH SÁNG 3</title>
<sportsdevil>http://m.tvplay.vn/video/105879-hoa-am-anh-sang-2017-remix-new-generation/106896-20-01-phan-2.html</sportsdevil>
<referer>http://m.tvplay.vn/</referer>
<thumbnail></thumbnail>
</item>
<item>
<title>HÒA ÂM ÁNH SÁNG 4</title>
<sportsdevil>http://m.tvplay.vn/video/105879-hoa-am-anh-sang-2017-remix-new-generation/112416-10-02.html</sportsdevil>
<referer>http://m.tvplay.vn/</referer>
<thumbnail></thumbnail>
</item>
<item>
<title>HÒA ÂM ÁNH SÁNG 5</title>
<sportsdevil>http://m.tvplay.vn/video/105879-hoa-am-anh-sang-2017-remix-new-generation/113106-17-02-phan-1.html</sportsdevil>
<referer>http://m.tvplay.vn/</referer>
<thumbnail></thumbnail>
</item>
<item>
<title>HÒA ÂM ÁNH SÁNG 6</title>
<sportsdevil>http://m.tvplay.vn/video/105879-hoa-am-anh-sang-2017-remix-new-generation/113107-17-02-phan-2.html</sportsdevil>
<referer>http://m.tvplay.vn/</referer>
<thumbnail></thumbnail>
</item>
<item>
<title>HÒA ÂM ÁNH SÁNG 7</title>
<sportsdevil>http://m.tvplay.vn/video/105879-hoa-am-anh-sang-2017-remix-new-generation/114617-24-02-phan-1.html</sportsdevil>
<referer>http://m.tvplay.vn/</referer>
<thumbnail></thumbnail>
</item>
<item>
<title>HÒA ÂM ÁNH SÁNG 8</title>
<sportsdevil>http://m.tvplay.vn/video/105879-hoa-am-anh-sang-2017-remix-new-generation/114618-24-02-phan-2.html</sportsdevil>
<referer>http://m.tvplay.vn/</referer>
<thumbnail></thumbnail>
</item>
<item>
<title>HÒA ÂM ÁNH SÁNG 9</title>
<sportsdevil>http://m.tvplay.vn/video/105879-hoa-am-anh-sang-2017-remix-new-generation/115072-03-03-phan-1.html</sportsdevil>
<referer>http://m.tvplay.vn/</referer>
<thumbnail></thumbnail>
</item>
<item>
<title>ÁNH SÁNG HAY BÓNG TỐI 1</title>
<sportsdevil>http://m.tvplay.vn/video/97985-anh-sang-hay-bong-toi/101878-03-12.html</sportsdevil>
<referer>http://m.tvplay.vn/</referer>
<thumbnail></thumbnail>
</item>
<item>
<title>ÁNH SÁNG HAY BÓNG TỐI 2</title>
<sportsdevil>http://m.tvplay.vn/video/97985-anh-sang-hay-bong-toi/102445-10-12.html</sportsdevil>
<referer>http://m.tvplay.vn/</referer>
<thumbnail></thumbnail>
</item>
<item>
<title>ÁNH SÁNG HAY BÓNG TỐI 3 </title>
<sportsdevil>http://m.tvplay.vn/video/97985-anh-sang-hay-bong-toi/103063-17-12.html</sportsdevil>
<referer>http://m.tvplay.vn/</referer>
<thumbnail></thumbnail>
</item>
<item>
<title>ÁNH SÁNG HAY BÓNG TỐI 4 </title>
<sportsdevil>http://m.tvplay.vn/video/97985-anh-sang-hay-bong-toi/103659-24-12.html</sportsdevil>
<referer>http://m.tvplay.vn/</referer>
<thumbnail></thumbnail>
</item>
<item>
<title>ÁNH SÁNG HAY BÓNG TỐI 5 </title>
<sportsdevil>http://m.tvplay.vn/video/97985-anh-sang-hay-bong-toi/104627-31-12.html</sportsdevil>
<referer>http://m.tvplay.vn/</referer>
<thumbnail></thumbnail>
</item>
<item>
<title>ÁNH SÁNG HAY BÓNG TỐI 6 </title>
<sportsdevil>http://m.tvplay.vn/video/97985-anh-sang-hay-bong-toi/104841-07-01.html</sportsdevil>
<referer>http://m.tvplay.vn/</referer>
<thumbnail></thumbnail>
</item>
<item>
<title>ÁNH SÁNG HAY BÓNG TỐI 7 </title>
<sportsdevil>http://m.tvplay.vn/video/97985-anh-sang-hay-bong-toi/106533-14-01.html</sportsdevil>
<referer>http://m.tvplay.vn/</referer>
<thumbnail></thumbnail>
</item>
<item>
<title>ÁNH SÁNG HAY BÓNG TỐI 8 </title>
<sportsdevil>http://m.tvplay.vn/video/97985-anh-sang-hay-bong-toi/106897-20-01.html</sportsdevil>
<referer>http://m.tvplay.vn/</referer>
<thumbnail></thumbnail>
</item>
<item>
<title>ÁNH SÁNG HAY BÓNG TỐI 9 </title>
<sportsdevil>http://m.tvplay.vn/video/97985-anh-sang-hay-bong-toi/112418-11-02.html</sportsdevil>
<referer>http://m.tvplay.vn/</referer>
<thumbnail></thumbnail>
</item>
<item>
<title>ÁNH SÁNG HAY BÓNG TỐI 10 </title>
<sportsdevil>http://m.tvplay.vn/video/97985-anh-sang-hay-bong-toi/113109-18-02.html</sportsdevil>
<referer>http://m.tvplay.vn/</referer>
<thumbnail></thumbnail>
</item>
<item>
<title>ÁNH SÁNG HAY BÓNG TỐI 11 </title>
<sportsdevil>http://m.tvplay.vn/video/97985-anh-sang-hay-bong-toi/114620-25-02.html</sportsdevil>
<referer>http://m.tvplay.vn/</referer>
<thumbnail></thumbnail>
</item>
<item>
<title>ÁNH SÁNG HAY BÓNG TỐI 12 </title>
<sportsdevil>http://m.tvplay.vn/video/97985-anh-sang-hay-bong-toi/115074-04-03.html</sportsdevil>
<referer>http://m.tvplay.vn/</referer>
<thumbnail></thumbnail>
</item>
<item>
<title>ÁNH SÁNG HAY BÓNG TỐI 13 </title>
<sportsdevil>http://m.tvplay.vn/video/97985-anh-sang-hay-bong-toi/118603-11-03.html</sportsdevil>
<referer>http://m.tvplay.vn/</referer>
<thumbnail></thumbnail>
</item>
<item>
<title>ÁNH SÁNG HAY BÓNG TỐI 14 </title>
<sportsdevil>http://m.tvplay.vn/video/97985-anh-sang-hay-bong-toi/118948-18-03.html</sportsdevil>
<referer>http://m.tvplay.vn/</referer>
<thumbnail></thumbnail>
</item>




</stream>
