<?xml version="1.0" encoding="UTF-8" standalone="yes"?>

		
                <item>
		<title>[COLOR blue][B]**** Cần addon link_tester (Link download http://gg.gg/8ryaf) *****[/B][/COLOR]</title></title>
		<link>http://ignorame</link>
		<externallink>https://</externallink>
		<thumbnail>https://www.androidaba.com/wp-content/uploads/2017/09/link-tester-by-aba.jpg</thumbnail>
		</item> 
                 //////////////////////////////////                                      	
                <item>
		<title>[COLOR cyan][B]PHIM LẺ [/B][/COLOR]</title></title>
		<link>http://ignorame</link>
		<externallink>https://raw.githubusercontent.com/thanh51/repository.thanh51/master/Phimle.xml</externallink>
		<thumbnail>https://s18.postimg.org/w41sms9a1/MOVIES.png</thumbnail>
		</item>
                ///////////////////////////////////////////
               <item>
		<title>[COLOR pink][B]PHIM BỘ [/B][/COLOR]</title></title>
		<link>http://ignorame</link>
		<externallink>https://www.dropbox.com/s/mhwg37s4vai363h/Phim_bo.xml?dl=1</externallink>
		<thumbnail>https://s18.postimg.org/w41sms9a1/MOVIES.png</thumbnail>
		</item> 
               ///////////////////////////////////////////////

		<item>
		<title>[COLOR yellow][B]PHIM THIẾU NHI[/B][/COLOR]</title></title>
		<link>http://ignorame</link>
		<externallink>https://raw.githubusercontent.com/thanh51/repository.thanh51/master/Phimthieunhi.xml</externallink>
		<thumbnail>https://s18.postimg.org/w41sms9a1/MOVIES.png</thumbnail>
		</item> 
               ///////////////////////////////////////////////
