<?xml version="1.0" ?>


<item>
<title>Ben 10 - Tập 1</title>
<link>plugin://plugin.video.link__tester/?link=https://drive.google.com/file/d/0B6vsb0c_ZiFSQlE1SDJPUkp1c0E/view&amp;mode=play_link</link>
<thumbnail></thumbnail>
</item>
<item>
<title>Ben 10 - Tập 2</title>
<link>plugin://plugin.video.link__tester/?link=https://drive.google.com/file/d/0B6vsb0c_ZiFSUVBZaXQwRmdkcEk/view&amp;mode=play_link</link>
<thumbnail></thumbnail>
</item>
<item>
<title>Ben 10 - Tập 3</title>
<link>plugin://plugin.video.link__tester/?link=https://drive.google.com/file/d/0B6vsb0c_ZiFSZ2hQWGoxaDJ1VzQ/view&amp;mode=play_link</link>
<thumbnail></thumbnail>
</item>
<item>
<title>Ben 10 - Tập 4</title>
<link>plugin://plugin.video.link__tester/?link=https://drive.google.com/file/d/0B6vsb0c_ZiFSUmhrYU8wbnp2QlE/view&amp;mode=play_link</link>
<thumbnail></thumbnail>
</item>
<item>
<title>Ben 10 - Tập 5</title>
<link>plugin://plugin.video.link__tester/?link=https://drive.google.com/file/d/0B6vsb0c_ZiFSdWwzRUMxcXdSaWs/view&amp;mode=play_link</link>
<thumbnail></thumbnail>
</item>
<item>
		<title>Tom And Jerry(lồng tiếng Việt)</title>
		<link>$doregex[makelist3]</link>

		<regex>
		<name>makelist3</name>   
		<listrepeat><![CDATA[
		<title>[makelist3.param2]</title>
		<link>plugin://plugin.video.youtube/play/?video_id=[makelist3.param1]</link>
		<fanart>https://i.ytimg.com/i/[makelist.param2]/1.jpg</fanart>
		]]></listrepeat>
		<expres>dir="ltr" href="\/watch\?v=(.*?)".*?\n(.*?)\n</expres>
		<page>http://www.youtube.com/playlist?list=PLdhrcCVXurgLcmismpI9u-FZwFHCt-smt</page>     
		</regex>
		<thumbnail>https://s9.postimg.org/hj27fgd0v/tomandjerry.jpg</thumbnail>
		</item>

<item>
<title>Doremon NHỮNG CHIẾC DÙ KỲ QUÁI + CÂY GẬY HÒA HOÃN</title>
<link>plugin://plugin.video.link__tester/?link=https://drive.google.com/file/d/0B6vsb0c_ZiFSRlVySUtqTWF4dG8/view&amp;mode=play_link</link>
<thumbnail></thumbnail>
</item>
<item>
<title>Doraemon Chiếc Thang Máy 4 Chiều + Cắt Biển Đem Về Nhà</title>
<link>plugin://plugin.video.link__tester/?link=https://drive.google.com/file/d/0B6vsb0c_ZiFSUFhURko0SXVsT00/view&amp;mode=play_link</link>
<thumbnail></thumbnail>
</item>
<item>
<title>Doremon Phần 4 Tập 38_ ANH THÍCH EM LẮM ĐÓ + BỘ SƯU TẬP NẮP CHAI</title>
<link>plugin://plugin.video.link__tester/?link=https://drive.google.com/file/d/0B6vsb0c_ZiFSbzkzSi1JYy1RNzg/view&amp;mode=play_link</link>
<thumbnail></thumbnail>
</item>
<item>
<title>Doremon Tiếng Việt HTV3 2017 Tập 16 Suneo Biến Thành Siêu Nhân</title>
<link>plugin://plugin.video.link__tester/?link=https://drive.google.com/file/d/0B6vsb0c_ZiFSWXpra2I5VElfeGM/view&amp;mode=play_link</link>
<thumbnail></thumbnail>
</item>
<item>
<title>DoremonĐồ Cổ Thời Tiền Sử</title>
<link>plugin://plugin.video.link__tester/?link=https://drive.google.com/file/d/0B6vsb0c_ZiFSWjVMNmg0cTFYRzg/view&amp;mode=play_link</link>
<thumbnail></thumbnail>
</item>

<item>
<title>Doremon</title>
<link>$doregex[makelist]</link>
<regex>
<name>makelist</name>
<listrepeat><![CDATA[
<title>[makelist.param2]   [makelist.param3]</title>
<link>plugin://plugin.video.youtube/play/?video_id=[makelist.param1]</link>
]]></listrepeat>
<expres>href="\/watch\?v=(.*?)">(.*?)&lt;.*?> -.*?:(.*?)&lt;\/span>&lt;\/h3></expres>
<page>https://www.youtube.com/channel/UCcbGRC4ZKVX2TWWyE3ROBYw/videos</page>
<thumbnail>https://yt3.ggpht.com/-9USRgerhB_0/AAAAAAAAAAI/AAAAAAAAAAA/J6ETfOwa0mM/s200-mo-c-c0xffffffff-rj-k-no/photo.jpg</thumbnail>
</regex>
</item>


<item>
<title>Gia Đình Mèo Quý Tộc (Thuyết Minh) – Phim Hoạt Hình</title>
<link>http://phapam.tuvientuongvan.com.vn/phapam/film/HoatHinh/PhimHoatHinh-GiaDinhMeoQuiToc.mp4</link>
<thumbnail></thumbnail>
</item>
<item>
<title>Chú Mèo Đi Hia (Thuyết Minh) – Phim Hoạt Hình</title>
<link>http://phapam.tuvientuongvan.com.vn/phapam/film/HoatHinh/PhimHoatHinh-MeoDiHia.mp4</link>
<thumbnail></thumbnail>
</item>
<item>
<title>Chim Cánh Cụt Lướt Ván (Thuyết Minh) – Phim Hoạt Hình</title>
<link>http://phapam.tuvientuongvan.com.vn/phapam/film/HoatHinh/PhimHoatHinh-ChimCanhCutLuotVan.mp4</link>
<thumbnail></thumbnail>
</item>
<item>
<title>Đào Tẩu (Thuyết Minh) – Phim Hoạt Hình</title>
<link>http://phapam.tuvientuongvan.com.vn/phapam/film/HoatHinh/PhimHoatHinh-DaoTau.mp4</link>
<thumbnail></thumbnail>
</item>
<item>
<title>Mèo Rừng (Thuyết Minh) – Phim Hoạt Hình</title>
<link>http://phapam.tuvientuongvan.com.vn/phapam/film/HoatHinh/PhimHoatHinh-MeoRung.mp4</link>
<thumbnail></thumbnail>
</item>
<item>
<title>Người Đẹp Và Quái Vật (Thuyết Minh) – Phim Hoạt Hình</title>
<link>http://phapam.tuvientuongvan.com.vn/phapam/film/HoatHinh/PhimHoatHinh-NguoiDepVaQuaiVat.mp4</link>
<thumbnail></thumbnail>
</item>
<item>
<title>Vẹt Đuôi Dài Rio (Thuyết Minh) – Phim Hoạt Hình</title>
<link>http://phapam.tuvientuongvan.com.vn/phapam/film/HoatHinh/PhimHoatHinh-VetDuoiDaiRio.mp4</link>
<thumbnail></thumbnail>
</item>
<item>
<title>Ong Vàng Phiêu Lưu Ký (Thuyết Minh) – Phim Hoạt Hình</title>
<link>http://phapam.tuvientuongvan.com.vn/phapam/film/HoatHinh/PhimHoatHinh-OngVangPhieuLuuKy.mp4</link>
<thumbnail></thumbnail>
</item>
<item>
<title>Những Cuộc Phiêu Lưu Của TinTin (Thuyết Minh) – Phim Hoạt Hình</title>
<link>http://phapam.tuvientuongvan.com.vn/phapam/film/HoatHinh/PhimHoatHinh-NhungCuocPhieuLuuCuaTintin.mp4</link>
<thumbnail></thumbnail>
</item>
<item>
<title>Cô Gà Mái Thích Phiêu Lưu (Việt Sub) – Phim Hoạt Hình</title>
<link>http://phapam.tuvientuongvan.com.vn/phapam/film/HoatHinh/PhimHoatHinh-CoGaMaiThichPhieuLuu.mp4</link>
<thumbnail></thumbnail>
</item>
<item>
<title>Tiểu Thư Và Gã Lang Thang (Thuyết Minh) – Phim Hoạt Hình (phần 1)</title>
<link>http://phapam.tuvientuongvan.com.vn/phapam/film/HoatHinh/PhimHoatHinh-TieuThuVaGaLangThang-Phan1.mp4</link>
<thumbnail></thumbnail>
</item>
<item>
<title>Tiểu Thư Và Gã Lang Thang (Thuyết Minh) – Phim Hoạt Hình (phần 2)</title>
<link>http://phapam.tuvientuongvan.com.vn/phapam/film/HoatHinh/PhimHoatHinh-TieuThuVaGaLangThang-Phan2.mp4</link>
<thumbnail></thumbnail>
</item>
<item>
<title>Cáo Và Chó Săn – Trọn Bộ (Thuyết Minh) – Phim Hoạt Hình (phần 1)</title>
<link>http://phapam.tuvientuongvan.com.vn/phapam/film/HoatHinh/PhimHoatHinh-CaoVaChoSan1.mp4</link>
<thumbnail></thumbnail>
</item>
<item>
<title>Cáo Và Chó Săn – Trọn Bộ (Thuyết Minh) – Phim Hoạt Hình (phần 2)</title>
<link>http://phapam.tuvientuongvan.com.vn/phapam/film/HoatHinh/PhimHoatHinh-CaoVaChoSan2.mp4</link>
<thumbnail></thumbnail>
</item>
<item>
<title>Chú Gấu Yogi (Thuyết Minh) – Phim Hoạt Hình</title>
<link>http://phapam.tuvientuongvan.com.vn/phapam/film/HoatHinh/PhimHoatHinh-ChuGauYoGi.mp4</link>
<thumbnail></thumbnail>
</item>
<item>
<title>Bạch Tuyết Và Bảy Chú Lùn (Thuyết Minh) – Phim Hoạt Hình</title>
<link>http://phapam.tuvientuongvan.com.vn/phapam/film/HoatHinh/PhimHoatHinh-BachTuyetVaBayChuLun.mp4</link>
<thumbnail></thumbnail>
</item>
<item>
<title>Công Chúa Và Chàng Ếch (Thuyết Minh) – Phim Hoạt Hình</title>
<link>http://phapam.tuvientuongvan.com.vn/phapam/film/HoatHinh/PhimHoatHinh-CongChuaVaChangEch.mp4</link>
<thumbnail></thumbnail>
</item>
<item>
<title>Chú Gà Siêu Quậy (Thuyết Minh) – Phim Hoạt Hình</title>
<link>http://phapam.tuvientuongvan.com.vn/phapam/film/HoatHinh/PhimHoatHinh-ChuGaSieuQuay.mp4</link>
<thumbnail></thumbnail>
</item>
<item>
<title>Chú Chuột Đầu Bếp (Thuyết Minh) – Phim Hoạt Hình</title>
<link>http://phapam.tuvientuongvan.com.vn/phapam/film/HoatHinh/PhimHoatHinh-ChuChuotDauBep.mp4</link>
<thumbnail></thumbnail>
</item>
<item>
<title>Cuộc Hành Trình Của Chú Báo Đốm (Thuyết Minh) – Phim Hoạt Hình</title>
<link>http://phapam.tuvientuongvan.com.vn/phapam/film/HoatHinh/PhimHoatHinh-CuocHanhTrinhCuaChuBaoDom.mp4</link>
<thumbnail></thumbnail>
</item>
<item>
<title>ock – Chú Chó Dũng Cảm (Thuyết Minh) – Phim Hoạt Hình</title>
<link>http://phapam.tuvientuongvan.com.vn/phapam/film/HoatHinh/PhimHoatHinh-JockChuChoDungCam.mp4</link>
<thumbnail></thumbnail>
</item>
<item>
<title>101 Con Chó Đốm (Thuyết Minh) – Phim Hoạt Hình</title>
<link>http://phapam.tuvientuongvan.com.vn/phapam/film/HoatHinh/PhimHoatHinh-101ConChoDom.mp4</link>
<thumbnail></thumbnail>
</item>
<item>
<title>Madagascar – Trọn Bộ (Thuyết Minh) – Phim Hoạt Hình (phần 1)</title>
<link>http://phapam.tuvientuongvan.com.vn/phapam/film/HoatHinh/PhimHoatHinh-Madagascar-Phan1-ChuyenPhieuLuuDenMadagascar.mp4</link>
<thumbnail></thumbnail>
</item>
<item>
<title>Madagascar – Trọn Bộ (Thuyết Minh) – Phim Hoạt Hình (phần 2)</title>
<link>http://phapam.tuvientuongvan.com.vn/phapam/film/HoatHinh/PhimHoatHinh-Madagascar-Phan2-TauThoatDenChauPhi.mp4</link>
<thumbnail></thumbnail>
</item>
<item>
<title>Madagascar – Trọn Bộ (Thuyết Minh) – Phim Hoạt Hình (phần 3)</title>
<link>http://phapam.tuvientuongvan.com.vn/phapam/film/HoatHinh/PhimHoatHinh-Madagascar-Phan3-ThanTuongChauAu.mp4</link>
<thumbnail></thumbnail>
</item>
<item>
<title>Ralph Đập Phá (Thuyết Minh) – Phim Hoạt Hình</title>
<link>http://phapam.tuvientuongvan.com.vn/phapam/film/HoatHinh/PhimHoatHinh-RalphDapPha.mp4</link>
<thumbnail></thumbnail>
</item>
<item>
<title>Sinbab – Huyền Thoại Biển Cả (Thuyết Minh) – Phim Hoạt Hình</title>
<link>http://phapam.tuvientuongvan.com.vn/phapam/film/HoatHinh/PhimHoatHinh-SinbadHuyenThoaiBienCa.mp4</link>
<thumbnail></thumbnail>
</item>
<item>
<title>Voi Và Những Người Bạn (Thuyết Minh) – Phim Hoạt Hình</title>
<link>http://phapam.tuvientuongvan.com.vn/phapam/film/HoatHinh/PhimHoatHinh-VoiVaNhungNguoiBan.mp4</link>
<thumbnail></thumbnail>
</item>
<item>
<title>Siêu Nhí Astro (Thuyết Minh) – Phim Hoạt Hình</title>
<link>http://phapam.tuvientuongvan.com.vn/phapam/film/HoatHinh/PhimHoatHinh-SieuNhiAstro.mp4</link>
<thumbnail></thumbnail>
</item>
<item>
<title>Cô Bé Lọ Lem – Trọn Bộ (Thuyết Minh) – Phim Hoạt Hình (phần 1)</title>
<link>http://phapam.tuvientuongvan.com.vn/phapam/film/HoatHinh/PhimHoatHinh-CoBeLoLem-Phan1.mp4</link>
<thumbnail></thumbnail>
</item>
<item>
<title>Cô Bé Lọ Lem – Trọn Bộ (Thuyết Minh) – Phim Hoạt Hình (phần 2)</title>
<link>http://phapam.tuvientuongvan.com.vn/phapam/film/HoatHinh/PhimHoatHinh-CoBeLoLem-Phan2.mp4</link>
<thumbnail></thumbnail>
</item>
<item>
<title>Cô Bé Lọ Lem – Trọn Bộ (Thuyết Minh) – Phim Hoạt Hình (phần 3)</title>
<link>http://phapam.tuvientuongvan.com.vn/phapam/film/HoatHinh/PhimHoatHinh-CoBeLoLem-Phan2.mp4</link>
<thumbnail></thumbnail>
</item>
<item>
<title>Người Đẹp Ngủ Trong Rừng (Thuyết Minh) – Phim Hoạt Hình</title>
<link>http://phapam.tuvientuongvan.com.vn/phapam/film/HoatHinh/PhimHoatHinh-NguoiDepNguTrongRung.mp4</link>
<thumbnail></thumbnail>
</item>
<item>
<title>Vút Bay (Thuyết Minh) – Phim Hoạt Hình</title>
<link>http://phapam.tuvientuongvan.com.vn/phapam/film/HoatHinh/PhimHoatHinh-VutBay.mp4</link>
<thumbnail></thumbnail>
</item>



</items>






