<?xml version="1.0" ?>


<item>
<title>Chiến tranh Việt Nam (The Vietnam War) sản xuất năm 2017 720p - Phần 1</title>
<link>plugin://plugin.video.link__tester/?link=https://drive.google.com/file/d/0B80UwqDoQs_Gc3RUSDZDOVJPZ1U/view&amp;mode=play_link</link>
<thumbnail>https://scontent-ort2-2.xx.fbcdn.net/v/t1.0-9/21557559_607174906338025_6182974384571676894_n.jpg?oh=0c7f75257efab97e502827224981e1a6&amp;oe=5A54FD40</thumbnail>
</item>
<item>
<title>Chiến tranh Việt Nam (The Vietnam War) sản xuất năm 2017 720p - Phần 2</title>
<link>plugin://plugin.video.link__tester/?link=https://drive.google.com/file/d/0B80UwqDoQs_GTlBvb2xwUzROSHM/view&amp;mode=play_link</link>
<thumbnail>https://scontent-ort2-2.xx.fbcdn.net/v/t1.0-9/21557559_607174906338025_6182974384571676894_n.jpg?oh=0c7f75257efab97e502827224981e1a6&amp;oe=5A54FD40</thumbnail>
</item>
<item>
<title>Chiến tranh Việt Nam (The Vietnam War) sản xuất năm 2017 720p - Phần 3</title>
<link>plugin://plugin.video.link__tester/?link=https://drive.google.com/file/d/0B80UwqDoQs_GaXJfTmpIREVrYVU/view&amp;mode=play_link</link>
<thumbnail>https://scontent-ort2-2.xx.fbcdn.net/v/t1.0-9/21557559_607174906338025_6182974384571676894_n.jpg?oh=0c7f75257efab97e502827224981e1a6&amp;oe=5A54FD40</thumbnail>
</item>
<item>
<title>Chiến tranh Việt Nam (The Vietnam War) sản xuất năm 2017 720p - Phần 4</title>
<link>plugin://plugin.video.link__tester/?link=https://drive.google.com/file/d/0B80UwqDoQs_GT2dUZkQ1RjJxY0k/view&amp;mode=play_link</link>
<thumbnail>https://scontent-ort2-2.xx.fbcdn.net/v/t1.0-9/21557559_607174906338025_6182974384571676894_n.jpg?oh=0c7f75257efab97e502827224981e1a6&amp;oe=5A54FD40</thumbnail>
</item>
<item>
<title>Chiến tranh Việt Nam (The Vietnam War) sản xuất năm 2017 720p - Phần 5</title>
<link>plugin://plugin.video.link__tester/?link=https://drive.google.com/file/d/0B80UwqDoQs_GdW83bzh4UmFUbWs/view&amp;mode=play_link</link>
<thumbnail>https://scontent-ort2-2.xx.fbcdn.net/v/t1.0-9/21557559_607174906338025_6182974384571676894_n.jpg?oh=0c7f75257efab97e502827224981e1a6&amp;oe=5A54FD40</thumbnail>
</item>
<item>
<title>Sống chung với mẹ chồng - Tập 1</title>
<link>plugin://plugin.video.link__tester/?link=https://drive.google.com/file/d/0B0emwlxCHVNyZ3ZFcXpoaHdSRmc/view&amp;mode=play_link</link>
<thumbnail></thumbnail>
</item>
<item>
<title>Sống chung với mẹ chồng - Tập 2</title>
<link>plugin://plugin.video.link__tester/?link=https://drive.google.com/file/d/0B0emwlxCHVNyMmgybUE0bkFrTUk/view&amp;mode=play_link</link>
<thumbnail></thumbnail>
</item>
<item>
<title>Sống chung với mẹ chồng - Tập 3</title>
<link>plugin://plugin.video.link__tester/?link=https://drive.google.com/file/d/0B0emwlxCHVNyS3daVjhfZ1dNZWs/view&amp;mode=play_link</link>
<thumbnail></thumbnail>
</item>
<item>
<title>Sống chung với mẹ chồng - Tập 4</title>
<link>plugin://plugin.video.link__tester/?link=https://drive.google.com/file/d/0B0emwlxCHVNyMGRidXZyVUVMZVU/view&amp;mode=play_link</link>
<thumbnail></thumbnail>
</item>
<item>
<title>Sống chung với mẹ chồng - Tập 5</title>
<link>plugin://plugin.video.link__tester/?link=https://drive.google.com/file/d/0B0emwlxCHVNyMjNVaVdaVmotM0k/view&amp;mode=play_link</link>
<thumbnail></thumbnail>
</item>
<item>
<title>Sống chung với mẹ chồng - Tập 6</title>
<link>plugin://plugin.video.link__tester/?link=https://drive.google.com/file/d/0B0emwlxCHVNyOWMxMmlZRDRrWjg/view&amp;mode=play_link</link>
<thumbnail></thumbnail>
</item>
<item>
<title>Sống chung với mẹ chồng - Tập 7</title>
<link>plugin://plugin.video.link__tester/?link=https://drive.google.com/file/d/0B0emwlxCHVNyUFJrbWlYYTJ1VXc/view&amp;mode=play_link</link>
<thumbnail></thumbnail>
</item>
<item>
<title>Sống chung với mẹ chồng - Tập 8</title>
<link>plugin://plugin.video.link__tester/?link=https://drive.google.com/file/d/0B0emwlxCHVNyTHdrR0F3eUNLZFU/view&amp;mode=play_link</link>
<thumbnail></thumbnail>
</item>
<item>
<title>Sống chung với mẹ chồng - Tập 9</title>
<link>plugin://plugin.video.link__tester/?link=https://drive.google.com/file/d/0B0emwlxCHVNyaTlIYlN0dFlUVWs/view&amp;mode=play_link</link>
<thumbnail></thumbnail>
</item>
<item>
<title>Sống chung với mẹ chồng - Tập 10</title>
<link>plugin://plugin.video.link__tester/?link=https://drive.google.com/file/d/0B0emwlxCHVNyVlQydHhVXzZiUG8/view&amp;mode=play_link</link>
<thumbnail></thumbnail>
</item>
<item>
<title>Sống chung với mẹ chồng - Tập 11</title>
<link>plugin://plugin.video.link__tester/?link=https://drive.google.com/file/d/0B0emwlxCHVNyRTZlSGV4Rk9xM3M/view&amp;mode=play_link</link>
<thumbnail></thumbnail>
</item>
<item>
<title>Sống chung với mẹ chồng - Tập 12</title>
<link>plugin://plugin.video.link__tester/?link=https://drive.google.com/file/d/0B0emwlxCHVNyYVowSXItTHJqb28/view&amp;mode=play_link</link>
<thumbnail></thumbnail>
</item>
<item>
<title>Sống chung với mẹ chồng - Tập 13</title>
<link>plugin://plugin.video.link__tester/?link=https://drive.google.com/file/d/0B0emwlxCHVNyMmpmb1Mydzcwbkk/view&amp;mode=play_link</link>
<thumbnail></thumbnail>
</item>
<item>
<title>Sống chung với mẹ chồng - Tập 14</title>
<link>plugin://plugin.video.link__tester/?link=https://drive.google.com/file/d/0B0emwlxCHVNyb25TLU5lYjlZWEE/view&amp;mode=play_link</link>
<thumbnail></thumbnail>
</item>
<item>
<title>Sống chung với mẹ chồng - Tập 15</title>
<link>plugin://plugin.video.link__tester/?link=https://drive.google.com/file/d/0B0emwlxCHVNyZTJOeE5oVTdodDg/view&amp;mode=play_link</link>
<thumbnail></thumbnail>
</item>
<item>
<title>Sống chung với mẹ chồng - Tập 16</title>
<link>plugin://plugin.video.link__tester/?link=https://drive.google.com/file/d/0B0emwlxCHVNyLS1zQlF5QkItdmM/view&amp;mode=play_link</link>
<thumbnail></thumbnail>
</item>
<item>
<title>Sống chung với mẹ chồng - Tập 17</title>
<link>plugin://plugin.video.link__tester/?link=https://drive.google.com/file/d/0B0emwlxCHVNydkNqTGNTaklLSGM/view&amp;mode=play_link</link>
<thumbnail></thumbnail>
</item>
<item>
<title>Sống chung với mẹ chồng - Tập 18</title>
<link>plugin://plugin.video.link__tester/?link=https://drive.google.com/file/d/0B0emwlxCHVNyeE4zQ2xoelhCYzA/view&amp;mode=play_link</link>
<thumbnail></thumbnail>
</item>
<item>
<title>Sống chung với mẹ chồng - Tập 19</title>
<link>plugin://plugin.video.link__tester/?link=https://drive.google.com/file/d/0B0emwlxCHVNyZVJfOTQ3N3dnUmM/view&amp;mode=play_link</link>
<thumbnail></thumbnail>
</item>
<item>
<title>Sống chung với mẹ chồng - Tập 20</title>
<link>plugin://plugin.video.link__tester/?link=https://drive.google.com/file/d/0B0emwlxCHVNycG1vdTNCdlNZQU0/view&amp;mode=play_link</link>
<thumbnail></thumbnail>
</item>
<item>
<title>Sống chung với mẹ chồng - Tập 21</title>
<link>plugin://plugin.video.link__tester/?link=https://drive.google.com/file/d/0B0emwlxCHVNyamtYNWdQWGtPczA/view&amp;mode=play_link</link>
<thumbnail></thumbnail>
</item>
<item>
<title>Sống chung với mẹ chồng - Tập 22</title>
<link>plugin://plugin.video.link__tester/?link=https://drive.google.com/file/d/0B0emwlxCHVNydkV5Rm9kcF9veG8/view&amp;mode=play_link</link>
<thumbnail></thumbnail>
</item>
<item>
<title>Sống chung với mẹ chồng - Tập 23</title>
<link>plugin://plugin.video.link__tester/?link=https://drive.google.com/file/d/0B0emwlxCHVNyaTNlbE9VX2FuRUE/view&amp;mode=play_link</link>
<thumbnail></thumbnail>
</item>
<item>
<title>Sống chung với mẹ chồng - Tập 24</title>
<link>plugin://plugin.video.link__tester/?link=https://drive.google.com/file/d/0B0emwlxCHVNyTUZxVXpWU2dWejA/view&amp;mode=play_link</link>
<thumbnail></thumbnail>
</item>
<item>
<title>Sống chung với mẹ chồng - Tập 25</title>
<link>plugin://plugin.video.link__tester/?link=https://drive.google.com/file/d/0B0emwlxCHVNyR21uUTlSZS10MTQ/view&amp;mode=play_link</link>
<thumbnail></thumbnail>
</item>
<item>
<title>Sống chung với mẹ chồng - Tập 26</title>
<link>plugin://plugin.video.link__tester/?link=https://drive.google.com/file/d/0B0emwlxCHVNydDhxSDBSWlFzbU0/view&amp;mode=play_link</link>
<thumbnail></thumbnail>
</item>
<item>
<title>Sống chung với mẹ chồng - Tập 27</title>
<link>plugin://plugin.video.link__tester/?link=https://drive.google.com/file/d/0B0emwlxCHVNyU2JMak1hOGJOZkk/view&amp;mode=play_link</link>
<thumbnail></thumbnail>
</item>
<item>
<title>Sống chung với mẹ chồng - Tập 28</title>
<link>plugin://plugin.video.link__tester/?link=https://drive.google.com/file/d/0B0emwlxCHVNyMXNCZVhTSHR5MUk/view&amp;mode=play_link</link>
<thumbnail></thumbnail>
</item>
<item>
<title>Sống chung với mẹ chồng - Tập 29</title>
<link>plugin://plugin.video.link__tester/?link=https://drive.google.com/file/d/0B0emwlxCHVNyNng0cnZvQ29ZQms/view&amp;mode=play_link</link>
<thumbnail></thumbnail>
</item>
<item>
<title>Sống chung với mẹ chồng - Tập 30</title>
<link>plugin://plugin.video.link__tester/?link=https://drive.google.com/file/d/0B0emwlxCHVNySHZiYzZqdzBQSnc/view&amp;mode=play_link</link>
<thumbnail></thumbnail>
</item>
<item>
<title>Sống chung với mẹ chồng - Tập 31</title>
<link>plugin://plugin.video.link__tester/?link=https://drive.google.com/file/d/0B0emwlxCHVNyVEhmNXFYWUt6Rmc/view&amp;mode=play_link</link>
<thumbnail></thumbnail>
</item>
<item>
<title>Sống chung với mẹ chồng - Tập 32</title>
<link>plugin://plugin.video.link__tester/?link=https://drive.google.com/file/d/0B0emwlxCHVNydFJOeWFWQ0thbEE/view&amp;mode=play_link</link>
<thumbnail></thumbnail>
</item>
<item>
<title>Sống chung với mẹ chồng - Tập 33</title>
<link>plugin://plugin.video.link__tester/?link=https://drive.google.com/file/d/0B0emwlxCHVNyc1U4amhpMzdDLU0/view&amp;mode=play_link</link>
<thumbnail></thumbnail>
</item>
<item>
<title>Sống chung với mẹ chồng - Tập 34(End)</title>
<link>plugin://plugin.video.link__tester/?link=https://drive.google.com/file/d/0B0emwlxCHVNySG43RmlDMF9vQ2c/view&amp;mode=play_link</link>
<thumbnail></thumbnail>
</item>
<item>
<title>Người phán xử - Tập 1</title>
<link>plugin://plugin.video.link__tester/?link=https://drive.google.com/file/d/0B0emwlxCHVNyTmVUZHp5YzF2V28/view&amp;mode=play_link</link>
<thumbnail></thumbnail>
</item>
<item>
<title>Người phán xử - Tập 2</title>
<link>plugin://plugin.video.link__tester/?link=https://drive.google.com/file/d/0B0emwlxCHVNyR08zbWRNTjNYTDQ/view&amp;mode=play_link</link>
<thumbnail></thumbnail>
</item>
<item>
<title>Người phán xử - Tập 3</title>
<link>plugin://plugin.video.link__tester/?link=https://drive.google.com/file/d/0B0emwlxCHVNyeHdVbTNES1pON3M/view&amp;mode=play_link</link>
<thumbnail></thumbnail>
</item>
<item>
<title>Người phán xử - Tập 4</title>
<link>plugin://plugin.video.link__tester/?link=https://drive.google.com/file/d/0B0emwlxCHVNyajVSQXhwakh0RG8/view&amp;mode=play_link</link>
<thumbnail></thumbnail>
</item>
<item>
<title>Người phán xử - Tập 5</title>
<link>plugin://plugin.video.link__tester/?link=https://drive.google.com/file/d/0B0emwlxCHVNybUljQllBRDJ4bzg/view&amp;mode=play_link</link>
<thumbnail></thumbnail>
</item>
<item>
<title>Người phán xử - Tập 6</title>
<link>plugin://plugin.video.link__tester/?link=https://drive.google.com/file/d/0B0emwlxCHVNyVW9sTnZkQ29YbVU/view&amp;mode=play_link</link>
<thumbnail></thumbnail>
</item>
<item>
<title>Người phán xử - Tập 7</title>
<link>plugin://plugin.video.link__tester/?link=https://drive.google.com/file/d/0B0emwlxCHVNySzh5NUFsUFE5WE0/view&amp;mode=play_link</link>
<thumbnail></thumbnail>
</item>
<item>
<title>Người phán xử - Tập 8</title>
<link>plugin://plugin.video.link__tester/?link=https://drive.google.com/file/d/0B0emwlxCHVNyUS1SdFRSWkhvTzg/view&amp;mode=play_link</link>
<thumbnail></thumbnail>
</item>
<item>
<title>Người phán xử - Tập 9</title>
<link>plugin://plugin.video.link__tester/?link=https://drive.google.com/file/d/0B0emwlxCHVNyNWpNZlF5S096dlk/view&amp;mode=play_link</link>
<thumbnail></thumbnail>
</item>
<item>
<title>Người phán xử - Tập 10</title>
<link>plugin://plugin.video.link__tester/?link=https://drive.google.com/file/d/0B0emwlxCHVNyYU5ya1JyaEhqRVk/view&amp;mode=play_link</link>
<thumbnail></thumbnail>
</item>
<item>
<title>Người phán xử - Tập 11</title>
<link>plugin://plugin.video.link__tester/?link=https://drive.google.com/file/d/0B0emwlxCHVNyTEVYcld5R05aRTQ/view&amp;mode=play_link</link>
<thumbnail></thumbnail>
</item>
<item>
<title>Người phán xử - Tập 12</title>
<link>plugin://plugin.video.link__tester/?link=https://drive.google.com/file/d/0B0emwlxCHVNyaWRfN0Rqa19fUEk/view&amp;mode=play_link</link>
<thumbnail></thumbnail>
</item>
<item>
<title>Người phán xử - Tập 13</title>
<link>plugin://plugin.video.link__tester/?link=https://drive.google.com/file/d/0B0emwlxCHVNyclhuRWNZeC1CTVU/view&amp;mode=play_link</link>
<thumbnail></thumbnail>
</item>
<item>
<title>Người phán xử - Tập 14</title>
<link>plugin://plugin.video.link__tester/?link=https://drive.google.com/file/d/0B0emwlxCHVNycFc5MmZwaFV2NWM/view&amp;mode=play_link</link>
<thumbnail></thumbnail>
</item>
<item>
<title>Người phán xử - Tập 15</title>
<link>plugin://plugin.video.link__tester/?link=https://drive.google.com/file/d/0B0emwlxCHVNyQkhWMWFZNm5TRG8/view&amp;mode=play_link</link>
<thumbnail></thumbnail>
</item>
<item>
<title>Người phán xử - Tập 16</title>
<link>plugin://plugin.video.link__tester/?link=https://drive.google.com/file/d/0B0emwlxCHVNyeVBjQ0pRWFFYOGc/view&amp;mode=play_link</link>
<thumbnail></thumbnail>
</item>
<item>
<title>Người phán xử - Tập 17</title>
<link>plugin://plugin.video.link__tester/?link=https://drive.google.com/file/d/0B0emwlxCHVNyZEZBVnBmU0lDeG8/view&amp;mode=play_link</link>
<thumbnail></thumbnail>
</item>
<item>
<title>Người phán xử - Tập 18</title>
<link>plugin://plugin.video.link__tester/?link=https://drive.google.com/file/d/0B0emwlxCHVNycVduRGRDd2tkVHM/view&amp;mode=play_link</link>
<thumbnail></thumbnail>
</item>
<item>
<title>Người phán xử - Tập 19</title>
<link>plugin://plugin.video.link__tester/?link=https://drive.google.com/file/d/0B0emwlxCHVNydDdmSExvd0ppTFU/view&amp;mode=play_link</link>
<thumbnail></thumbnail>
</item>
<item>
<title>Người phán xử - Tập 20</title>
<link>plugin://plugin.video.link__tester/?link=https://drive.google.com/file/d/0B0emwlxCHVNyYWtpNGtsMy12a3c/view&amp;mode=play_link</link>
<thumbnail></thumbnail>
</item>
<item>
<title>Người phán xử - Tập 21</title>
<link>plugin://plugin.video.link__tester/?link=https://drive.google.com/file/d/0B0emwlxCHVNyQzBUbFJSSDB4cWs/view&amp;mode=play_link</link>
<thumbnail></thumbnail>
</item>
<item>
<title>Người phán xử - Tập 22</title>
<link>plugin://plugin.video.link__tester/?link=https://drive.google.com/file/d/0B0emwlxCHVNyUFA3NVVRZTJFM2s/view&amp;mode=play_link</link>
<thumbnail></thumbnail>
</item>
<item>
<title>Người phán xử - Tập 23</title>
<link>plugin://plugin.video.link__tester/?link=https://drive.google.com/file/d/0B0emwlxCHVNyVHdZcDVQRFhzVlU/view&amp;mode=play_link</link>
<thumbnail></thumbnail>
</item>
<item>
<title>Người phán xử - Tập 24</title>
<link>plugin://plugin.video.link__tester/?link=https://drive.google.com/file/d/0B0emwlxCHVNyZEVvYUVxdDJCYUU/view&amp;mode=play_link</link>
<thumbnail></thumbnail>
</item>
<item>
<title>Người phán xử - Tập 25</title>
<link>plugin://plugin.video.link__tester/?link=https://drive.google.com/file/d/0B0emwlxCHVNydm9ib0VSSWc2Tnc/view&amp;mode=play_link</link>
<thumbnail></thumbnail>
</item>
<item>
<title>Người phán xử - Tập 26</title>
<link>plugin://plugin.video.link__tester/?link=https://drive.google.com/file/d/0B0emwlxCHVNyUzdycURneVltems/view&amp;mode=play_link</link>
<thumbnail></thumbnail>
</item>
<item>
<title>Người phán xử - Tập 27</title>
<link>plugin://plugin.video.link__tester/?link=https://drive.google.com/file/d/0B0emwlxCHVNyZ2tzWWl2MGpxZVk/view&amp;mode=play_link</link>
<thumbnail></thumbnail>
</item>
<item>
<title>Người phán xử - Tập 28</title>
<link>plugin://plugin.video.link__tester/?link=https://drive.google.com/file/d/0B0emwlxCHVNyMmJiQU50emYxOHc/view&amp;mode=play_link</link>
<thumbnail></thumbnail>
</item>
<item>
<title>Người phán xử - Tập 29</title>
<link>plugin://plugin.video.link__tester/?link=https://drive.google.com/file/d/0B0emwlxCHVNyeFM4clhSUF9xZ1U/view&amp;mode=play_link</link>
<thumbnail></thumbnail>
</item>
<item>
<title>Người phán xử - Tập 30</title>
<link>plugin://plugin.video.link__tester/?link=https://drive.google.com/file/d/0B0emwlxCHVNyNTR3TEI3dVkzNEU/view&amp;mode=play_link</link>
<thumbnail></thumbnail>
</item>
<item>
<title>Người phán xử - Tập 31</title>
<link>plugin://plugin.video.link__tester/?link=https://drive.google.com/file/d/0B0emwlxCHVNydFItYklBWjdYV00/view&amp;mode=play_link</link>
<thumbnail></thumbnail>
</item>
<item>
<title>Người phán xử - Tập 32</title>
<link>plugin://plugin.video.link__tester/?link=https://drive.google.com/file/d/0B0emwlxCHVNySzQ0SWZqdkZhRkE/view&amp;mode=play_link</link>
<thumbnail></thumbnail>
</item>
<item>
<title>Clarina - Ep.1-1 (Vietsub)</title>
<link>plugin://plugin.video.link__tester/?link=https://drive.google.com/file/d/0B2pHXV63TC8bQTRiV2Y0bnZscEE/view&amp;mode=play_link</link>
<thumbnail></thumbnail>
</item>
<item>
<title>Clarina - Ep.1-2 (Vietsub)</title>
<link>plugin://plugin.video.link__tester/?link=https://drive.google.com/file/d/0B2pHXV63TC8bNFlYLWRlbFFJcjA/view&amp;mode=play_link</link>
<thumbnail></thumbnail>
</item>
<item>
<title>Clarina - Ep.1-3 (Vietsub)</title>
<link>plugin://plugin.video.link__tester/?link=https://drive.google.com/file/d/0B2pHXV63TC8bMThzTno3VW9wejA/view&amp;mode=play_link</link>
<thumbnail></thumbnail>
</item>
<item>
<title>Clarina - Ep.1-4 (Vietsub)</title>
<link>plugin://plugin.video.link__tester/?link=https://drive.google.com/file/d/0B2pHXV63TC8beERPSk53cHFkUjg/view&amp;mode=play_link</link>
<thumbnail></thumbnail>
</item>
<item>
<title>Clarina - Ep.1-5 (Vietsub)</title>
<link>plugin://plugin.video.link__tester/?link=https://drive.google.com/file/d/0B2pHXV63TC8bUThUOGdfN0lxdEU/view&amp;mode=play_link</link>
<thumbnail></thumbnail>
</item>
<item>
<title>Clarina - Ep.1-6 (Vietsub)</title>
<link>plugin://plugin.video.link__tester/?link=https://drive.google.com/file/d/0B2pHXV63TC8bbHZ0bk0wa0ZzZHc/view&amp;mode=play_link</link>
<thumbnail></thumbnail>
</item>
<item>
<title>Clarina - Ep.1-7 (Vietsub)</title>
<link>plugin://plugin.video.link__tester/?link=https://drive.google.com/file/d/0B2pHXV63TC8bbDNZM3Zjc25UR1E/view&amp;mode=play_link</link>
<thumbnail></thumbnail>
</item>
<item>
<title>Clarina - Ep.1-8 (Vietsub)</title>
<link>plugin://plugin.video.link__tester/?link=https://drive.google.com/file/d/0B2pHXV63TC8beDN6WEh2azhVeUE/view&amp;mode=play_link</link>
<thumbnail></thumbnail>
</item>
<item>
<title>Clarina - Ep.1-9 (Vietsub)</title>
<link>plugin://plugin.video.link__tester/?link=https://drive.google.com/file/d/0B2pHXV63TC8bY05sMzExMEFFN1E/view&amp;mode=play_link</link>
<thumbnail></thumbnail>
</item>
<item>
<title>(Vietsub) Tipping the Velvet T1</title>
<link>plugin://plugin.video.link__tester/?link=https://drive.google.com/file/d/0Bz4XRaa9FfgdaElRN0RfNjN5cUE/view&amp;mode=play_link</link>
<thumbnail></thumbnail>
</item>
<item>
<title>(Vietsub) Tipping the Velvet T2</title>
<link>plugin://plugin.video.link__tester/?link=https://drive.google.com/file/d/0BxvZglGp2akGcGxGcFVodXNvdDA/view&amp;mode=play_link</link>
<thumbnail></thumbnail>
</item>
<item>
<title>(Vietsub)Anh là định mệnh của em - tập 1</title>
<link>plugin://plugin.video.link__tester/?link=https://drive.google.com/file/d/0B01Z3X8MR_7zZFQxd3NyQmdJOWc/view&amp;mode=play_link</link>
<thumbnail></thumbnail>
</item>
<item>
<title>(Vietsub)Anh là định mệnh của em - tập 2</title>
<link>plugin://plugin.video.link__tester/?link=https://drive.google.com/file/d/0B8dYfZhb9nFHQ20wRzBfR1BKMDg/view&amp;mode=play_link</link>
<thumbnail></thumbnail>
</item>
<item>
<title>(Vietsub)Thú cưng của tôi - Tập 1</title>
<link>plugin://plugin.video.link__tester/?link=https://drive.google.com/file/d/0Bx1UUjsHtiR-c0dEUHRtckF1ODg/view&amp;mode=play_link</link>
<thumbnail></thumbnail>
</item>
<item>
<title>(Vietsub)Thú cưng của tôi - Tập 2</title>
<link>plugin://plugin.video.link__tester/?link=https://drive.google.com/file/d/0BwnNMLTEroK3TnREVnN0ajhROWc/view&amp;mode=play_link</link>
<thumbnail></thumbnail>
</item>
<item>
<title>(Vietsub)Thú cưng của tôi - Tập 3</title>
<link>plugin://plugin.video.link__tester/?link=https://drive.google.com/file/d/0BwnNMLTEroK3TkZMeUdNend3bUU/view&amp;mode=play_link</link>
<thumbnail></thumbnail>
</item>
<item>
<title>(Vietsub)MẸ ƠI, CON CÓ THỂ THÔI LÀM CON CỦA MẸ? Tập 1</title>
<link>plugin://plugin.video.link__tester/?link=https://drive.google.com/file/d/0B01Z3X8MR_7zY01ZVDdHUnJxLWs/view&amp;mode=play_link</link>
<thumbnail></thumbnail>
</item>
<item>
<title>(Vietsub)MẸ ƠI, CON CÓ THỂ THÔI LÀM CON CỦA MẸ? Tập 2</title>
<link>plugin://plugin.video.link__tester/?link=https://drive.google.com/file/d/0B01Z3X8MR_7zQzkyamUtREpnc28/view&amp;mode=play_link</link>
<thumbnail></thumbnail>
</item>
<item>
<title>(Vietsub)NGÀY MAI, TÔI NHẤT ĐỊNH SẼ KẾT HÔN - Tập 1</title>
<link>plugin://plugin.video.link__tester/?link=https://drive.google.com/file/d/0B01Z3X8MR_7zMWxGUVF6VmN2dGs/view&amp;mode=play_link</link>
<thumbnail></thumbnail>
</item>
<item>
<title>(Vietsub)NGÀY MAI, TÔI NHẤT ĐỊNH SẼ KẾT HÔN - Tập 2</title>
<link>plugin://plugin.video.link__tester/?link=https://drive.google.com/file/d/0B01Z3X8MR_7zcmNRWTJTdTZVN00/view&amp;mode=play_link</link>
<thumbnail></thumbnail>
</item>
<item>
<title>(Vietsub)NGÀY MAI, TÔI NHẤT ĐỊNH SẼ KẾT HÔN - Tập 3</title>
<link>plugin://plugin.video.link__tester/?link=https://drive.google.com/file/d/0B6gUdcZE38ZSTlRFY3NfZlM0N2s/view&amp;mode=play_link</link>
<thumbnail></thumbnail>
</item>
<item>
<title>(Vietsub)NGÀY MAI, TÔI NHẤT ĐỊNH SẼ KẾT HÔN - Tập 4</title>
<link>plugin://plugin.video.link__tester/?link=https://drive.google.com/file/d/0B6gUdcZE38ZSVmRLSW00bHA1S0k/view&amp;mode=play_link</link>
<thumbnail></thumbnail>
</item>
<item>
<title>(Vietsub)NGÀY MAI, TÔI NHẤT ĐỊNH SẼ KẾT HÔN - Tập 5</title>
<link>plugin://plugin.video.link__tester/?link=https://drive.google.com/file/d/0B_z33JrLnV6YcnZRM2dPN2VfcWs/view&amp;mode=play_link</link>
<thumbnail></thumbnail>
</item>
<item>
<title>(Vietsub)NGÀY MAI, TÔI NHẤT ĐỊNH SẼ KẾT HÔN - Tập 6</title>
<link>plugin://plugin.video.link__tester/?link=https://drive.google.com/file/d/0B_z33JrLnV6YdjlocXZHWUk0aU0/view&amp;mode=play_link</link>
<thumbnail></thumbnail>
</item>
<item>
<title>(Vietsub)NGÀY MAI, TÔI NHẤT ĐỊNH SẼ KẾT HÔN - Tập 7</title>
<link>plugin://plugin.video.link__tester/?link=https://drive.google.com/file/d/0B_z33JrLnV6YUllPUmdhdVFLZUk/view&amp;mode=play_link</link>
<thumbnail></thumbnail>
</item>
<item>
<title>(Vietsub)NGÀY MAI, TÔI NHẤT ĐỊNH SẼ KẾT HÔN - Tập 8</title>
<link>plugin://plugin.video.link__tester/?link=https://drive.google.com/file/d/0B_z33JrLnV6YZTdjMWlibk5VbWM/view&amp;mode=play_link</link>
<thumbnail></thumbnail>
</item>
<item>
<title>(Vietsub)NGÀY MAI, TÔI NHẤT ĐỊNH SẼ KẾT HÔN - Tập 9</title>
<link>plugin://plugin.video.link__tester/?link=https://drive.google.com/file/d/0B_z33JrLnV6YeGR6REJubXJ0Z2s/view&amp;mode=play_link</link>
<thumbnail></thumbnail>
</item>
<item>
<title>(Vietsub)Những cô nàng Tokyo mơ mộng - Tập 1</title>
<link>plugin://plugin.video.link__tester/?link=https://drive.google.com/file/d/0B01Z3X8MR_7zVWZfZF9YYllJVGc/view&amp;mode=play_link</link>
<thumbnail></thumbnail>
</item>
<item>
<title>(Vietsub)Những cô nàng Tokyo mơ mộng - Tập 2</title>
<link>plugin://plugin.video.link__tester/?link=https://drive.google.com/file/d/0B01Z3X8MR_7zWGxuUWQ0a3ktOWc/view&amp;mode=play_link</link>
<thumbnail></thumbnail>
</item>
<item>
<title>(Vietsub)Những cô nàng Tokyo mơ mộng - Tập 3</title>
<link>plugin://plugin.video.link__tester/?link=https://drive.google.com/file/d/0B6gUdcZE38ZSajBnUDNtNUFFS3c/view&amp;mode=play_link</link>
<thumbnail></thumbnail>
</item>
<item>
<title>(Vietsub)Những cô nàng Tokyo mơ mộng - Tập 4</title>
<link>plugin://plugin.video.link__tester/?link=https://drive.google.com/file/d/0ByO2_EN5OKyodVVyZjUyb3RVZ00/view&amp;mode=play_link</link>
<thumbnail></thumbnail>
</item>
<item>
<title>(Vietsub)Những cô nàng Tokyo mơ mộng - Tập 5</title>
<link>plugin://plugin.video.link__tester/?link=https://drive.google.com/file/d/0B_z33JrLnV6YS1l2ZFQ2bzdUQ0k/view&amp;mode=play_link</link>
<thumbnail></thumbnail>
</item>
<item>
<title>(Vietsub)Những cô nàng Tokyo mơ mộng - Tập 7</title>
<link>plugin://plugin.video.link__tester/?link=https://drive.google.com/file/d/0B_z33JrLnV6YZEhRQTMxVnFHbU0/view&amp;mode=play_link</link>
<thumbnail></thumbnail>
</item>
<item>
<title>(Vietsub)NỮ THỢ LẶN - Tập 1.1</title>
<link>plugin://plugin.video.link__tester/?link=https://drive.google.com/file/d/0B2GhOizgeAmtQk0xN1oyekRlRkk/view&amp;mode=play_link</link>
<thumbnail></thumbnail>
</item>
<item>
<title>(Vietsub)NỮ THỢ LẶN - Tập 1.2</title>
<link>plugin://plugin.video.link__tester/?link=https://drive.google.com/file/d/0B2GhOizgeAmtZk12LXkxRDB3bjg/view&amp;mode=play_link</link>
<thumbnail></thumbnail>
</item>
<item>
<title>(Vietsub)NỮ THỢ LẶN - Tập 1.3</title>
<link>plugin://plugin.video.link__tester/?link=https://drive.google.com/file/d/0B2GhOizgeAmtZ2h3SlhFMWhjaFU/view&amp;mode=play_link</link>
<thumbnail></thumbnail>
</item>
<item>
<title>(Vietsub)NỮ THỢ LẶN - Tập 1.4</title>
<link>plugin://plugin.video.link__tester/?link=https://drive.google.com/file/d/0B2GhOizgeAmtR3B1cXk5U3Z4VE0/view&amp;mode=play_link</link>
<thumbnail></thumbnail>
</item>
<item>
<title>(Vietsub)NỮ THỢ LẶN - Tập 1.5</title>
<link>plugin://plugin.video.link__tester/?link=https://drive.google.com/file/d/0B2GhOizgeAmtSkJDd0c5ckIzczg/view&amp;mode=play_link</link>
<thumbnail></thumbnail>
</item>
<item>
<title>(Vietsub)NỮ THỢ LẶN - Tập 1.6</title>
<link>plugin://plugin.video.link__tester/?link=https://drive.google.com/file/d/0B2GhOizgeAmtdnRXZWJKVUhVOTQ/view&amp;mode=play_link</link>
<thumbnail></thumbnail>
</item>
<item>
<title>(Vietsub)TÔI MUỐN ĐƯỢC CHƠI BÓNG VÀ ĐƯỢC YÊU THƯƠNG - Tập 1</title>
<link>plugin://plugin.video.link__tester/?link=https://drive.google.com/file/d/0BxaRHoMCt6yxZGg3ZVBOc1EzcVE/view&amp;mode=play_link</link>
<thumbnail></thumbnail>
</item>
<item>
<title>(Vietsub)TÔI MUỐN ĐƯỢC CHƠI BÓNG VÀ ĐƯỢC YÊU THƯƠNG - Tập 2</title>
<link>plugin://plugin.video.link__tester/?link=https://drive.google.com/file/d/0BxaRHoMCt6yxU2hKNHJfY2xqX28/view&amp;mode=play_link</link>
<thumbnail></thumbnail>
</item>
<item>
<title>(Vietsub)TÔI MUỐN ĐƯỢC CHƠI BÓNG VÀ ĐƯỢC YÊU THƯƠNG - Tập 3</title>
<link>plugin://plugin.video.link__tester/?link=https://drive.google.com/file/d/0B01Z3X8MR_7zcnk0RXVuNWJndVU/view&amp;mode=play_link</link>
<thumbnail></thumbnail>
</item>
<item>
<title>(Vietsub)Murder on the Orient Express - P 1</title>
<link>plugin://plugin.video.link__tester/?link=https://drive.google.com/file/d/0B919cycpjDlDLXVScENtZ0ZXek0/view&amp;mode=play_link</link>
<thumbnail></thumbnail>
</item>
<item>
<title>(Vietsub)Murder on the Orient Express - P 2</title>
<link>plugin://plugin.video.link__tester/?link=https://drive.google.com/file/d/0B919cycpjDlDYTNhS2dTRXRpV0E/view&amp;mode=play_link</link>
<thumbnail></thumbnail>
</item>
<item>
<title>Harry.Potter.and.the.Goblet.of.Fire.2005.1080p</title>
<link>plugin://plugin.video.link__tester/?link=https://drive.google.com/file/d/0Bw8hafgzrNbZYW9zUmxySXJyNmM/view&amp;mode=play_link</link>
<thumbnail></thumbnail>
</item>
<item>
<title>Harry.Potter.and.the.Order.of.the.Phoenix.2007.1080p</title>
<link>plugin://plugin.video.link__tester/?link=https://drive.google.com/file/d/0BwEgiwdUNwzJTS1XcUZEdVN5cjA/view&amp;mode=play_link</link>
<thumbnail></thumbnail>
</item>
<item>
<title>Harry.Potter.And.The.Deathly.Hallows.Part.1.2010.BDRip.1080p</title>
<link>plugin://plugin.video.link__tester/?link=https://drive.google.com/file/d/0BwEgiwdUNwzJMUNjTUdjZVJVWjA/view&amp;mode=play_link</link>
<thumbnail></thumbnail>
</item>
<item>
<title>Harry.Potter.and.the.Deathly.Hallows.Part.2.BluRay.1080p</title>
<link>plugin://plugin.video.link__tester/?link=https://drive.google.com/file/d/0B1jA2-c2-1D1WkY2dzhSOXIzN1k/view&amp;mode=play_link</link>
<thumbnail></thumbnail>
</item>
<item>
<title>The Fast and the Furious (2001)</title>
<link>plugin://plugin.video.link__tester/?link=https://drive.google.com/file/d/0Bz37VOrns_viWWd4b0tKWkJXV0k/view&amp;mode=play_link</link>
<thumbnail></thumbnail>
</item>
<item>
<title>Fast 2 Furious (2003)</title>
<link>plugin://plugin.video.link__tester/?link=https://drive.google.com/file/d/0Bz37VOrns_viUElWUC14MkduT3c/view&amp;mode=play_link</link>
<thumbnail></thumbnail>
</item>
<item>
<title>The Fast and the Furious: Tokyo Drift (2006)</title>
<link>plugin://plugin.video.link__tester/?link=https://drive.google.com/file/d/0Bz37VOrns_viQUx6VVpmejUxSjA/view&amp;mode=play_link</link>
<thumbnail></thumbnail>
</item>
<item>
<title>Fast &amp; Furious (2009)</title>
<link>plugin://plugin.video.link__tester/?link=https://drive.google.com/file/d/0Bz37VOrns_viLUZDZEZNaWtFNDQ/view&amp;mode=play_link</link>
<thumbnail></thumbnail>
</item>
<item>
<title>Fast Five (2011)</title>
<link>plugin://plugin.video.link__tester/?link=https://drive.google.com/file/d/0Bz37VOrns_viaERrTS0tVi1Idnc/view&amp;mode=play_link</link>
<thumbnail></thumbnail>
</item>
<item>
<title>Fast &amp; Furious 6 (2013)</title>
<link>plugin://plugin.video.link__tester/?link=https://drive.google.com/file/d/0Bz37VOrns_viaXJVdUg2RDQwaTA/view&amp;mode=play_link</link>
<thumbnail></thumbnail>
</item>
<item>
<title>Furious Seven (2015)</title>
<link>plugin://plugin.video.link__tester/?link=https://drive.google.com/file/d/0B_WeE-hHCHAXSWhpN19jNXBpSTg/view&amp;mode=play_link</link>
<thumbnail></thumbnail>
</item>
<item>
<title>Hậu duệ của mặt trời - Tập 1</title>
<link>plugin://plugin.video.link__tester/?link=https://drive.google.com/file/d/0B47y4WELCireckxlRU5WSmRXVzA/view&amp;mode=play_link</link>
<thumbnail>https://s24.postimg.org/zfyobuj39/hauduecuamattroi.jpg</thumbnail>
</item>
<item>
<title>Hậu duệ của mặt trời - Tập 2</title>
<link>plugin://plugin.video.link__tester/?link=https://drive.google.com/file/d/0B47y4WELCireOVdUQ3lCQ1R2UjA/view&amp;mode=play_link</link>
<thumbnail>https://s24.postimg.org/zfyobuj39/hauduecuamattroi.jpg</thumbnail>
</item>
<item>
<title>Hậu duệ của mặt trời - Tập 3</title>
<link>plugin://plugin.video.link__tester/?link=https://drive.google.com/file/d/0B47y4WELCireOERTZUd0Z1ZZYlE/view&amp;mode=play_link</link>
<thumbnail>https://s24.postimg.org/zfyobuj39/hauduecuamattroi.jpg</thumbnail>
</item>
<item>
<title>Hậu duệ của mặt trời - Tập 4</title>
<link>plugin://plugin.video.link__tester/?link=https://drive.google.com/file/d/0B47y4WELCireMHczdFctUTkwUnM/view&amp;mode=play_link</link>
<thumbnail>https://s24.postimg.org/zfyobuj39/hauduecuamattroi.jpg</thumbnail>
</item>
<item>
<title>Hậu duệ của mặt trời - Tập 5</title>
<link>plugin://plugin.video.link__tester/?link=https://drive.google.com/file/d/0B47y4WELCireNEp1amg1a0hhd0k/view&amp;mode=play_link</link>
<thumbnail>https://s24.postimg.org/zfyobuj39/hauduecuamattroi.jpg</thumbnail>
</item>
<item>
<title>Hậu duệ của mặt trời - Tập 6</title>
<link>plugin://plugin.video.link__tester/?link=https://drive.google.com/file/d/0B47y4WELCireZHpjNUpzOEdwS28/view&amp;mode=play_link</link>
<thumbnail>https://s24.postimg.org/zfyobuj39/hauduecuamattroi.jpg</thumbnail>
</item>
<item>
<title>Hậu duệ của mặt trời - Tập 7</title>
<link>plugin://plugin.video.link__tester/?link=https://drive.google.com/file/d/0B47y4WELCirebktXalNPVTBrcGs/view&amp;mode=play_link</link>
<thumbnail>https://s24.postimg.org/zfyobuj39/hauduecuamattroi.jpg</thumbnail>
</item>
<item>
<title>Hậu duệ của mặt trời - Tập 8</title>
<link>plugin://plugin.video.link__tester/?link=https://drive.google.com/file/d/0B47y4WELCireak1EWk5hYkprQmM/view&amp;mode=play_link</link>
<thumbnail>https://s24.postimg.org/zfyobuj39/hauduecuamattroi.jpg</thumbnail>
</item>
<item>
<title>Hậu duệ của mặt trời - Tập 9</title>
<link>plugin://plugin.video.link__tester/?link=https://drive.google.com/file/d/0B47y4WELCireY3ZWZVRLaU42OWc/view&amp;mode=play_link</link>
<thumbnail>https://s24.postimg.org/zfyobuj39/hauduecuamattroi.jpg</thumbnail>
</item>
<item>
<title>Hậu duệ của mặt trời - Tập 10</title>
<link>plugin://plugin.video.link__tester/?link=https://drive.google.com/file/d/0B47y4WELCireTzlZOFJHQ2tSRlU/view&amp;mode=play_link</link>
<thumbnail>https://s24.postimg.org/zfyobuj39/hauduecuamattroi.jpg</thumbnail>
</item>
<item>
<title>[Vietsub – 720p] Sannin no papa (2017) - Tập 1</title>
<link>plugin://plugin.video.link__tester/?link=https://drive.google.com/file/d/0B7HgbDPYO6PCblRxSlNhcW5ranc/view&amp;mode=play_link</link>
<thumbnail></thumbnail>
</item>
<item>
<title>[Vietsub – 720p] Sannin no papa (2017) - Tập 2</title>
<link>plugin://plugin.video.link__tester/?link=https://drive.google.com/file/d/0B7HgbDPYO6PCRnhZdVVPMTJfV1k/view&amp;mode=play_link</link>
<thumbnail></thumbnail>
</item>
<item>
<title>Anh là định mệnh của em - Tập 1</title>
<link>plugin://plugin.video.link__tester/?link=https://drive.google.com/file/d/0B01Z3X8MR_7zZFQxd3NyQmdJOWc/view&amp;mode=play_link</link>
<thumbnail></thumbnail>
</item>
<item>
<title>Anh là định mệnh của em - Tập 2</title>
<link>plugin://plugin.video.link__tester/?link=https://drive.google.com/file/d/0B8dYfZhb9nFHQ20wRzBfR1BKMDg/view&amp;mode=play_link</link>
<thumbnail></thumbnail>
</item>
<item>
<title>Anh là định mệnh của em - Tập 3</title>
<link>plugin://plugin.video.link__tester/?link=https://drive.google.com/file/d/0B8dYfZhb9nFHUTVXN1pCbWZnZGc/view&amp;mode=play_link</link>
<thumbnail></thumbnail>
</item>
<item>
<title>Anh là định mệnh của em - Tập 4</title>
<link>plugin://plugin.video.link__tester/?link=https://drive.google.com/file/d/0B8dYfZhb9nFHZE0zU1h4VG1hR0E/view&amp;mode=play_link</link>
<thumbnail></thumbnail>
</item>
<item>
<title>Anh là định mệnh của em - Tập 5</title>
<link>plugin://plugin.video.link__tester/?link=https://drive.google.com/file/d/0B8dYfZhb9nFHYmJPUFRuREt1OU0/view&amp;mode=play_link</link>
<thumbnail></thumbnail>
</item>
<item>
<title>Anh là định mệnh của em - Tập 6</title>
<link>plugin://plugin.video.link__tester/?link=https://drive.google.com/file/d/0B38_a7QyrrluVlMxZjEzczNpTTA/view&amp;mode=play_link</link>
<thumbnail></thumbnail>
</item>
<item>
<title>Cô nàng kiểm duyệt Kono Etsuko - Tập 1</title>
<link>plugin://plugin.video.link__tester/?link=https://drive.google.com/file/d/0BxaRHoMCt6yxTzc5WjRGUmZQSTA/view&amp;mode=play_link</link>
<thumbnail></thumbnail>
</item>
<item>
<title>Cô nàng kiểm duyệt Kono Etsuko - Tập 2</title>
<link>plugin://plugin.video.link__tester/?link=https://drive.google.com/file/d/0BxaRHoMCt6yxYlNNUWkyWnR4MTA/view&amp;mode=play_link</link>
<thumbnail></thumbnail>
</item>
<item>
<title>Cô nàng kiểm duyệt Kono Etsuko - Tập 3</title>
<link>plugin://plugin.video.link__tester/?link=https://drive.google.com/file/d/0B2GhOizgeAmtX1hGQzQ5bWhWcUU/view&amp;mode=play_link</link>
<thumbnail></thumbnail>
</item>
<item>
<title>Cô nàng kiểm duyệt Kono Etsuko - Tập 4</title>
<link>plugin://plugin.video.link__tester/?link=https://drive.google.com/file/d/0B2GhOizgeAmtbVFvS0xHUXA1UE0/view&amp;mode=play_link</link>
<thumbnail></thumbnail>
</item>
<item>
<title>Cô nàng kiểm duyệt Kono Etsuko - Tập 5</title>
<link>plugin://plugin.video.link__tester/?link=https://drive.google.com/file/d/0B2GhOizgeAmtVWpxWjRORWp4eU0/view&amp;mode=play_link</link>
<thumbnail></thumbnail>
</item>
<item>
<title>Cô nàng kiểm duyệt Kono Etsuko - Tập 6</title>
<link>plugin://plugin.video.link__tester/?link=https://drive.google.com/file/d/0B2GhOizgeAmtMTZJQmo1d0Jrclk/view&amp;mode=play_link</link>
<thumbnail></thumbnail>
</item>
<item>
<title>Cô nàng kiểm duyệt Kono Etsuko - Tập 7</title>
<link>plugin://plugin.video.link__tester/?link=https://drive.google.com/file/d/0BxaRHoMCt6yxRnZsQ3BVRUZjQWc/view&amp;mode=play_link</link>
<thumbnail></thumbnail>
</item>
<item>
<title>Cô nàng kiểm duyệt Kono Etsuko - Tập 8</title>
<link>plugin://plugin.video.link__tester/?link=https://drive.google.com/file/d/0BwYUeD5Hftg_SGl3MUpRc2cyMlU/view&amp;mode=play_link</link>
<thumbnail></thumbnail>
</item>
<item>
<title>Cô nàng kiểm duyệt Kono Etsuko - Tập 9</title>
<link>plugin://plugin.video.link__tester/?link=https://drive.google.com/file/d/0BwYUeD5Hftg_anU4M0FvMURDcHc/view&amp;mode=play_link</link>
<thumbnail></thumbnail>
</item>
<item>
<title>Cô nàng kiểm duyệt Kono Etsuko - Tập 10</title>
<link>plugin://plugin.video.link__tester/?link=https://drive.google.com/file/d/0BwYUeD5Hftg_ckxyaHJ3cU1iSzQ/view&amp;mode=play_link</link>
<thumbnail></thumbnail>
</item>
<item>
<title>Lọ lem thi cử - Tập 1</title>
<link>plugin://plugin.video.link__tester/?link=https://drive.google.com/file/d/0B5EMsdD5EIrJMFg5VktNV2o4OUk/view&amp;mode=play_link</link>
<thumbnail></thumbnail>
</item>
<item>
<title>Lọ lem thi cử - Tập 2</title>
<link>plugin://plugin.video.link__tester/?link=https://drive.google.com/file/d/0B5EMsdD5EIrJU2JYTDN1bVlMX2c/view&amp;mode=play_link</link>
<thumbnail></thumbnail>
</item>
<item>
<title>Lọ lem thi cử - Tập 3</title>
<link>plugin://plugin.video.link__tester/?link=https://drive.google.com/file/d/0B5EMsdD5EIrJT1NGVUZnTFg2TGM/view&amp;mode=play_link</link>
<thumbnail></thumbnail>
</item>
<item>
<title>Lọ lem thi cử - Tập 4</title>
<link>plugin://plugin.video.link__tester/?link=https://drive.google.com/file/d/0B5EMsdD5EIrJdXVKdUtJa2hEdnM/view&amp;mode=play_link</link>
<thumbnail></thumbnail>
</item>
<item>
<title>Lọ lem thi cử - Tập 5</title>
<link>plugin://plugin.video.link__tester/?link=https://drive.google.com/file/d/0ByO2_EN5OKyoeEs3bWdsTkRCems/view&amp;mode=play_link</link>
<thumbnail></thumbnail>
</item>
<item>
<title>Lọ lem thi cử - Tập 6</title>
<link>plugin://plugin.video.link__tester/?link=https://drive.google.com/file/d/0BxaRHoMCt6yxWnM4OE1DczVLMHc/view&amp;mode=play_link</link>
<thumbnail></thumbnail>
</item>
<item>
<title>Lọ lem thi cử - Tập 7</title>
<link>plugin://plugin.video.link__tester/?link=https://drive.google.com/file/d/0ByO2_EN5OKyoMFg3RTE0MExXXzg/view&amp;mode=play_link</link>
<thumbnail></thumbnail>
</item>
<item>
<title>Lọ lem thi cử - Tập 8</title>
<link>plugin://plugin.video.link__tester/?link=https://drive.google.com/file/d/0ByO2_EN5OKyoMHpnbE1JQlh4dWM/view&amp;mode=play_link</link>
<thumbnail></thumbnail>
</item>
<item>
<title>Mùa hè năm ấy em đã yêu thầy - Tập 1</title>
<link>plugin://plugin.video.link__tester/?link=https://drive.google.com/file/d/0B5EMsdD5EIrJQVBDZnI5bmpUNkk/view&amp;mode=play_link</link>
<thumbnail></thumbnail>
</item>
<item>
<title>Mùa hè năm ấy em đã yêu thầy - Tập 2</title>
<link>plugin://plugin.video.link__tester/?link=https://drive.google.com/file/d/0B5EMsdD5EIrJWWF3Z2VudG9fXzQ/view&amp;mode=play_link</link>
<thumbnail></thumbnail>
</item>
<item>
<title>Mùa hè năm ấy em đã yêu thầy - Tập 3</title>
<link>plugin://plugin.video.link__tester/?link=https://drive.google.com/file/d/0B5EMsdD5EIrJLUlUTkV5Q3ZKdms/view&amp;mode=play_link</link>
<thumbnail></thumbnail>
</item>
<item>
<title>Mùa hè năm ấy em đã yêu thầy - Tập 4</title>
<link>plugin://plugin.video.link__tester/?link=https://drive.google.com/file/d/0B5EMsdD5EIrJTFdKanhfbUpSanM/view&amp;mode=play_link</link>
<thumbnail></thumbnail>
</item>
<item>
<title>Mùa hè năm ấy em đã yêu thầy - Tập 5</title>
<link>plugin://plugin.video.link__tester/?link=https://drive.google.com/file/d/0B5EMsdD5EIrJakhneUwxOFowSTg/view&amp;mode=play_link</link>
<thumbnail></thumbnail>
</item>
<item>
<title>Mùa hè năm ấy em đã yêu thầy - Tập 6</title>
<link>plugin://plugin.video.link__tester/?link=https://drive.google.com/file/d/0B5EMsdD5EIrJTFlKRnNaTWgwMDQ/view&amp;mode=play_link</link>
<thumbnail></thumbnail>
</item>
<item>
<title>Mùa hè năm ấy em đã yêu thầy - Tập 7</title>
<link>plugin://plugin.video.link__tester/?link=https://drive.google.com/file/d/0B5EMsdD5EIrJNW80QmxScUp3SGc/view&amp;mode=play_link</link>
<thumbnail></thumbnail>
</item>
<item>
<title>Mùa hè năm ấy em đã yêu thầy - Tập 8</title>
<link>plugin://plugin.video.link__tester/?link=https://drive.google.com/file/d/0B5EMsdD5EIrJWG5qSUs4enhxdEE/view&amp;mode=play_link</link>
<thumbnail></thumbnail>
</item>

<item>
<title>Tây Du Ký 2010 (Thuyết Minh) - Tập 1</title>
<link>http://phapam.tuvientuongvan.com.vn/phapam/film/NuocNgoai/TayDuKy/Phim-Phat-Giao-Nuoc-Ngoai-Tay-Du-Ky-2010-Tap-1.mp4</link>
<thumbnail>https://s9.postimg.org/fb0qfk427/tayduky.jpg</thumbnail>
</item>
<item>
<title>Tây Du Ký 2010 (Thuyết Minh) - Tập 2</title>
<link>http://phapam.tuvientuongvan.com.vn/phapam/film/NuocNgoai/TayDuKy/Phim-Phat-Giao-Nuoc-Ngoai-Tay-Du-Ky-2010-Tap-2.mp4</link>
<thumbnail>https://s9.postimg.org/fb0qfk427/tayduky.jpg</thumbnail>
</item>
<item>
<title>Tây Du Ký 2010 (Thuyết Minh) - Tập 3</title>
<link>http://phapam.tuvientuongvan.com.vn/phapam/film/NuocNgoai/TayDuKy/Phim-Phat-Giao-Nuoc-Ngoai-Tay-Du-Ky-2010-Tap-3.mp4</link>
<thumbnail>https://s9.postimg.org/fb0qfk427/tayduky.jpg</thumbnail>
</item>
<item>
<title>Tây Du Ký 2010 (Thuyết Minh) - Tập 4</title>
<link>http://phapam.tuvientuongvan.com.vn/phapam/film/NuocNgoai/TayDuKy/Phim-Phat-Giao-Nuoc-Ngoai-Tay-Du-Ky-2010-Tap-4.mp4</link>
<thumbnail>https://s9.postimg.org/fb0qfk427/tayduky.jpg</thumbnail>
</item>
<item>
<title>Tây Du Ký 2010 (Thuyết Minh) - Tập 5</title>
<link>http://phapam.tuvientuongvan.com.vn/phapam/film/NuocNgoai/TayDuKy/Phim-Phat-Giao-Nuoc-Ngoai-Tay-Du-Ky-2010-Tap-5.mp4</link>
<thumbnail>https://s9.postimg.org/fb0qfk427/tayduky.jpg</thumbnail>
</item>
<item>
<title>Tây Du Ký 2010 (Thuyết Minh) - Tập 6</title>
<link>http://phapam.tuvientuongvan.com.vn/phapam/film/NuocNgoai/TayDuKy/Phim-Phat-Giao-Nuoc-Ngoai-Tay-Du-Ky-2010-Tap-6.mp4</link>
<thumbnail>https://s9.postimg.org/fb0qfk427/tayduky.jpg</thumbnail>
</item>
<item>
<title>Tây Du Ký 2010 (Thuyết Minh) - Tập 7</title>
<link>http://phapam.tuvientuongvan.com.vn/phapam/film/NuocNgoai/TayDuKy/Phim-Phat-Giao-Nuoc-Ngoai-Tay-Du-Ky-2010-Tap-7.mp4</link>
<thumbnail>https://s9.postimg.org/fb0qfk427/tayduky.jpg</thumbnail>
</item>
<item>
<title>Tây Du Ký 2010 (Thuyết Minh) - Tập 8</title>
<link>http://phapam.tuvientuongvan.com.vn/phapam/film/NuocNgoai/TayDuKy/Phim-Phat-Giao-Nuoc-Ngoai-Tay-Du-Ky-2010-Tap-8.mp4</link>
<thumbnail>https://s9.postimg.org/fb0qfk427/tayduky.jpg</thumbnail>
</item>
<item>
<title>Tây Du Ký 2010 (Thuyết Minh) - Tập 9</title>
<link>http://phapam.tuvientuongvan.com.vn/phapam/film/NuocNgoai/TayDuKy/Phim-Phat-Giao-Nuoc-Ngoai-Tay-Du-Ky-2010-Tap-9.mp4</link>
<thumbnail>https://s9.postimg.org/fb0qfk427/tayduky.jpg</thumbnail>
</item>
<item>
<title>Tây Du Ký 2010 (Thuyết Minh) - Tập 10</title>
<link>http://phapam.tuvientuongvan.com.vn/phapam/film/NuocNgoai/TayDuKy/Phim-Phat-Giao-Nuoc-Ngoai-Tay-Du-Ky-2010-Tap-10.mp4</link>
<thumbnail>https://s9.postimg.org/fb0qfk427/tayduky.jpg</thumbnail>
</item>
<item>
<title>Tây Du Ký 2010 (Thuyết Minh) - Tập 11</title>
<link>http://phapam.tuvientuongvan.com.vn/phapam/film/NuocNgoai/TayDuKy/Phim-Phat-Giao-Nuoc-Ngoai-Tay-Du-Ky-2010-Tap-11.mp4</link>
<thumbnail>https://s9.postimg.org/fb0qfk427/tayduky.jpg</thumbnail>
</item>
<item>
<title>Tây Du Ký 2010 (Thuyết Minh) - Tập 12</title>
<link>http://phapam.tuvientuongvan.com.vn/phapam/film/NuocNgoai/TayDuKy/Phim-Phat-Giao-Nuoc-Ngoai-Tay-Du-Ky-2010-Tap-12.mp4</link>
<thumbnail>https://s9.postimg.org/fb0qfk427/tayduky.jpg</thumbnail>
</item>
<item>
<title>Tây Du Ký 2010 (Thuyết Minh) - Tập 13</title>
<link>http://phapam.tuvientuongvan.com.vn/phapam/film/NuocNgoai/TayDuKy/Phim-Phat-Giao-Nuoc-Ngoai-Tay-Du-Ky-2010-Tap-13.mp4</link>
<thumbnail>https://s9.postimg.org/fb0qfk427/tayduky.jpg</thumbnail>
</item>
<item>
<title>Tây Du Ký 2010 (Thuyết Minh) - Tập 14</title>
<link>http://phapam.tuvientuongvan.com.vn/phapam/film/NuocNgoai/TayDuKy/Phim-Phat-Giao-Nuoc-Ngoai-Tay-Du-Ky-2010-Tap-14.mp4</link>
<thumbnail>https://s9.postimg.org/fb0qfk427/tayduky.jpg</thumbnail>
</item>
<item>
<title>Tây Du Ký 2010 (Thuyết Minh) - Tập 15</title>
<link>http://phapam.tuvientuongvan.com.vn/phapam/film/NuocNgoai/TayDuKy/Phim-Phat-Giao-Nuoc-Ngoai-Tay-Du-Ky-2010-Tap-15.mp4</link>
<thumbnail>https://s9.postimg.org/fb0qfk427/tayduky.jpg</thumbnail>
</item>
<item>
<title>Tây Du Ký 2010 (Thuyết Minh) - Tập 16</title>
<link>http://phapam.tuvientuongvan.com.vn/phapam/film/NuocNgoai/TayDuKy/Phim-Phat-Giao-Nuoc-Ngoai-Tay-Du-Ky-2010-Tap-16.mp4</link>
<thumbnail>https://s9.postimg.org/fb0qfk427/tayduky.jpg</thumbnail>
</item>
<item>
<title>Tây Du Ký 2010 (Thuyết Minh) - Tập 17</title>
<link>http://phapam.tuvientuongvan.com.vn/phapam/film/NuocNgoai/TayDuKy/Phim-Phat-Giao-Nuoc-Ngoai-Tay-Du-Ky-2010-Tap-17.mp4</link>
<thumbnail>https://s9.postimg.org/fb0qfk427/tayduky.jpg</thumbnail>
</item>
<item>
<title>Tây Du Ký 2010 (Thuyết Minh) - Tập 18</title>
<link>http://phapam.tuvientuongvan.com.vn/phapam/film/NuocNgoai/TayDuKy/Phim-Phat-Giao-Nuoc-Ngoai-Tay-Du-Ky-2010-Tap-18.mp4</link>
<thumbnail>https://s9.postimg.org/fb0qfk427/tayduky.jpg</thumbnail>
</item>
<item>
<title>Tây Du Ký 2010 (Thuyết Minh) - Tập 19</title>
<link>http://phapam.tuvientuongvan.com.vn/phapam/film/NuocNgoai/TayDuKy/Phim-Phat-Giao-Nuoc-Ngoai-Tay-Du-Ky-2010-Tap-19.mp4</link>
<thumbnail>https://s9.postimg.org/fb0qfk427/tayduky.jpg</thumbnail>
</item>
<item>
<title>Tây Du Ký 2010 (Thuyết Minh) - Tập 20</title>
<link>http://phapam.tuvientuongvan.com.vn/phapam/film/NuocNgoai/TayDuKy/Phim-Phat-Giao-Nuoc-Ngoai-Tay-Du-Ky-2010-Tap-20.mp4</link>
<thumbnail>https://s9.postimg.org/fb0qfk427/tayduky.jpg</thumbnail>
</item>
<item>
<title>Tây Du Ký 2010 (Thuyết Minh) - Tập 21</title>
<link>http://phapam.tuvientuongvan.com.vn/phapam/film/NuocNgoai/TayDuKy/Phim-Phat-Giao-Nuoc-Ngoai-Tay-Du-Ky-2010-Tap-21.mp4</link>
<thumbnail>https://s9.postimg.org/fb0qfk427/tayduky.jpg</thumbnail>
</item>
<item>
<title>Tây Du Ký 2010 (Thuyết Minh) - Tập 22</title>
<link>http://phapam.tuvientuongvan.com.vn/phapam/film/NuocNgoai/TayDuKy/Phim-Phat-Giao-Nuoc-Ngoai-Tay-Du-Ky-2010-Tap-22.mp4</link>
<thumbnail>https://s9.postimg.org/fb0qfk427/tayduky.jpg</thumbnail>
</item>
<item>
<title>Tây Du Ký 2010 (Thuyết Minh) - Tập 23</title>
<link>http://phapam.tuvientuongvan.com.vn/phapam/film/NuocNgoai/TayDuKy/Phim-Phat-Giao-Nuoc-Ngoai-Tay-Du-Ky-2010-Tap-23.mp4</link>
<thumbnail>https://s9.postimg.org/fb0qfk427/tayduky.jpg</thumbnail>
</item>
<item>
<title>Tây Du Ký 2010 (Thuyết Minh) - Tập 24</title>
<link>http://phapam.tuvientuongvan.com.vn/phapam/film/NuocNgoai/TayDuKy/Phim-Phat-Giao-Nuoc-Ngoai-Tay-Du-Ky-2010-Tap-24.mp4</link>
<thumbnail>https://s9.postimg.org/fb0qfk427/tayduky.jpg</thumbnail>
</item>
<item>
<title>Tây Du Ký 2010 (Thuyết Minh) - Tập 25</title>
<link>http://phapam.tuvientuongvan.com.vn/phapam/film/NuocNgoai/TayDuKy/Phim-Phat-Giao-Nuoc-Ngoai-Tay-Du-Ky-2010-Tap-25.mp4</link>
<thumbnail>https://s9.postimg.org/fb0qfk427/tayduky.jpg</thumbnail>
</item>
<item>
<title>Tây Du Ký 2010 (Thuyết Minh) - Tập 26</title>
<link>http://phapam.tuvientuongvan.com.vn/phapam/film/NuocNgoai/TayDuKy/Phim-Phat-Giao-Nuoc-Ngoai-Tay-Du-Ky-2010-Tap-26.mp4</link>
<thumbnail>https://s9.postimg.org/fb0qfk427/tayduky.jpg</thumbnail>
</item>
<item>
<title>Tây Du Ký 2010 (Thuyết Minh) - Tập 27</title>
<link>http://phapam.tuvientuongvan.com.vn/phapam/film/NuocNgoai/TayDuKy/Phim-Phat-Giao-Nuoc-Ngoai-Tay-Du-Ky-2010-Tap-27.mp4</link>
<thumbnail>https://s9.postimg.org/fb0qfk427/tayduky.jpg</thumbnail>
</item>
<item>
<title>Tây Du Ký 2010 (Thuyết Minh) - Tập 28</title>
<link>http://phapam.tuvientuongvan.com.vn/phapam/film/NuocNgoai/TayDuKy/Phim-Phat-Giao-Nuoc-Ngoai-Tay-Du-Ky-2010-Tap-28.mp4</link>
<thumbnail>https://s9.postimg.org/fb0qfk427/tayduky.jpg</thumbnail>
</item>
<item>
<title>Tây Du Ký 2010 (Thuyết Minh) - Tập 29</title>
<link>http://phapam.tuvientuongvan.com.vn/phapam/film/NuocNgoai/TayDuKy/Phim-Phat-Giao-Nuoc-Ngoai-Tay-Du-Ky-2010-Tap-29.mp4</link>
<thumbnail>https://s9.postimg.org/fb0qfk427/tayduky.jpg</thumbnail>
</item>
<item>
<title>Tây Du Ký 2010 (Thuyết Minh) - Tập 30</title>
<link>http://phapam.tuvientuongvan.com.vn/phapam/film/NuocNgoai/TayDuKy/Phim-Phat-Giao-Nuoc-Ngoai-Tay-Du-Ky-2010-Tap-30.mp4</link>
<thumbnail>https://s9.postimg.org/fb0qfk427/tayduky.jpg</thumbnail>
</item>
<item>
<title>Tây Du Ký 2010 (Thuyết Minh) - Tập 31</title>
<link>http://phapam.tuvientuongvan.com.vn/phapam/film/NuocNgoai/TayDuKy/Phim-Phat-Giao-Nuoc-Ngoai-Tay-Du-Ky-2010-Tap-31.mp4</link>
<thumbnail>https://s9.postimg.org/fb0qfk427/tayduky.jpg</thumbnail>
</item>
<item>
<title>Tây Du Ký 2010 (Thuyết Minh) - Tập 32</title>
<link>http://phapam.tuvientuongvan.com.vn/phapam/film/NuocNgoai/TayDuKy/Phim-Phat-Giao-Nuoc-Ngoai-Tay-Du-Ky-2010-Tap-32.mp4</link>
<thumbnail>https://s9.postimg.org/fb0qfk427/tayduky.jpg</thumbnail>
</item>
<item>
<title>Tây Du Ký 2010 (Thuyết Minh) - Tập 33</title>
<link>http://phapam.tuvientuongvan.com.vn/phapam/film/NuocNgoai/TayDuKy/Phim-Phat-Giao-Nuoc-Ngoai-Tay-Du-Ky-2010-Tap-33.mp4</link>
<thumbnail>https://s9.postimg.org/fb0qfk427/tayduky.jpg</thumbnail>
</item>
<item>
<title>Tây Du Ký 2010 (Thuyết Minh) - Tập 34</title>
<link>http://phapam.tuvientuongvan.com.vn/phapam/film/NuocNgoai/TayDuKy/Phim-Phat-Giao-Nuoc-Ngoai-Tay-Du-Ky-2010-Tap-34.mp4</link>
<thumbnail>https://s9.postimg.org/fb0qfk427/tayduky.jpg</thumbnail>
</item>
<item>
<title>Tây Du Ký 2010 (Thuyết Minh) - Tập 35</title>
<link>http://phapam.tuvientuongvan.com.vn/phapam/film/NuocNgoai/TayDuKy/Phim-Phat-Giao-Nuoc-Ngoai-Tay-Du-Ky-2010-Tap-35.mp4</link>
<thumbnail>https://s9.postimg.org/fb0qfk427/tayduky.jpg</thumbnail>
</item>
<item>
<title>Tây Du Ký 2010 (Thuyết Minh) - Tập 36</title>
<link>http://phapam.tuvientuongvan.com.vn/phapam/film/NuocNgoai/TayDuKy/Phim-Phat-Giao-Nuoc-Ngoai-Tay-Du-Ky-2010-Tap-36.mp4</link>
<thumbnail>https://s9.postimg.org/fb0qfk427/tayduky.jpg</thumbnail>
</item>
<item>
<title>Tây Du Ký 2010 (Thuyết Minh) - Tập 37</title>
<link>http://phapam.tuvientuongvan.com.vn/phapam/film/NuocNgoai/TayDuKy/Phim-Phat-Giao-Nuoc-Ngoai-Tay-Du-Ky-2010-Tap-37.mp4</link>
<thumbnail>https://s9.postimg.org/fb0qfk427/tayduky.jpg</thumbnail>
</item>
<item>
<title>Tây Du Ký 2010 (Thuyết Minh) - Tập 38</title>
<link>http://phapam.tuvientuongvan.com.vn/phapam/film/NuocNgoai/TayDuKy/Phim-Phat-Giao-Nuoc-Ngoai-Tay-Du-Ky-2010-Tap-38.mp4</link>
<thumbnail>https://s9.postimg.org/fb0qfk427/tayduky.jpg</thumbnail>
</item>
<item>
<title>Tây Du Ký 2010 (Thuyết Minh) - Tập 39</title>
<link>http://phapam.tuvientuongvan.com.vn/phapam/film/NuocNgoai/TayDuKy/Phim-Phat-Giao-Nuoc-Ngoai-Tay-Du-Ky-2010-Tap-39.mp4</link>
<thumbnail>https://s9.postimg.org/fb0qfk427/tayduky.jpg</thumbnail>
</item>
<item>
<title>Tây Du Ký 2010 (Thuyết Minh) - Tập 40</title>
<link>http://phapam.tuvientuongvan.com.vn/phapam/film/NuocNgoai/TayDuKy/Phim-Phat-Giao-Nuoc-Ngoai-Tay-Du-Ky-2010-Tap-40.mp4</link>
<thumbnail>https://s9.postimg.org/fb0qfk427/tayduky.jpg</thumbnail>
</item>
<item>
<title>Tây Du Ký 2010 (Thuyết Minh) - Tập 41</title>
<link>http://phapam.tuvientuongvan.com.vn/phapam/film/NuocNgoai/TayDuKy/Phim-Phat-Giao-Nuoc-Ngoai-Tay-Du-Ky-2010-Tap-41.mp4</link>
<thumbnail>https://s9.postimg.org/fb0qfk427/tayduky.jpg</thumbnail>
</item>
<item>
<title>Tây Du Ký 2010 (Thuyết Minh) - Tập 42</title>
<link>http://phapam.tuvientuongvan.com.vn/phapam/film/NuocNgoai/TayDuKy/Phim-Phat-Giao-Nuoc-Ngoai-Tay-Du-Ky-2010-Tap-42.mp4</link>
<thumbnail>https://s9.postimg.org/fb0qfk427/tayduky.jpg</thumbnail>
</item>
<item>
<title>Tây Du Ký 2010 (Thuyết Minh) - Tập 43</title>
<link>http://phapam.tuvientuongvan.com.vn/phapam/film/NuocNgoai/TayDuKy/Phim-Phat-Giao-Nuoc-Ngoai-Tay-Du-Ky-2010-Tap-43.mp4</link>
<thumbnail>https://s9.postimg.org/fb0qfk427/tayduky.jpg</thumbnail>
</item>
<item>
<title>Tây Du Ký 2010 (Thuyết Minh) - Tập 44</title>
<link>http://phapam.tuvientuongvan.com.vn/phapam/film/NuocNgoai/TayDuKy/Phim-Phat-Giao-Nuoc-Ngoai-Tay-Du-Ky-2010-Tap-44.mp4</link>
<thumbnail>https://s9.postimg.org/fb0qfk427/tayduky.jpg</thumbnail>
</item>
<item>
<title>Tây Du Ký 2010 (Thuyết Minh) - Tập 45</title>
<link>http://phapam.tuvientuongvan.com.vn/phapam/film/NuocNgoai/TayDuKy/Phim-Phat-Giao-Nuoc-Ngoai-Tay-Du-Ky-2010-Tap-45.mp4</link>
<thumbnail>https://s9.postimg.org/fb0qfk427/tayduky.jpg</thumbnail>
</item>
<item>
<title>Tây Du Ký 2010 (Thuyết Minh) - Tập 46</title>
<link>http://phapam.tuvientuongvan.com.vn/phapam/film/NuocNgoai/TayDuKy/Phim-Phat-Giao-Nuoc-Ngoai-Tay-Du-Ky-2010-Tap-46.mp4</link>
<thumbnail>https://s9.postimg.org/fb0qfk427/tayduky.jpg</thumbnail>
</item>
<item>
<title>Tây Du Ký 2010 (Thuyết Minh) - Tập 47</title>
<link>http://phapam.tuvientuongvan.com.vn/phapam/film/NuocNgoai/TayDuKy/Phim-Phat-Giao-Nuoc-Ngoai-Tay-Du-Ky-2010-Tap-47.mp4</link>
<thumbnail>https://s9.postimg.org/fb0qfk427/tayduky.jpg</thumbnail>
</item>
<item>
<title>Tây Du Ký 2010 (Thuyết Minh) - Tập 48</title>
<link>http://phapam.tuvientuongvan.com.vn/phapam/film/NuocNgoai/TayDuKy/Phim-Phat-Giao-Nuoc-Ngoai-Tay-Du-Ky-2010-Tap-48.mp4</link>
<thumbnail>https://s9.postimg.org/fb0qfk427/tayduky.jpg</thumbnail>
</item>
<item>
<title>Tây Du Ký 2010 (Thuyết Minh) - Tập 49</title>
<link>http://phapam.tuvientuongvan.com.vn/phapam/film/NuocNgoai/TayDuKy/Phim-Phat-Giao-Nuoc-Ngoai-Tay-Du-Ky-2010-Tap-49.mp4</link>
<thumbnail>https://s9.postimg.org/fb0qfk427/tayduky.jpg</thumbnail>
</item>
<item>
<title>Tây Du Ký 2010 (Thuyết Minh) - Tập 50</title>
<link>http://phapam.tuvientuongvan.com.vn/phapam/film/NuocNgoai/TayDuKy/Phim-Phat-Giao-Nuoc-Ngoai-Tay-Du-Ky-2010-Tap-50.mp4</link>
<thumbnail>https://s9.postimg.org/fb0qfk427/tayduky.jpg</thumbnail>
</item>
<item>
<title>Tây Du Ký 2010 (Thuyết Minh) - Tập 51</title>
<link>http://phapam.tuvientuongvan.com.vn/phapam/film/NuocNgoai/TayDuKy/Phim-Phat-Giao-Nuoc-Ngoai-Tay-Du-Ky-2010-Tap-51.mp4</link>
<thumbnail>https://s9.postimg.org/fb0qfk427/tayduky.jpg</thumbnail>
</item>
<item>
<title>Tây Du Ký 2010 (Thuyết Minh) - Tập 52</title>
<link>http://phapam.tuvientuongvan.com.vn/phapam/film/NuocNgoai/TayDuKy/Phim-Phat-Giao-Nuoc-Ngoai-Tay-Du-Ky-2010-Tap-52.mp4</link>
<thumbnail>https://s9.postimg.org/fb0qfk427/tayduky.jpg</thumbnail>
</item>
<item>
<title>Tây Du Ký 2010 (Thuyết Minh) - Tập 53</title>
<link>http://phapam.tuvientuongvan.com.vn/phapam/film/NuocNgoai/TayDuKy/Phim-Phat-Giao-Nuoc-Ngoai-Tay-Du-Ky-2010-Tap-53.mp4</link>
<thumbnail>https://s9.postimg.org/fb0qfk427/tayduky.jpg</thumbnail>
</item>
<item>
<title>Tây Du Ký 2010 (Thuyết Minh) - Tập 54</title>
<link>http://phapam.tuvientuongvan.com.vn/phapam/film/NuocNgoai/TayDuKy/Phim-Phat-Giao-Nuoc-Ngoai-Tay-Du-Ky-2010-Tap-54.mp4</link>
<thumbnail>https://s9.postimg.org/fb0qfk427/tayduky.jpg</thumbnail>
</item>
<item>
<title>Tây Du Ký 2010 (Thuyết Minh) - Tập 55</title>
<link>http://phapam.tuvientuongvan.com.vn/phapam/film/NuocNgoai/TayDuKy/Phim-Phat-Giao-Nuoc-Ngoai-Tay-Du-Ky-2010-Tap-55.mp4</link>
<thumbnail>https://s9.postimg.org/fb0qfk427/tayduky.jpg</thumbnail>
</item>
<item>
<title>Tây Du Ký 2010 (Thuyết Minh) - Tập 56</title>
<link>http://phapam.tuvientuongvan.com.vn/phapam/film/NuocNgoai/TayDuKy/Phim-Phat-Giao-Nuoc-Ngoai-Tay-Du-Ky-2010-Tap-56.mp4</link>
<thumbnail>https://s9.postimg.org/fb0qfk427/tayduky.jpg</thumbnail>
</item>
<item>
<title>Tây Du Ký 2010 (Thuyết Minh) - Tập 57</title>
<link>http://phapam.tuvientuongvan.com.vn/phapam/film/NuocNgoai/TayDuKy/Phim-Phat-Giao-Nuoc-Ngoai-Tay-Du-Ky-2010-Tap-57.mp4</link>
<thumbnail>https://s9.postimg.org/fb0qfk427/tayduky.jpg</thumbnail>
</item>
<item>
<title>Tây Du Ký 2010 (Thuyết Minh) - Tập 58</title>
<link>http://phapam.tuvientuongvan.com.vn/phapam/film/NuocNgoai/TayDuKy/Phim-Phat-Giao-Nuoc-Ngoai-Tay-Du-Ky-2010-Tap-58.mp4</link>
<thumbnail>https://s9.postimg.org/fb0qfk427/tayduky.jpg</thumbnail>
</item>
<item>
<title>Tây Du Ký 2010 (Thuyết Minh) - Tập 59</title>
<link>http://phapam.tuvientuongvan.com.vn/phapam/film/NuocNgoai/TayDuKy/Phim-Phat-Giao-Nuoc-Ngoai-Tay-Du-Ky-2010-Tap-59.mp4</link>
<thumbnail>https://s9.postimg.org/fb0qfk427/tayduky.jpg</thumbnail>
</item>
<item>
<title>Tây Du Ký 2010 (Thuyết Minh) - Tập 60 (End)</title>
<link>http://phapam.tuvientuongvan.com.vn/phapam/film/NuocNgoai/TayDuKy/Phim-Phat-Giao-Nuoc-Ngoai-Tay-Du-Ky-2010-Tap-60.mp4</link>
<thumbnail>https://s9.postimg.org/fb0qfk427/tayduky.jpg</thumbnail>
</item>
<item>
<title>Tân Tế Công (Tế Điên Hòa Thượng) 2011 Thuyết Minh - Tập 1</title>
<link>http://phapam.tuvientuongvan.com.vn/phapam/film/NuocNgoai/TanTeCong2011/Phim-Phat-Giao-Nuoc-Ngoai-Tan-Te-Cong-2011-Tap-1.mp4</link>
<thumbnail>https://s28.postimg.org/vpylbtm8t/tecong.jpg</thumbnail>
</item>
<item>
<title>Tân Tế Công (Tế Điên Hòa Thượng) 2011 Thuyết Minh - Tập 2</title>
<link>http://phapam.tuvientuongvan.com.vn/phapam/film/NuocNgoai/TanTeCong2011/Phim-Phat-Giao-Nuoc-Ngoai-Tan-Te-Cong-2011-Tap-2.mp4</link>
<thumbnail>https://s28.postimg.org/vpylbtm8t/tecong.jpg</thumbnail>
</item>
<item>
<title>Tân Tế Công (Tế Điên Hòa Thượng) 2011 Thuyết Minh - Tập 3</title>
<link>http://phapam.tuvientuongvan.com.vn/phapam/film/NuocNgoai/TanTeCong2011/Phim-Phat-Giao-Nuoc-Ngoai-Tan-Te-Cong-2011-Tap-3.mp4</link>
<thumbnail>https://s28.postimg.org/vpylbtm8t/tecong.jpg</thumbnail>
</item>
<item>
<title>Tân Tế Công (Tế Điên Hòa Thượng) 2011 Thuyết Minh - Tập 4</title>
<link>http://phapam.tuvientuongvan.com.vn/phapam/film/NuocNgoai/TanTeCong2011/Phim-Phat-Giao-Nuoc-Ngoai-Tan-Te-Cong-2011-Tap-4.mp4</link>
<thumbnail>https://s28.postimg.org/vpylbtm8t/tecong.jpg</thumbnail>
</item>
<item>
<title>Tân Tế Công (Tế Điên Hòa Thượng) 2011 Thuyết Minh - Tập 5</title>
<link>http://phapam.tuvientuongvan.com.vn/phapam/film/NuocNgoai/TanTeCong2011/Phim-Phat-Giao-Nuoc-Ngoai-Tan-Te-Cong-2011-Tap-5.mp4</link>
<thumbnail>https://s28.postimg.org/vpylbtm8t/tecong.jpg</thumbnail>
</item>
<item>
<title>Tân Tế Công (Tế Điên Hòa Thượng) 2011 Thuyết Minh - Tập 6</title>
<link>http://phapam.tuvientuongvan.com.vn/phapam/film/NuocNgoai/TanTeCong2011/Phim-Phat-Giao-Nuoc-Ngoai-Tan-Te-Cong-2011-Tap-6.mp4</link>
<thumbnail>https://s28.postimg.org/vpylbtm8t/tecong.jpg</thumbnail>
</item>
<item>
<title>Tân Tế Công (Tế Điên Hòa Thượng) 2011 Thuyết Minh - Tập 7</title>
<link>http://phapam.tuvientuongvan.com.vn/phapam/film/NuocNgoai/TanTeCong2011/Phim-Phat-Giao-Nuoc-Ngoai-Tan-Te-Cong-2011-Tap-7.mp4</link>
<thumbnail>https://s28.postimg.org/vpylbtm8t/tecong.jpg</thumbnail>
</item>
<item>
<title>Tân Tế Công (Tế Điên Hòa Thượng) 2011 Thuyết Minh - Tập 8</title>
<link>http://phapam.tuvientuongvan.com.vn/phapam/film/NuocNgoai/TanTeCong2011/Phim-Phat-Giao-Nuoc-Ngoai-Tan-Te-Cong-2011-Tap-8.mp4</link>
<thumbnail>https://s28.postimg.org/vpylbtm8t/tecong.jpg</thumbnail>
</item>
<item>
<title>Tân Tế Công (Tế Điên Hòa Thượng) 2011 Thuyết Minh - Tập 9</title>
<link>http://phapam.tuvientuongvan.com.vn/phapam/film/NuocNgoai/TanTeCong2011/Phim-Phat-Giao-Nuoc-Ngoai-Tan-Te-Cong-2011-Tap-9.mp4</link>
<thumbnail>https://s28.postimg.org/vpylbtm8t/tecong.jpg</thumbnail>
</item>
<item>
<title>Tân Tế Công (Tế Điên Hòa Thượng) 2011 Thuyết Minh - Tập 10</title>
<link>http://phapam.tuvientuongvan.com.vn/phapam/film/NuocNgoai/TanTeCong2011/Phim-Phat-Giao-Nuoc-Ngoai-Tan-Te-Cong-2011-Tap-10.mp4</link>
<thumbnail>https://s28.postimg.org/vpylbtm8t/tecong.jpg</thumbnail>
</item>
<item>
<title>Tân Tế Công (Tế Điên Hòa Thượng) 2011 Thuyết Minh - Tập 11</title>
<link>http://phapam.tuvientuongvan.com.vn/phapam/film/NuocNgoai/TanTeCong2011/Phim-Phat-Giao-Nuoc-Ngoai-Tan-Te-Cong-2011-Tap-11.mp4</link>
<thumbnail>https://s28.postimg.org/vpylbtm8t/tecong.jpg</thumbnail>
</item>
<item>
<title>Tân Tế Công (Tế Điên Hòa Thượng) 2011 Thuyết Minh - Tập 12</title>
<link>http://phapam.tuvientuongvan.com.vn/phapam/film/NuocNgoai/TanTeCong2011/Phim-Phat-Giao-Nuoc-Ngoai-Tan-Te-Cong-2011-Tap-12.mp4</link>
<thumbnail>https://s28.postimg.org/vpylbtm8t/tecong.jpg</thumbnail>
</item>
<item>
<title>Tân Tế Công (Tế Điên Hòa Thượng) 2011 Thuyết Minh - Tập 13</title>
<link>http://phapam.tuvientuongvan.com.vn/phapam/film/NuocNgoai/TanTeCong2011/Phim-Phat-Giao-Nuoc-Ngoai-Tan-Te-Cong-2011-Tap-13.mp4</link>
<thumbnail>https://s28.postimg.org/vpylbtm8t/tecong.jpg</thumbnail>
</item>
<item>
<title>Tân Tế Công (Tế Điên Hòa Thượng) 2011 Thuyết Minh - Tập 14</title>
<link>http://phapam.tuvientuongvan.com.vn/phapam/film/NuocNgoai/TanTeCong2011/Phim-Phat-Giao-Nuoc-Ngoai-Tan-Te-Cong-2011-Tap-14.mp4</link>
<thumbnail>https://s28.postimg.org/vpylbtm8t/tecong.jpg</thumbnail>
</item>
<item>
<title>Tân Tế Công (Tế Điên Hòa Thượng) 2011 Thuyết Minh - Tập 15</title>
<link>http://phapam.tuvientuongvan.com.vn/phapam/film/NuocNgoai/TanTeCong2011/Phim-Phat-Giao-Nuoc-Ngoai-Tan-Te-Cong-2011-Tap-15.mp4</link>
<thumbnail>https://s28.postimg.org/vpylbtm8t/tecong.jpg</thumbnail>
</item>
<item>
<title>Tân Tế Công (Tế Điên Hòa Thượng) 2011 Thuyết Minh - Tập 16</title>
<link>http://phapam.tuvientuongvan.com.vn/phapam/film/NuocNgoai/TanTeCong2011/Phim-Phat-Giao-Nuoc-Ngoai-Tan-Te-Cong-2011-Tap-16.mp4</link>
<thumbnail>https://s28.postimg.org/vpylbtm8t/tecong.jpg</thumbnail>
</item>
<item>
<title>Tân Tế Công (Tế Điên Hòa Thượng) 2011 Thuyết Minh - Tập 17</title>
<link>http://phapam.tuvientuongvan.com.vn/phapam/film/NuocNgoai/TanTeCong2011/Phim-Phat-Giao-Nuoc-Ngoai-Tan-Te-Cong-2011-Tap-17.mp4</link>
<thumbnail>https://s28.postimg.org/vpylbtm8t/tecong.jpg</thumbnail>
</item>
<item>
<title>Tân Tế Công (Tế Điên Hòa Thượng) 2011 Thuyết Minh - Tập 18</title>
<link>http://phapam.tuvientuongvan.com.vn/phapam/film/NuocNgoai/TanTeCong2011/Phim-Phat-Giao-Nuoc-Ngoai-Tan-Te-Cong-2011-Tap-18.mp4</link>
<thumbnail>https://s28.postimg.org/vpylbtm8t/tecong.jpg</thumbnail>
</item>
<item>
<title>Tân Tế Công (Tế Điên Hòa Thượng) 2011 Thuyết Minh - Tập 19</title>
<link>http://phapam.tuvientuongvan.com.vn/phapam/film/NuocNgoai/TanTeCong2011/Phim-Phat-Giao-Nuoc-Ngoai-Tan-Te-Cong-2011-Tap-19.mp4</link>
<thumbnail>https://s28.postimg.org/vpylbtm8t/tecong.jpg</thumbnail>
</item>
<item>
<title>Tân Tế Công (Tế Điên Hòa Thượng) 2011 Thuyết Minh - Tập 20</title>
<link>http://phapam.tuvientuongvan.com.vn/phapam/film/NuocNgoai/TanTeCong2011/Phim-Phat-Giao-Nuoc-Ngoai-Tan-Te-Cong-2011-Tap-20.mp4</link>
<thumbnail>https://s28.postimg.org/vpylbtm8t/tecong.jpg</thumbnail>
</item>
<item>
<title>Tân Tế Công (Tế Điên Hòa Thượng) 2011 Thuyết Minh - Tập 21</title>
<link>http://phapam.tuvientuongvan.com.vn/phapam/film/NuocNgoai/TanTeCong2011/Phim-Phat-Giao-Nuoc-Ngoai-Tan-Te-Cong-2011-Tap-21.mp4</link>
<thumbnail>https://s28.postimg.org/vpylbtm8t/tecong.jpg</thumbnail>
</item>
<item>
<title>Tân Tế Công (Tế Điên Hòa Thượng) 2011 Thuyết Minh - Tập 22</title>
<link>http://phapam.tuvientuongvan.com.vn/phapam/film/NuocNgoai/TanTeCong2011/Phim-Phat-Giao-Nuoc-Ngoai-Tan-Te-Cong-2011-Tap-22.mp4</link>
<thumbnail>https://s28.postimg.org/vpylbtm8t/tecong.jpg</thumbnail>
</item>
<item>
<title>Tân Tế Công (Tế Điên Hòa Thượng) 2011 Thuyết Minh - Tập 23</title>
<link>http://phapam.tuvientuongvan.com.vn/phapam/film/NuocNgoai/TanTeCong2011/Phim-Phat-Giao-Nuoc-Ngoai-Tan-Te-Cong-2011-Tap-23.mp4</link>
<thumbnail>https://s28.postimg.org/vpylbtm8t/tecong.jpg</thumbnail>
</item>
<item>
<title>Tân Tế Công (Tế Điên Hòa Thượng) 2011 Thuyết Minh - Tập 24</title>
<link>http://phapam.tuvientuongvan.com.vn/phapam/film/NuocNgoai/TanTeCong2011/Phim-Phat-Giao-Nuoc-Ngoai-Tan-Te-Cong-2011-Tap-24.mp4</link>
<thumbnail>https://s28.postimg.org/vpylbtm8t/tecong.jpg</thumbnail>
</item>
<item>
<title>Tân Tế Công (Tế Điên Hòa Thượng) 2011 Thuyết Minh - Tập 25</title>
<link>http://phapam.tuvientuongvan.com.vn/phapam/film/NuocNgoai/TanTeCong2011/Phim-Phat-Giao-Nuoc-Ngoai-Tan-Te-Cong-2011-Tap-25.mp4</link>
<thumbnail>https://s28.postimg.org/vpylbtm8t/tecong.jpg</thumbnail>
</item>
<item>
<title>Tân Tế Công (Tế Điên Hòa Thượng) 2011 Thuyết Minh - Tập 26</title>
<link>http://phapam.tuvientuongvan.com.vn/phapam/film/NuocNgoai/TanTeCong2011/Phim-Phat-Giao-Nuoc-Ngoai-Tan-Te-Cong-2011-Tap-26.mp4</link>
<thumbnail>https://s28.postimg.org/vpylbtm8t/tecong.jpg</thumbnail>
</item>
<item>
<title>Tân Tế Công (Tế Điên Hòa Thượng) 2011 Thuyết Minh - Tập 27</title>
<link>http://phapam.tuvientuongvan.com.vn/phapam/film/NuocNgoai/TanTeCong2011/Phim-Phat-Giao-Nuoc-Ngoai-Tan-Te-Cong-2011-Tap-27.mp4</link>
<thumbnail>https://s28.postimg.org/vpylbtm8t/tecong.jpg</thumbnail>
</item>
<item>
<title>Tân Tế Công (Tế Điên Hòa Thượng) 2011 Thuyết Minh - Tập 28</title>
<link>http://phapam.tuvientuongvan.com.vn/phapam/film/NuocNgoai/TanTeCong2011/Phim-Phat-Giao-Nuoc-Ngoai-Tan-Te-Cong-2011-Tap-28.mp4</link>
<thumbnail>https://s28.postimg.org/vpylbtm8t/tecong.jpg</thumbnail>
</item>
<item>
<title>Tân Tế Công (Tế Điên Hòa Thượng) 2011 Thuyết Minh - Tập 29</title>
<link>http://phapam.tuvientuongvan.com.vn/phapam/film/NuocNgoai/TanTeCong2011/Phim-Phat-Giao-Nuoc-Ngoai-Tan-Te-Cong-2011-Tap-29.mp4</link>
<thumbnail>https://s28.postimg.org/vpylbtm8t/tecong.jpg</thumbnail>
</item>
<item>
<title>Tân Tế Công (Tế Điên Hòa Thượng) 2011 Thuyết Minh - Tập 30</title>
<link>http://phapam.tuvientuongvan.com.vn/phapam/film/NuocNgoai/TanTeCong2011/Phim-Phat-Giao-Nuoc-Ngoai-Tan-Te-Cong-2011-Tap-30.mp4</link>
<thumbnail>https://s28.postimg.org/vpylbtm8t/tecong.jpg</thumbnail>
</item>
<item>
<title>Tân Tế Công (Tế Điên Hòa Thượng) 2011 Thuyết Minh - Tập 31</title>
<link>http://phapam.tuvientuongvan.com.vn/phapam/film/NuocNgoai/TanTeCong2011/Phim-Phat-Giao-Nuoc-Ngoai-Tan-Te-Cong-2011-Tap-31.mp4</link>
<thumbnail>https://s28.postimg.org/vpylbtm8t/tecong.jpg</thumbnail>
</item>
<item>
<title>Tân Tế Công (Tế Điên Hòa Thượng) 2011 Thuyết Minh - Tập 32</title>
<link>http://phapam.tuvientuongvan.com.vn/phapam/film/NuocNgoai/TanTeCong2011/Phim-Phat-Giao-Nuoc-Ngoai-Tan-Te-Cong-2011-Tap-32.mp4</link>
<thumbnail>https://s28.postimg.org/vpylbtm8t/tecong.jpg</thumbnail>
</item>
<item>
<title>Tân Tế Công (Tế Điên Hòa Thượng) 2011 Thuyết Minh - Tập 33</title>
<link>http://phapam.tuvientuongvan.com.vn/phapam/film/NuocNgoai/TanTeCong2011/Phim-Phat-Giao-Nuoc-Ngoai-Tan-Te-Cong-2011-Tap-33.mp4</link>
<thumbnail>https://s28.postimg.org/vpylbtm8t/tecong.jpg</thumbnail>
</item>
<item>
<title>Tân Tế Công (Tế Điên Hòa Thượng) 2011 Thuyết Minh - Tập 34</title>
<link>http://phapam.tuvientuongvan.com.vn/phapam/film/NuocNgoai/TanTeCong2011/Phim-Phat-Giao-Nuoc-Ngoai-Tan-Te-Cong-2011-Tap-34.mp4</link>
<thumbnail>https://s28.postimg.org/vpylbtm8t/tecong.jpg</thumbnail>
</item>
<item>
<title>Tân Tế Công (Tế Điên Hòa Thượng) 2011 Thuyết Minh - Tập 35</title>
<link>http://phapam.tuvientuongvan.com.vn/phapam/film/NuocNgoai/TanTeCong2011/Phim-Phat-Giao-Nuoc-Ngoai-Tan-Te-Cong-2011-Tap-35.mp4</link>
<thumbnail>https://s28.postimg.org/vpylbtm8t/tecong.jpg</thumbnail>
</item>
<item>
<title>Tân Tế Công (Tế Điên Hòa Thượng) 2011 Thuyết Minh - Tập 36</title>
<link>http://phapam.tuvientuongvan.com.vn/phapam/film/NuocNgoai/TanTeCong2011/Phim-Phat-Giao-Nuoc-Ngoai-Tan-Te-Cong-2011-Tap-36.mp4</link>
<thumbnail>https://s28.postimg.org/vpylbtm8t/tecong.jpg</thumbnail>
</item>
<item>
<title>Tân Tế Công (Tế Điên Hòa Thượng) 2011 Thuyết Minh - Tập 37</title>
<link>http://phapam.tuvientuongvan.com.vn/phapam/film/NuocNgoai/TanTeCong2011/Phim-Phat-Giao-Nuoc-Ngoai-Tan-Te-Cong-2011-Tap-37.mp4</link>
<thumbnail>https://s28.postimg.org/vpylbtm8t/tecong.jpg</thumbnail>
</item>
<item>
<title>Tân Tế Công (Tế Điên Hòa Thượng) 2011 Thuyết Minh - Tập 38</title>
<link>http://phapam.tuvientuongvan.com.vn/phapam/film/NuocNgoai/TanTeCong2011/Phim-Phat-Giao-Nuoc-Ngoai-Tan-Te-Cong-2011-Tap-38.mp4</link>
<thumbnail>https://s28.postimg.org/vpylbtm8t/tecong.jpg</thumbnail>
</item>
<item>
<title>Tân Tế Công (Tế Điên Hòa Thượng) 2011 Thuyết Minh - Tập 39</title>
<link>http://phapam.tuvientuongvan.com.vn/phapam/film/NuocNgoai/TanTeCong2011/Phim-Phat-Giao-Nuoc-Ngoai-Tan-Te-Cong-2011-Tap-39.mp4</link>
<thumbnail>https://s28.postimg.org/vpylbtm8t/tecong.jpg</thumbnail>
</item>
<item>
<title>Tân Tế Công (Tế Điên Hòa Thượng) 2011 Thuyết Minh - Tập 40</title>
<link>http://phapam.tuvientuongvan.com.vn/phapam/film/NuocNgoai/TanTeCong2011/Phim-Phat-Giao-Nuoc-Ngoai-Tan-Te-Cong-2011-Tap-40.mp4</link>
<thumbnail>https://s28.postimg.org/vpylbtm8t/tecong.jpg</thumbnail>
</item>
<item>
<title>Tân Tế Công (Tế Điên Hòa Thượng) 2011 Thuyết Minh - Tập 41</title>
<link>http://phapam.tuvientuongvan.com.vn/phapam/film/NuocNgoai/TanTeCong2011/Phim-Phat-Giao-Nuoc-Ngoai-Tan-Te-Cong-2011-Tap-41.mp4</link>
<thumbnail>https://s28.postimg.org/vpylbtm8t/tecong.jpg</thumbnail>
</item>
<item>
<title>Tân Tế Công (Tế Điên Hòa Thượng) 2011 Thuyết Minh - Tập 42</title>
<link>http://phapam.tuvientuongvan.com.vn/phapam/film/NuocNgoai/TanTeCong2011/Phim-Phat-Giao-Nuoc-Ngoai-Tan-Te-Cong-2011-Tap-42.mp4</link>
<thumbnail>https://s28.postimg.org/vpylbtm8t/tecong.jpg</thumbnail>
</item>
<item>
<title>Tân Tế Công (Tế Điên Hòa Thượng) 2011 Thuyết Minh - Tập 43</title>
<link>http://phapam.tuvientuongvan.com.vn/phapam/film/NuocNgoai/TanTeCong2011/Phim-Phat-Giao-Nuoc-Ngoai-Tan-Te-Cong-2011-Tap-43.mp4</link>
<thumbnail>https://s28.postimg.org/vpylbtm8t/tecong.jpg</thumbnail>
</item>
<item>
<title>Tân Tế Công (Tế Điên Hòa Thượng) 2011 Thuyết Minh - Tập 44</title>
<link>http://phapam.tuvientuongvan.com.vn/phapam/film/NuocNgoai/TanTeCong2011/Phim-Phat-Giao-Nuoc-Ngoai-Tan-Te-Cong-2011-Tap-44.mp4</link>
<thumbnail>https://s28.postimg.org/vpylbtm8t/tecong.jpg</thumbnail>
</item>
<item>
<title>Tân Tế Công (Tế Điên Hòa Thượng) 2011 Thuyết Minh - Tập 45</title>
<link>http://phapam.tuvientuongvan.com.vn/phapam/film/NuocNgoai/TanTeCong2011/Phim-Phat-Giao-Nuoc-Ngoai-Tan-Te-Cong-2011-Tap-45.mp4</link>
<thumbnail>https://s28.postimg.org/vpylbtm8t/tecong.jpg</thumbnail>
</item>
<item>
<title>Tân Tế Công (Tế Điên Hòa Thượng) 2011 Thuyết Minh - Tập 46</title>
<link>http://phapam.tuvientuongvan.com.vn/phapam/film/NuocNgoai/TanTeCong2011/Phim-Phat-Giao-Nuoc-Ngoai-Tan-Te-Cong-2011-Tap-46.mp4</link>
<thumbnail>https://s28.postimg.org/vpylbtm8t/tecong.jpg</thumbnail>
</item>
<item>
<title>Tân Tế Công (Tế Điên Hòa Thượng) 2011 Thuyết Minh - Tập 47</title>
<link>http://phapam.tuvientuongvan.com.vn/phapam/film/NuocNgoai/TanTeCong2011/Phim-Phat-Giao-Nuoc-Ngoai-Tan-Te-Cong-2011-Tap-47.mp4</link>
<thumbnail>https://s28.postimg.org/vpylbtm8t/tecong.jpg</thumbnail>
</item>
<item>
<title>Tân Tế Công (Tế Điên Hòa Thượng) 2011 Thuyết Minh - Tập 48</title>
<link>http://phapam.tuvientuongvan.com.vn/phapam/film/NuocNgoai/TanTeCong2011/Phim-Phat-Giao-Nuoc-Ngoai-Tan-Te-Cong-2011-Tap-48.mp4</link>
<thumbnail>https://s28.postimg.org/vpylbtm8t/tecong.jpg</thumbnail>
</item>
<item>
<title>Tân Tế Công (Tế Điên Hòa Thượng) 2011 Thuyết Minh - Tập 49</title>
<link>http://phapam.tuvientuongvan.com.vn/phapam/film/NuocNgoai/TanTeCong2011/Phim-Phat-Giao-Nuoc-Ngoai-Tan-Te-Cong-2011-Tap-49.mp4</link>
<thumbnail>https://s28.postimg.org/vpylbtm8t/tecong.jpg</thumbnail>
</item>
<item>
<title>Tân Tế Công (Tế Điên Hòa Thượng) 2011 Thuyết Minh - Tập 50</title>
<link>http://phapam.tuvientuongvan.com.vn/phapam/film/NuocNgoai/TanTeCong2011/Phim-Phat-Giao-Nuoc-Ngoai-Tan-Te-Cong-2011-Tap-50.mp4</link>
<thumbnail>https://s28.postimg.org/vpylbtm8t/tecong.jpg</thumbnail>
</item>
<item>
<title>Tân Tế Công (Tế Điên Hòa Thượng) 2011 Thuyết Minh - Tập 51</title>
<link>http://phapam.tuvientuongvan.com.vn/phapam/film/NuocNgoai/TanTeCong2011/Phim-Phat-Giao-Nuoc-Ngoai-Tan-Te-Cong-2011-Tap-51.mp4</link>
<thumbnail>https://s28.postimg.org/vpylbtm8t/tecong.jpg</thumbnail>
</item>
<item>
<title>Tân Tế Công (Tế Điên Hòa Thượng) 2011 Thuyết Minh - Tập 52</title>
<link>http://phapam.tuvientuongvan.com.vn/phapam/film/NuocNgoai/TanTeCong2011/Phim-Phat-Giao-Nuoc-Ngoai-Tan-Te-Cong-2011-Tap-52.mp4</link>
<thumbnail>https://s28.postimg.org/vpylbtm8t/tecong.jpg</thumbnail>
</item>
<item>
<title>Tân Tế Công (Tế Điên Hòa Thượng) 2011 Thuyết Minh - Tập 53</title>
<link>http://phapam.tuvientuongvan.com.vn/phapam/film/NuocNgoai/TanTeCong2011/Phim-Phat-Giao-Nuoc-Ngoai-Tan-Te-Cong-2011-Tap-53.mp4</link>
<thumbnail>https://s28.postimg.org/vpylbtm8t/tecong.jpg</thumbnail>
</item>
<item>
<title>Tân Tế Công (Tế Điên Hòa Thượng) 2011 Thuyết Minh - Tập 54</title>
<link>http://phapam.tuvientuongvan.com.vn/phapam/film/NuocNgoai/TanTeCong2011/Phim-Phat-Giao-Nuoc-Ngoai-Tan-Te-Cong-2011-Tap-54.mp4</link>
<thumbnail>https://s28.postimg.org/vpylbtm8t/tecong.jpg</thumbnail>
</item>
<item>
<title>Tân Tế Công (Tế Điên Hòa Thượng) 2011 Thuyết Minh - Tập 55</title>
<link>http://phapam.tuvientuongvan.com.vn/phapam/film/NuocNgoai/TanTeCong2011/Phim-Phat-Giao-Nuoc-Ngoai-Tan-Te-Cong-2011-Tap-55.mp4</link>
<thumbnail>https://s28.postimg.org/vpylbtm8t/tecong.jpg</thumbnail>
</item>
<item>
<title>Tân Tế Công (Tế Điên Hòa Thượng) 2011 Thuyết Minh - Tập 56</title>
<link>http://phapam.tuvientuongvan.com.vn/phapam/film/NuocNgoai/TanTeCong2011/Phim-Phat-Giao-Nuoc-Ngoai-Tan-Te-Cong-2011-Tap-56.mp4</link>
<thumbnail>https://s28.postimg.org/vpylbtm8t/tecong.jpg</thumbnail>
</item>
<item>
<title>Tân Tế Công (Tế Điên Hòa Thượng) 2011 Thuyết Minh - Tập 57</title>
<link>http://phapam.tuvientuongvan.com.vn/phapam/film/NuocNgoai/TanTeCong2011/Phim-Phat-Giao-Nuoc-Ngoai-Tan-Te-Cong-2011-Tap-57.mp4</link>
<thumbnail>https://s28.postimg.org/vpylbtm8t/tecong.jpg</thumbnail>
</item>
<item>
<title>Tân Tế Công (Tế Điên Hòa Thượng) 2011 Thuyết Minh - Tập 58</title>
<link>http://phapam.tuvientuongvan.com.vn/phapam/film/NuocNgoai/TanTeCong2011/Phim-Phat-Giao-Nuoc-Ngoai-Tan-Te-Cong-2011-Tap-58.mp4</link>
<thumbnail>https://s28.postimg.org/vpylbtm8t/tecong.jpg</thumbnail>
</item>
<item>
<title>Tân Tế Công (Tế Điên Hòa Thượng) 2011 Thuyết Minh - Tập 59</title>
<link>http://phapam.tuvientuongvan.com.vn/phapam/film/NuocNgoai/TanTeCong2011/Phim-Phat-Giao-Nuoc-Ngoai-Tan-Te-Cong-2011-Tap-59.mp4</link>
<thumbnail>https://s28.postimg.org/vpylbtm8t/tecong.jpg</thumbnail>
</item>
<item>
<title>Tân Tế Công (Tế Điên Hòa Thượng) 2011 Thuyết Minh - Tập 60 (End)</title>
<link>http://phapam.tuvientuongvan.com.vn/phapam/film/NuocNgoai/TanTeCong2011/Phim-Phat-Giao-Nuoc-Ngoai-Tan-Te-Cong-2011-Tap-60.mp4</link>
<thumbnail>https://s28.postimg.org/vpylbtm8t/tecong.jpg</thumbnail>
</item>


</items>



