<?xml version="1.0" encoding="utf-8" standalone="yes"?>

<stream>


<item>
<title>[COLOR red][B]********** Updated ngày 29/07/2017 *********[/B][/COLOR]</title>
<link>http://www.youtube.com</link>
<thumbnail></thumbnail>
</item>
<item>
<title>[COLOR=yellow][B]>>>>>>>>>>Cần addon Plexus & addon Sportsdevil<<<<<<<<<[/B][/COLOR]</title>
<link>http://www.youtube.com</link>
<thumbnail></thumbnail>
</item>
<item>
<title>[COLOR=cyan][B]========== KÊNH THỂ THAO ==========[/B][/COLOR]</title>
<link>http://www.youtube.com</link>
<thumbnail></thumbnail>
</item>


<item>
<title>THỂ THAO TV</title>
<sportsdevil>http://www.tivi12h.net/2015/11/kenh-vtvcab3-thao-tv-hd.html</sportsdevil>
<referer>http://www.tivi12h.net</referer>
<thumbnail></thumbnail>
<fanart></fanart>
</item>
<item>
<title>BONG DA TV</title>
<sportsdevil>http://m.tivi12h.net/bongdatv.php</sportsdevil>
<referer>http://www.tivi12h.net</referer>
<thumbnail></thumbnail>
<fanart></fanart>
</item>
<item>
<title>KENH BONG DA TV</title>
<sportsdevil>http://talktv.vn/streaming/play/embed/kenhbongdathethao</sportsdevil>
<referer></referer>
<thumbnail></thumbnail>
</item>
<item>
<title>SCTV17 HD - SSport </title>
<sportsdevil>http://m.tivi12h.net/sctv17.php</sportsdevil>
<referer>http://m.tivi12h.net/sctv2.php</referer>
<thumbnail>http://vuapp.tranvu.info/upload//sctv17.png</thumbnail>
</item>
<item>
<title>SCTV15 - SSport2 </title>
<sportsdevil>http://m.tivi12h.net/sctv15.php</sportsdevil>
<referer>http://m.tivi12h.net/sctv2.php</referer>
<thumbnail>https://static-stage.sctv.vn/channel/20/s15.png</thumbnail>
</item>
<item>
<title>BTV5 HD - SSport3 </title>
<sportsdevil>http://m.tivi12h.net/btv5.php</sportsdevil>
<referer>http://m.tivi12h.net/sctv2.php</referer>
<thumbnail>https://static-stage.sctv.vn/channel/119/ssport.png</thumbnail>
</item>

<item>
<title>A Spor HD Tur  </title>
<link>plugin://program.plexus/?url=acestream://6921518252ec41dc03565a9a794d99f3d5c0a40f&amp;mode=1&amp;name=</link>
<thumbnail></thumbnail>
</item>
<item>
<title>AFN Sports HD  </title>
<link>plugin://program.plexus/?url=acestream://99e4657478e7b768ace5281ece419f9899e663e2&amp;mode=1&amp;name=</link>
<thumbnail></thumbnail>
</item>
<item>
<title>Bt Sport 1 UK  </title>
<link>plugin://program.plexus/?url=acestream://3cf32325ca45e0179e0b1a3e3ad8d2de5296edcd&amp;mode=1&amp;name=</link>
<thumbnail></thumbnail>
</item>
<item>
<title>Bt Sport 2 UK  </title>
<link>plugin://program.plexus/?url=acestream://4750a998726dbe169f2e86eb970dfae45c96ae84&amp;mode=1&amp;name=</link>
<thumbnail></thumbnail>
</item>
<item>
<title>Bt Sport Euro  </title>
<link>plugin://program.plexus/?url=acestream://66ce42b59cd7028be149ee7e7ca17066910b2db3&amp;mode=1&amp;name=</link>
<thumbnail></thumbnail>
</item>
<item>
<title>C More Sport HD Se  </title>
<link>plugin://program.plexus/?url=acestream://3b85ee777663c6d5409dd5dc15f1403b19c877bf&amp;mode=1&amp;name=</link>
<thumbnail></thumbnail>
</item>
<item>
<title>CBC Sport HD Az  </title>
<link>plugin://program.plexus/?url=acestream://1df7429a9faa41ccfa25ea59164bf53db245f582&amp;mode=1&amp;name=</link>
<thumbnail></thumbnail>
</item>
<item>
<title>Canal + Sport 2 HD  </title>
<link>plugin://program.plexus/?url=acestream://91549a13263ec99a75ddc5e200c60146f7ec7cc1&amp;mode=1&amp;name=</link>
<thumbnail></thumbnail>
</item>
<item>
<title>Dolce Sport 5 Ro  </title>
<link>plugin://program.plexus/?url=acestream://9a2f12aba70b745586fa3c47fa404451acfd9110&amp;mode=1&amp;name=</link>
<thumbnail></thumbnail>
</item>
<item>
<title>Dolce Sport 6 Ro  </title>
<link>plugin://program.plexus/?url=acestream://1af3232d1bd5b320838c0fee8b366bc5b39a544b&amp;mode=1&amp;name=</link>
<thumbnail></thumbnail>
</item>
<item>
<title>Eir Sport 1  </title>
<link>plugin://program.plexus/?url=acestream://75703cf02401ba8a402c77989bfaaf3895cb12ea&amp;mode=1&amp;name=</link>
<thumbnail></thumbnail>
</item>
<item>
<title>Eir Sport 2E Uk  </title>
<link>plugin://program.plexus/?url=acestream://0cec6c0299c99f45c1859398d150c3a48e6d8b2e&amp;mode=1&amp;name=</link>
<thumbnail></thumbnail>
</item>
<item>
<title>Eurosport 1 HD  </title>
<link>plugin://program.plexus/?url=acestream://84f05d53dd5d12faaab6cded5f2ed09d807a6a9b&amp;mode=1&amp;name=</link>
<thumbnail></thumbnail>
</item>
<item>
<title>Eurosport 1 HD Ro  </title>
<link>plugin://program.plexus/?url=acestream://96c8e0c63c6452bb8a7f8da1c0a02320adb50df0&amp;mode=1&amp;name=</link>
<thumbnail></thumbnail>
</item>
<item>
<title>Eurosport 2 HD  </title>
<link>plugin://program.plexus/?url=acestream://5db25a09ab7b68214352b06cb1720bb698ba824f&amp;mode=1&amp;name=</link>
<thumbnail></thumbnail>
</item>
<item>
<title>Eurosport 2 HD Ro  </title>
<link>plugin://program.plexus/?url=acestream://22ffa572a9410e72340a820e529038a875a17d39&amp;mode=1&amp;name=</link>
<thumbnail></thumbnail>
</item>
<item>
<title>Eurosport HD De  </title>
<link>plugin://program.plexus/?url=acestream://116d6a4aaf1f23580f224583a5de63adb59b7caf&amp;mode=1&amp;name=</link>
<thumbnail></thumbnail>
</item>
<item>
<title>Extreme Sports  </title>
<link>plugin://program.plexus/?url=acestream://8911ad304f7c7432045f959989a3976fbe45e71f&amp;mode=1&amp;name=</link>
<thumbnail></thumbnail>
</item>
<item>
<title>Fox Sport HD  </title>
<link>plugin://program.plexus/?url=acestream://6f1071b3a848103d01ed8abb8b3d3354f1e23720&amp;mode=1&amp;name=</link>
<thumbnail></thumbnail>
</item>
<item>
<title>MTV Sport 1 HD Fi  </title>
<link>plugin://program.plexus/?url=acestream://c19c75c16c69da6098f6a3a2d143f6ce86ca0aac&amp;mode=1&amp;name=</link>
<thumbnail></thumbnail>
</item>
<item>
<title>Movistar Futbol HD Es  </title>
<link>plugin://program.plexus/?url=acestream://dcc88db99783f98e203dd9513650ba8d34daf522&amp;mode=1&amp;name=</link>
<thumbnail></thumbnail>
</item>
<item>
<title>NBA HD Us  </title>
<link>plugin://program.plexus/?url=acestream://435b481700ca9a87336285c828d292a0bbe23739&amp;mode=1&amp;name=</link>
<thumbnail></thumbnail>
</item>
<item>
<title>NTV Spor HD Tur  </title>
<link>plugin://program.plexus/?url=acestream://b19b2b07453733d00a57a8809260351b15a93bbc&amp;mode=1&amp;name=</link>
<thumbnail></thumbnail>
</item>
<item>
<title>Premier HD  </title>
<link>plugin://program.plexus/?url=acestream://66fa7d75506e9a3e8ea42c8ba81623ba14ae9144&amp;mode=1&amp;name=</link>
<thumbnail></thumbnail>
</item>
<item>
<title>Premier Sports Uk  </title>
<link>plugin://program.plexus/?url=acestream://e4d9f7188e4403523c32717a98093671f8931101&amp;mode=1&amp;name=</link>
<thumbnail></thumbnail>
</item>
<item>
<title>Setanta Eurasia  </title>
<link>plugin://program.plexus/?url=acestream://00df92eb9e2594f9c778adabbc2f26a85277c4d4&amp;mode=1&amp;name=</link>
<thumbnail></thumbnail>
</item>
<item>
<title>Setanta Eurasia + HD Ru  </title>
<link>plugin://program.plexus/?url=acestream://2e6bd9af150979c5d0f5f0ed7000af54e91d8843&amp;mode=1&amp;name=</link>
<thumbnail></thumbnail>
</item>
<item>
<title>Setanta Eurasia+  </title>
<link>plugin://program.plexus/?url=acestream://2127f47dd1f34cab616b32a6fcaa4c27ab48dcf1&amp;mode=1&amp;name=</link>
<thumbnail></thumbnail>
</item>
<item>
<title>Sky 1  </title>
<link>plugin://program.plexus/?url=acestream://d9135fcc98750c7baa7f0911828ca0dfd0d32054&amp;mode=1&amp;name=</link>
<thumbnail></thumbnail>
</item>
<item>
<title>Sky 2  </title>
<link>plugin://program.plexus/?url=acestream://ac53af0567e4b3068b0f14cad42f575f28957d0f&amp;mode=1&amp;name=</link>
<thumbnail></thumbnail>
</item>
<item>
<title>Sky Bundesliga 1 HD  </title>
<link>plugin://program.plexus/?url=acestream://30fb246c92a76538e186d4119ed2287bdff1c439&amp;mode=1&amp;name=</link>
<thumbnail></thumbnail>
</item>
<item>
<title>Sky Sport 1 HD De  </title>
<link>plugin://program.plexus/?url=acestream://e10b216f056d5183bb3c785f074e7d0abea93a7f&amp;mode=1&amp;name=</link>
<thumbnail></thumbnail>
</item>
<item>
<title>Sky Sport 1 Uk  </title>
<link>plugin://program.plexus/?url=acestream://e061202217ea02d1c62e03688eaa3a60ee7b6829&amp;mode=1&amp;name=</link>
<thumbnail></thumbnail>
</item>
<item>
<title>Sky Sport 2 HD De  </title>
<link>plugin://program.plexus/?url=acestream://e6d7a349c9a6f9e231b713e46e927fa4df84c61b&amp;mode=1&amp;name=</link>
<thumbnail></thumbnail>
</item>
<item>
<title>Sky Sport 2 Uk  </title>
<link>plugin://program.plexus/?url=acestream://e524f1380a0f1549895f6727368c8ddffb3a8c37&amp;mode=1&amp;name=</link>
<thumbnail></thumbnail>
</item>
<item>
<title>Sky Sport 3 Uk  </title>
<link>plugin://program.plexus/?url=acestream://c4ff54b834532047fc0aa1779d17281f193d6938&amp;mode=1&amp;name=</link>
<thumbnail></thumbnail>
</item>
<item>
<title>Sky Sport 4 Uk  </title>
<link>plugin://program.plexus/?url=acestream://2d90f57b2c8a5e12b30fed41b6b5ac7a122f68ca&amp;mode=1&amp;name=</link>
<thumbnail></thumbnail>
</item>
<item>
<title>Sky Sport 5 Uk  </title>
<link>plugin://program.plexus/?url=acestream://bd90b972fafedec4211b18b6c34a5c2253ae94de&amp;mode=1&amp;name=</link>
<thumbnail></thumbnail>
</item>
<item>
<title>Sky Sport News De  </title>
<link>plugin://program.plexus/?url=acestream://7b1654c70e925413a0576736eb3ece679c3a364d&amp;mode=1&amp;name=</link>
<thumbnail></thumbnail>
</item>
<item>
<title>Sky Sports F1 Uk  </title>
<link>plugin://program.plexus/?url=acestream://8933c0e34bbe9448da63a806b3098d19ee909b8d&amp;mode=1&amp;name=</link>
<thumbnail></thumbnail>
</item>
<item>
<title>Sport 1 HD Il  </title>
<link>plugin://program.plexus/?url=acestream://abba921a03928cc061207f9c069afb3704f50583&amp;mode=1&amp;name=</link>
<thumbnail></thumbnail>
</item>
<item>
<title>Sport 2 HD Il  </title>
<link>plugin://program.plexus/?url=acestream://b5838f14ee0f0017d46d48dcf99abeccd619af17&amp;mode=1&amp;name=</link>
<thumbnail></thumbnail>
</item>
<item>
<title>Sport 5 HD Il  </title>
<link>plugin://program.plexus/?url=acestream://7c74c562d01cb45b10734d8c946cb2193f310a16&amp;mode=1&amp;name=</link>
<thumbnail></thumbnail>
</item>
<item>
<title>Sport 5+ Live HD Il  </title>
<link>plugin://program.plexus/?url=acestream://9e0a489436b0859e20098fc3f81e07abb4c5a612&amp;mode=1&amp;name=</link>
<thumbnail></thumbnail>
</item>
<item>
<title>Sport 5+ Live HD Il  </title>
<link>plugin://program.plexus/?url=acestream://9e0a489436b0859e20098fc3f81e07abb4c5a612&amp;mode=1&amp;name=</link>
<thumbnail></thumbnail>
</item>
<item>
<title>Sport1+ HD De  </title>
<link>plugin://program.plexus/?url=acestream://02d7a8c47e049589bdc1618f9939fcd07326b650&amp;mode=1&amp;name=</link>
<thumbnail></thumbnail>
</item>
<item>
<title>Super Tennis HD It  </title>
<link>plugin://program.plexus/?url=acestream://5c40bb4a163fe01ad299ca564047af35b3f4f280&amp;mode=1&amp;name=</link>
<thumbnail></thumbnail>
</item>
<item>
<title>Tvp Sport HD Pl  </title>
<link>plugin://program.plexus/?url=acestream://a22c99488ee267b684b281760431fae72e887eae&amp;mode=1&amp;name=</link>
<thumbnail></thumbnail>
</item>
<item>
<title>Viasat Fotball Sk  </title>
<link>plugin://program.plexus/?url=acestream://9a5af1f1957445b090dea738b925875d1c91b7c5&amp;mode=1&amp;name=</link>
<thumbnail></thumbnail>
</item>
<item>
<title>Viasat Sport  </title>
<link>plugin://program.plexus/?url=acestream://699fad968f55c7c2e4bee1525736c6dd50ce5d21&amp;mode=1&amp;name=</link>
<thumbnail></thumbnail>
</item>
<item>
<title>Viasat Sport HD  </title>
<link>plugin://program.plexus/?url=acestream://5a7d9a8a370b0a5f49df00d246f8a21597ff40e0&amp;mode=1&amp;name=</link>
<thumbnail></thumbnail>
</item>
<item>
<title>Бокс Тв  </title>
<link>plugin://program.plexus/?url=acestream://914efa73786d2a3ba375b2b792237f30946566fb&amp;mode=1&amp;name=</link>
<thumbnail></thumbnail>
</item>
<item>
<title>Евроспорт  </title>
<link>plugin://program.plexus/?url=acestream://b162fa55cacd8ec2ec7f352baa191a0d928417f5&amp;mode=1&amp;name=</link>
<thumbnail></thumbnail>
</item>
<item>
<title>Евроспорт 2  </title>
<link>plugin://program.plexus/?url=acestream://3aa12235080676d550d2412b5df4c21a0354a4c8&amp;mode=1&amp;name=</link>
<thumbnail></thumbnail>
</item>
<item>
<title>Конный Мир HD  </title>
<link>plugin://program.plexus/?url=acestream://9a55a3dfc66fa63002b1bcd7432b1787ce53d7d0&amp;mode=1&amp;name=</link>
<thumbnail></thumbnail>
</item>
<item>
<title>Кхл Тв  </title>
<link>plugin://program.plexus/?url=acestream://72338461a03dae5be3934bc3ac54f151886b6a5d&amp;mode=1&amp;name=</link>
<thumbnail></thumbnail>
</item>
<item>
<title>Кхл Тв HD  </title>
<link>plugin://program.plexus/?url=acestream://eadeb081602a96b69d0098bb345d842576dd5877&amp;mode=1&amp;name=</link>
<thumbnail></thumbnail>
</item>
<item>
<title>МАТЧ! Игра HD  </title>
<link>plugin://program.plexus/?url=acestream://0e635a883b47359a6c338299839332d5214ecb92&amp;mode=1&amp;name=</link>
<thumbnail></thumbnail>
</item>
<item>
<title>МАТЧ! ТВ HD  </title>
<link>plugin://program.plexus/?url=acestream://1bc1398f353c03e8f1904386d82c5cd9d3623363&amp;mode=1&amp;name=</link>
<thumbnail></thumbnail>
</item>
<item>
<title>МАТЧ! Футбол 1 HD  </title>
<link>plugin://program.plexus/?url=acestream://7f9607181e9717912e40d278c5d7f666181396ea&amp;mode=1&amp;name=</link>
<thumbnail></thumbnail>
</item>
<item>
<title>МАТЧ! Футбол 2 HD  </title>
<link>plugin://program.plexus/?url=acestream://95aaf6bfa136a8103acae5cb952db66062107ac2&amp;mode=1&amp;name=</link>
<thumbnail></thumbnail>
</item>
<item>
<title>МАТЧ! Футбол 3 HD  </title>
<link>plugin://program.plexus/?url=acestream://9de4faeff15442c2a793fb618cf876d3cc47f72b&amp;mode=1&amp;name=</link>
<thumbnail></thumbnail>
</item>
<item>
<title>Матч  </title>
<link>plugin://program.plexus/?url=acestream://583b4b15f7f8511086998cea79aaaa8edd629e12&amp;mode=1&amp;name=</link>
<thumbnail></thumbnail>
</item>
<item>
<title>Матч Арена  </title>
<link>plugin://program.plexus/?url=acestream://6b11ba9f8b9126723ef5eafb2349be317c3cfd99&amp;mode=1&amp;name=</link>
<thumbnail></thumbnail>
</item>
<item>
<title>Матч Арена HD  </title>
<link>plugin://program.plexus/?url=acestream://11cadee5e5a504ea24754b61f1b390ef6c6dc43a&amp;mode=1&amp;name=</link>
<thumbnail></thumbnail>
</item>
<item>
<title>Матч Боец  </title>
<link>plugin://program.plexus/?url=acestream://3ded68494c102aebb66d9384bd1bf10c319e1f46&amp;mode=1&amp;name=</link>
<thumbnail></thumbnail>
</item>
<item>
<title>Матч Игра  </title>
<link>plugin://program.plexus/?url=acestream://05d68f2ed53798fefc768446bdd662cea30f54df&amp;mode=1&amp;name=</link>
<thumbnail></thumbnail>
</item>
<item>
<title>Матч Игра HD  </title>
<link>plugin://program.plexus/?url=acestream://03902e6bacb5e9a77c6a354a301b1eb4844293d4&amp;mode=1&amp;name=</link>
<thumbnail></thumbnail>
</item>
<item>
<title>Матч Наш Спорт  </title>
<link>plugin://program.plexus/?url=acestream://66b9d256d6d6e1ed8c63b21b78fc33ad0bf556f4&amp;mode=1&amp;name=</link>
<thumbnail></thumbnail>
</item>
<item>
<title>Матч Планета  </title>
<link>plugin://program.plexus/?url=acestream://1520428d0a32a82dec9edb8aa934ada28c2abce9&amp;mode=1&amp;name=</link>
<thumbnail></thumbnail>
</item>
<item>
<title>Матч Тв HD  </title>
<link>plugin://program.plexus/?url=acestream://709b9532e71468e4c60c4e2b940156d278c04b73&amp;mode=1&amp;name=</link>
<thumbnail></thumbnail>
</item>
<item>
<title>Матч Футбол 1  </title>
<link>plugin://program.plexus/?url=acestream://2835de7d77a8bfde89436710434223f3083b2212&amp;mode=1&amp;name=</link>
<thumbnail></thumbnail>
</item>
<item>
<title>Матч Футбол 2  </title>
<link>plugin://program.plexus/?url=acestream://aa759d457a2bbc110d4b8bfac89e23831a68488d&amp;mode=1&amp;name=</link>
<thumbnail></thumbnail>
</item>
<item>
<title>Матч Футбол 2 HD  </title>
<link>plugin://program.plexus/?url=acestream://ff057b99f3972bf4e1f7880ea7412fc8f37f9d77&amp;mode=1&amp;name=</link>
<thumbnail></thumbnail>
</item>
<item>
<title>Матч Футбол 3  </title>
<link>plugin://program.plexus/?url=acestream://0ead3b46bb746e0e8a5f64cb67cdec0e2528cd88&amp;mode=1&amp;name=</link>
<thumbnail></thumbnail>
</item>
<item>
<title>Матч Футбол 3 HD  </title>
<link>plugin://program.plexus/?url=acestream://dd671f85d00505ed263c5d5768396d3ca544cb98&amp;mode=1&amp;name=</link>
<thumbnail></thumbnail>
</item>
<item>
<title>НТВ+ Наш футбол HD  </title>
<link>plugin://program.plexus/?url=acestream://06dc21927d4aeaeacac86cc4dbdf0580732d2252&amp;mode=1&amp;name=</link>
<thumbnail></thumbnail>
</item>
<item>
<title>Наш Футбол  </title>
<link>plugin://program.plexus/?url=acestream://5807d57f18c877d3d7edf629bcb82097391738e9&amp;mode=1&amp;name=</link>
<thumbnail></thumbnail>
</item>
<item>
<title>Наш Футбол HD  </title>
<link>plugin://program.plexus/?url=acestream://a32029aa6732537333a5a5532d4110e343ad8fc3&amp;mode=1&amp;name=</link>
<thumbnail></thumbnail>
</item>
<item>
<title>Русский Экстрим  </title>
<link>plugin://program.plexus/?url=acestream://15b4a1636a9fa78684c1ed97d44f16990c5d3c3a&amp;mode=1&amp;name=</link>
<thumbnail></thumbnail>
</item>
<item>
<title>Русский Экстрим HD  </title>
<link>plugin://program.plexus/?url=acestream://21dd4d87d6761e72b18c3a76e7d424f5c95bbad5&amp;mode=1&amp;name=</link>
<thumbnail></thumbnail>
</item>
<item>
<title>Футбол 1 HD Ua  </title>
<link>plugin://program.plexus/?url=acestream://9b767302860c2b607e593a364e6d671338abc32a&amp;mode=1&amp;name=</link>
<thumbnail></thumbnail>
</item>
<item>
<title>Футбол 2 HD Ua  </title>
<link>plugin://program.plexus/?url=acestream://8086a59387119bb5c00cf3116266c33eb477dafb&amp;mode=1&amp;name=</link>
<thumbnail></thumbnail>
</item>
<item>
<title>Футбол-1 Укр  </title>
<link>plugin://program.plexus/?url=acestream://9b45a06a9a434941db3b9e23b97a2ebfeb7fb088&amp;mode=1&amp;name=</link>
<thumbnail></thumbnail>
</item>
<item>
<title>Футбол-2 Укр</title>
<link>plugin://program.plexus/?url=acestream://fbee1876a002ece551af9aed27dc418997886168&amp;mode=1&amp;name= </link>
<thumbnail></thumbnail>
</item>
<item>
<title>Thai:Sport 1</title>
<link>http://www.lineduball.com/ch1/hls-live/channel1.m3u8</link>
<thumbnail></thumbnail>
</item>
<item>
<title>Thai:Sport 2</title>
<link>http://www.lineduball.com/ch2/hls-live/channel2.m3u8</link>
<thumbnail></thumbnail>
</item>
<item>
<title>Thai:Sport 3</title>
<link>http://www.lineduball.com/ch3/hls-live/channel3.m3u8</link>
<thumbnail></thumbnail>
</item>
<item>
<title>Thai:Sport 4</title>
<link>http://www.lineduball.com/ch4/hls-live/channel4.m3u8</link>
<thumbnail></thumbnail>
</item>
<item>
<title>Thai:Sport 5</title>
<link>http://www.lineduball.com/ch5/hls-live/channel5.m3u8</link>
<thumbnail></thumbnail>
</item>
<item>
<title>Thai:Sport 6</title>
<link>http://www.lineduball.com/ch6/hls-live/channel6.m3u8</link>
<thumbnail></thumbnail>
</item>
<item>
<title>Thai:Sport 7</title>
<link>http://www.lineduball.com/ch7/hls-live/channel7.m3u8</link>
<thumbnail></thumbnail>
</item>
<item>
<title>Thai:Sport 8</title>
<link>http://www.lineduball.com/ch8/hls-live/channel8.m3u8</link>
<thumbnail></thumbnail>
</item>
<item>
<title>Thai:Sport 9</title>
<link>http://www.lineduball.com/ch9/hls-live/channel9.m3u8</link>
<thumbnail></thumbnail>
</item>
<item>
<title>Thai:Sport 10</title>
<link>http://www.lineduball.com/ch10/hls-live/channel10.m3u8</link>
<thumbnail></thumbnail>
</item>
<item>
<title>China:Champions League</title>
<link>http://live.g3proxy.lecloud.com/gslb?stream_id=lb_ouguan_1800&amp;tag=live&amp;ext=m3u8&amp;sign=live_tv&amp;platid=10&amp;splatid=1009&amp;format=letv&amp;expect=1</link>
<thumbnail></thumbnail>
</item>
<item>
<title>China:Bóng rổ</title>
<link>http://live.g3proxy.lecloud.com/gslb?stream_id=lb_lanqiu_1300&amp;tag=live&amp;ext=m3u8&amp;sign=live_tv&amp;platid=10&amp;splatid=1009&amp;format=letv&amp;expect=1</link>
<thumbnail></thumbnail>
</item>
<item>
<title>SUPER SPORT 1</title>
<link>http://81.7.13.162/hls/ss1/index.m3u8</link>
<thumbnail></thumbnail>
</item>
<item>
<title>SUPER SPORT 2</title>
<link>http://81.7.13.162/hls/ss2/index.m3u8</link>
<thumbnail></thumbnail>
</item>
<item>
<title>SUPER SPORT 3</title>
<link>http://81.7.13.162/hls/ss3/index.m3u8</link>
<thumbnail></thumbnail>
</item>
<item>
<title>SUPER SPORT 4</title>
<link>http://81.7.13.162/hls/ss4/index.m3u8</link>
<thumbnail></thumbnail>
</item>
<item>
<title>AD SPORT 1 HD</title>
<link>http://adtv.ercdn.net/adsport1/adsport1_720p.m3u8</link>
<thumbnail></thumbnail>
</item>
<item>
<title>AD SPORT 2 HD</title>
<link>http://adtv.ercdn.net/adsport1/adsport2_720p.m3u8</link>
<thumbnail></thumbnail>
</item>
<item>
<title> Pac-12 National HD</title>
<link>http://xrxs.net/video/live-p12netw-2328.m3u8</link>
<thumbnail></thumbnail>
</item>
<item>
<title> Pac-12 Arizona HD</title>
<link>http://xrxs.net/video/live-p12ariz-2328.m3u8</link>
<thumbnail></thumbnail>
</item>
<item>
<title> Pac-12  Los Angeles HD</title>
<link>http://xrxs.net/video/live-p12losa-2328.m3u8</link>
<thumbnail></thumbnail>
</item>
<item>
<title> Pac-12 Mountain HD</title>
<link>http://xrxs.net/video/live-p12moun-2328.m3u8</link>
<thumbnail></thumbnail>
</item>
<item>
<title> Pac-12 Oregon HD</title>
<link>http://xrxs.net/video/live-p12oreg-2328.m3u8</link>
<thumbnail></thumbnail>
</item>
<item>
<title> Pac-12 Washington HD</title>
<link>http://xrxs.net/video/live-p12wash-2328.m3u8</link>
<thumbnail></thumbnail>
</item>
<item>
<title> Pac-12 Bay Area HD</title>
<link>http://xrxs.net/video/live-p12baya-2328.m3u8</link>
<thumbnail></thumbnail>
</item>
<item>
<title> Pac-12 National Full HD</title>
<link>http://xrxs.net/video/live-p12netw-4728.m3u8</link>
<thumbnail></thumbnail>
</item>
<item>
<title> Pac-12 Arizona Full HD</title>
<link>http://xrxs.net/video/live-p12ariz-4728.m3u8</link>
<thumbnail></thumbnail>
</item>
<item>
<title> Pac-12  Los Angeles Full HD</title>
<link>http://xrxs.net/video/live-p12losa-4728.m3u8</link>
<thumbnail></thumbnail>
</item>
<item>
<title> Pac-12 Mountain Full HD</title>
<link>http://xrxs.net/video/live-p12moun-4728.m3u8</link>
<thumbnail></thumbnail>
</item>
<item>
<title> Pac-12 Oregon Full HD</title>
<link>http://xrxs.net/video/live-p12oreg-4728.m3u8</link>
<thumbnail></thumbnail>
</item>
<item>
<title> Pac-12 Washington Full HD</title>
<link>http://xrxs.net/video/live-p12wash-4728.m3u8</link>
<thumbnail></thumbnail>
</item>
<item>
<title> Pac-12 Bay Area Full HD</title>
<link>http://xrxs.net/video/live-p12baya-4728.m3u8</link>
<thumbnail></thumbnail>
</item>
<item>
<title>EUROSPORTS (Eng)</title>
<link>http://esioslive6-i.akamaihd.net/hls/live/202874/AL_P_ESP1_INTER_ENG/playlist_1800.m3u8</link>
<thumbnail></thumbnail>
</item>
<item>
<title>EUROSPORTS (Frace)</title>
<link>http://esioslive6-i.akamaihd.net/hls/live/202892/AL_P_ESP1_FR_FRA/playlist_1800.m3u8</link>
<thumbnail></thumbnail>
</item>

<item>
<title>[COLOR=cyan][B]========== TH VIỆT NAM ==========[/B][/COLOR]</title>
<link>http://www.youtube.com</link>
<thumbnail></thumbnail>
</item>
<item>
<title>VTV1</title>
<sportsdevil>http://tv.101vn.com/ok/vtv/vtvshow.php</sportsdevil>
<referer>0</referer>
<thumbnail>http://i.imgur.com/JW8VXef.png</thumbnail>
</item>
<item>
<title>VTV2</title>
<sportsdevil>http://tv.101vn.com/livetv-xem-tivi-kenh-vtv2-menu-hot.html</sportsdevil>
<referer>0</referer>
<thumbnail>http://i.imgur.com/JW8VXef.png</thumbnail>
</item>
<item>
<title>VTV3</title>
<sportsdevil>http://tv.101vn.com/ok/vtv/vtv3show.php</sportsdevil>
<referer>0</referer>
<thumbnail></thumbnail>
</item>
<item>
<title>VTV4</title>
<sportsdevil>http://tv.101vn.com/ok/vtv/vtv4show.php</sportsdevil>
<referer>0</referer>
<thumbnail></thumbnail>
</item>
<item>
<title>VTV5</title>
<sportsdevil>http://tv.101vn.com/ok/vtv/vtv5show.php</sportsdevil>
<referer>0</referer>
<thumbnail></thumbnail>
</item>
<item>
<title>VTV6</title>
<sportsdevil>http://tv.101vn.com/ok/vtv/vtv6show.php</sportsdevil>
<referer>0</referer>
<thumbnail></thumbnail>
</item>
<item>
<title>VTV7</title>
<sportsdevil>http://tv.101vn.com/ok/vtv/vtv7show.php</sportsdevil>
<referer>0</referer>
<thumbnail></thumbnail>
</item>
<item>
<title>VTV8</title>
<sportsdevil>http://tv.101vn.com/ok/vtv/vtv8show.php</sportsdevil>
<referer>0</referer>
<thumbnail></thumbnail>
</item>
<item>
<title>VTV9</title>
<sportsdevil>http://tv.101vn.com/ok/vtv/vtv9show.php</sportsdevil>
<referer>0</referer>
<thumbnail></thumbnail>
</item>
<item>
<title>ANTV</title>
<sportsdevil>http://tv.101vn.com/ok/vtv/antvshow.php</sportsdevil>
<referer>0</referer>
<thumbnail></thumbnail>
</item>
<item>
<title>QPVN</title>
<sportsdevil>http://tv.101vn.com/ok/khac/qpvnshow.php</sportsdevil>
<referer>0</referer>
<thumbnail></thumbnail>
</item>
<item>
<title>NHAN DAN</title>
<sportsdevil>http://tv.101vn.com/ok/khac/nhandan.php</sportsdevil>
<referer>0</referer>
<thumbnail></thumbnail>
</item>
<item>
<title>TTXVN</title>
<sportsdevil>http://tv.101vn.com/ok/khac/ttxvnshow.php</sportsdevil>
<referer>0</referer>
<thumbnail></thumbnail>
</item>

<item>
<title>VTVcab1</title>
<sportsdevil>http://sv2.xemtiviso.com/mimi.php?id=vtvcab1</sportsdevil>
<referer>0</referer>
<thumbnail></thumbnail>
</item>
<item>
<title>VTVcab2</title>
<sportsdevil>http://sv2.xemtiviso.com/mimi.php?id=vtvcab2</sportsdevil>
<referer>0</referer>
<thumbnail></thumbnail>
</item>
<item>
<title>VTVcab3 THETHAO TV</title>
<sportsdevil>http://m.tivi12h.net/thethaotv.php</sportsdevil>
<referer>0</referer>
<thumbnail></thumbnail>
</item>
<item>
<title>VTVcab4</title>
<sportsdevil>http://sv2.xemtiviso.com/mimi.php?id=vtvcab17</sportsdevil>
<referer>0</referer>
<thumbnail></thumbnail>
</item>
<item>
<title>VTVcab5</title>
<sportsdevil>http://sv2.xemtiviso.com/mimi.php?id=vtvcab5</sportsdevil>
<referer>0</referer>
<thumbnail></thumbnail>
</item>
<item>
<title>VTVcab6</title>
<sportsdevil>http://sv2.xemtiviso.com/mimi.php?id=vtvcab6</sportsdevil>
<referer>0</referer>
<thumbnail></thumbnail>
</item>
<item>
<title>VTVcab7</title>
<sportsdevil>http://sv2.xemtiviso.com/mimi.php?id=vtvcab7</sportsdevil>
<referer>0</referer>
<thumbnail></thumbnail>
</item>
<item>
<title>VTVcab8</title>
<sportsdevil>http://sv2.xemtiviso.com/mimi.php?id=vtvcab8</sportsdevil>
<referer>0</referer>
<thumbnail></thumbnail>
</item>
<item>
<title>VTVcab10</title>
<sportsdevil>http://sv2.xemtiviso.com/mimi.php?id=vtvcab10</sportsdevil>
<referer>0</referer>
<thumbnail></thumbnail>
</item>
<item>
<title>VTVcab12</title>
<sportsdevil>http://sv2.xemtiviso.com/mimi.php?id=vtvcab12</sportsdevil>
<referer>0</referer>
<thumbnail></thumbnail>
</item>
<item>
<title>VTVcab14</title>
<sportsdevil>http://sv2.xemtiviso.com/mimi.php?id=vtvcab14</sportsdevil>
<referer>0</referer>
<thumbnail></thumbnail>
</item>
<item>
<title>VTVcab16 BONGDA TV</title>
<sportsdevil>http://m.tivi12h.net/bongdatv.php</sportsdevil>
<referer>0</referer>
<thumbnail></thumbnail>
</item>
<item>
<title>VTVcab20</title>
<sportsdevil>http://sv2.xemtiviso.com/mimi.php?id=vtvcab19</sportsdevil>
<referer>0</referer>
<thumbnail></thumbnail>
</item>

<item>
<title>HTV1</title>
<sportsdevil>http://sv2.xemtiviso.com/mimi.php?id=htv1</sportsdevil>
<referer>0</referer>
<thumbnail></thumbnail>
</item>
<item>
<title>HTV2</title>
<sportsdevil>http://sv2.xemtiviso.com/mimi.php?id=htv2</sportsdevil>
<referer>0</referer>
<thumbnail></thumbnail>
</item>
<item>
<title>HTV3</title>
<sportsdevil>http://sv2.xemtiviso.com/mimi.php?id=htv3</sportsdevil>
<referer>0</referer>
<thumbnail></thumbnail>
</item>
<item>
<title>HTV4</title>
<sportsdevil>http://sv2.xemtiviso.com/mimi.php?id=htv4</sportsdevil>
<referer>0</referer>
<thumbnail></thumbnail>
</item>
<item>
<title>HTV7</title>
<sportsdevil>http://sv2.xemtiviso.com/mimi.php?id=htv7</sportsdevil>
<referer>0</referer>
<thumbnail></thumbnail>
</item>
<item>
<title>HTV7 HD</title>
<sportsdevil>http://m.tivi12h.net/htv7hd.php</sportsdevil>
<referer>0</referer>
<thumbnail></thumbnail>
</item>
<item>
<title>HTV9</title>
<sportsdevil>http://sv2.xemtiviso.com/mimi.php?id=htv9</sportsdevil>
<referer>0</referer>
<thumbnail></thumbnail>
</item>
<item>
<title>HTV9 HD</title>
<sportsdevil>http://m.tivi12h.net/htv9hd.php</sportsdevil>
<referer>0</referer>
<thumbnail></thumbnail>
</item>
<item>
<title>HTVC PHIM</title>
<sportsdevil>http://sv2.xemtiviso.com/hplus.php?id=htvc-phim</sportsdevil>
<referer>0</referer>
<thumbnail></thumbnail>
</item>
<item>
<title>HTVC DU LICH</title>
<sportsdevil>http://sv2.xemtiviso.com/mimi.php?id=htvc-dulich</sportsdevil>
<referer>0</referer>
<thumbnail></thumbnail>
</item>
<item>
<title>HTVC THUAN VIET</title>
<sportsdevil>http://sv2.xemtiviso.com/mimi.php?id=htvc-thuanviet</sportsdevil>
<referer>0</referer>
<thumbnail></thumbnail>
</item>
<item>
<title>HTVC THUAN VIET HD</title>
<sportsdevil>http://cdn.xemtivitt.net/2015/07/htvthuanviethd.html</sportsdevil>
<referer>0</referer>
<thumbnail></thumbnail>
</item>
<item>
<title>HTVC GIA DINH</title>
<sportsdevil>http://sv2.xemtiviso.com/mimi.php?id=htvc-giadinh</sportsdevil>
<referer>0</referer>
<thumbnail></thumbnail>
</item>
<item>
<title>HTVC PHU NU</title>
<sportsdevil>http://sv2.xemtiviso.com/mimi.php?id=htvc-phunu</sportsdevil>
<referer>0</referer>
<thumbnail></thumbnail>
</item>
<item>
<title>HTVC CA NHAC</title>
<sportsdevil>http://sv2.xemtiviso.com/mimi.php?id=htvc-canhac</sportsdevil>
<referer>0</referer>
<thumbnail></thumbnail>
</item>
<item>
<title>HTVC THE THAO</title>
<sportsdevil>http://sv2.xemtiviso.com/mimi.php?id=htvc-thethao</sportsdevil>
<referer>0</referer>
<thumbnail></thumbnail>
</item>


<item>
<title>VTC1</title>
<sportsdevil>http://sv2.xemtiviso.com/mimi.php?id=vtc1</sportsdevil>
<referer>0</referer>
<thumbnail></thumbnail>
</item>
<item>
<title>VTC2</title>
<sportsdevil>http://sv2.xemtiviso.com/mimi.php?id=vtc2</sportsdevil>
<referer>0</referer>
<thumbnail></thumbnail>
</item>
<item>
<title>VTC3</title>
<sportsdevil>http://sv2.xemtiviso.com/mimi.php?id=vtc3</sportsdevil>
<referer>0</referer>
<thumbnail></thumbnail>
</item>
<item>
<title>VTC3 HD</title>
<sportsdevil>http://cdn.xemtivitt.net/2015/10/vtc3hd.html</sportsdevil>
<referer>0</referer>
<thumbnail></thumbnail>
</item>
<item>
<title>VTC4</title>
<sportsdevil>http://sv2.xemtiviso.com/nexttv.php?id=vtc4</sportsdevil>
<referer>0</referer>
<thumbnail></thumbnail>
</item>
<item>
<title>VTC5</title>
<sportsdevil>http://sv2.xemtiviso.com/nexttv.php?id=vtc4</sportsdevil>
<referer>0</referer>
<thumbnail></thumbnail>
</item>
<item>
<title>VTC6</title>
<sportsdevil>http://sv2.xemtiviso.com/mimi.php?id=vtc6</sportsdevil>
<referer>0</referer>
<thumbnail></thumbnail>
</item>
<item>
<title>VTC7</title>
<sportsdevil>http://sv2.xemtiviso.com/mimi.php?id=vtc7</sportsdevil>
<referer>0</referer>
<thumbnail></thumbnail>
</item>
<item>
<title>VTC8</title>
<sportsdevil>http://sv2.xemtiviso.com/mimi.php?id=vtc8</sportsdevil>
<referer>0</referer>
<thumbnail></thumbnail>
</item>
<item>
<title>VTC9</title>
<sportsdevil>http://sv2.xemtiviso.com/mimi.php?id=vtc9</sportsdevil>
<referer>0</referer>
<thumbnail></thumbnail>
</item>
<item>
<title>VTC10</title>
<sportsdevil>http://sv2.xemtiviso.com/mimi.php?id=vtc10</sportsdevil>
<referer>0</referer>
<thumbnail></thumbnail>
</item>
<item>
<title>VTC11</title>
<sportsdevil>http://sv2.xemtiviso.com/mimi.php?id=vtc11</sportsdevil>
<referer>0</referer>
<thumbnail></thumbnail>
</item>
<item>
<title>VTC12</title>
<sportsdevil>http://sv2.xemtiviso.com/mimi.php?id=vtc12</sportsdevil>
<referer>0</referer>
<thumbnail></thumbnail>
</item>
<item>
<title>VTC13</title>
<sportsdevil>http://sv2.xemtiviso.com/mimi.php?id=itv</sportsdevil>
<referer>0</referer>
<thumbnail></thumbnail>
</item>
<item>
<title>VTC14</title>
<sportsdevil>http://sv2.xemtiviso.com/mimi.php?id=vtc14</sportsdevil>
<referer>0</referer>
<thumbnail></thumbnail>
</item>
<item>
<title>VTC16</title>
<sportsdevil>http://sv2.xemtiviso.com/mimi.php?id=vtc16</sportsdevil>
<referer>0</referer>
<thumbnail></thumbnail>
</item>

<item>
<title>SCTV2</title>
<sportsdevil>http://m.tivi12h.net/sctv2.php</sportsdevil>
<referer>0</referer>
<thumbnail></thumbnail>
</item>
<item>
<title>SCTV3</title>
<sportsdevil>http://m.tivi12h.net/sctv3.php</sportsdevil>
<referer>0</referer>
<thumbnail></thumbnail>
</item>
<item>
<title>SCTV4</title>
<sportsdevil>http://m.tivi12h.net/sctv4.php</sportsdevil>
<referer>0</referer>
<thumbnail></thumbnail>
</item>
<item>
<title>SCTV11</title>
<sportsdevil>http://m.tivi12h.net/sctv11.php</sportsdevil>
<referer>0</referer>
<thumbnail></thumbnail>
</item>
<item>
<title>SCTV12</title>
<sportsdevil>http://m.tivi12h.net/sctv12.php</sportsdevil>
<referer>0</referer>
<thumbnail></thumbnail>
</item>
<item>
<title>SCTV:BTV5</title>
<sportsdevil>http://m.tivi12h.net/btv5.php</sportsdevil>
<referer>0</referer>
<thumbnail></thumbnail>
</item>
<item>
<title>SCTV17</title>
<sportsdevil>http://m.tivi12h.net/sctv17-2.php</sportsdevil>
<referer>0</referer>
<thumbnail></thumbnail>
</item>
<item>
<title>SCTV15</title>
<sportsdevil>http://m.tivi8k.net/sctv15.php</sportsdevil>
<referer>0</referer>
<thumbnail></thumbnail>
</item>

<item>
<title>PHIMHAY</title>
<link>http://live.cdn.mobifonetv.vn/motv3/phimhay_hls.smil/chunklist_b1200000.m3u8|User-Agent=Mozilla/5.0</link>
<thumbnail></thumbnail>
</item>
<item>
<title>NCM BTV10</title>
<link>http://live.cdn.mobifonetv.vn/motv/ncm_hls.smil/chunklist_b1200000.m3u8|User-Agent=Mozilla/5.0</link>
<thumbnail></thumbnail>
</item>
<item>
<title>ANTG</title>
<link>http://live.cdn.mobifonetv.vn/motv/antg_hls.smil/chunklist_b1200000.m3u8|User-Agent=Mozilla/5.0</link>
<thumbnail></thumbnail>
</item>
<item>
<title>MIENTAY</title>
<link>http://live.cdn.mobifonetv.vn/motv2/mientay_hls.smil/chunklist_b1200000.m3u8|User-Agent=Mozilla/5.0</link>
<thumbnail></thumbnail>
</item>
<item>
<title>SAM</title>
<link>http://live.cdn.mobifonetv.vn/motv/sam_hls.smil/chunklist_b1200000.m3u8|User-Agent=Mozilla/5.0</link>
<thumbnail></thumbnail>
</item>
<item>
<title>PHIM 1 (phụ đề tiếng Việt)</title>
<sportsdevil>http://talktv.vn/streaming/play/embed/meowdoraemon</sportsdevil>
<referer>0</referer>
<thumbnail></thumbnail>
</item>
<item>
<title>PHIM 2 (phụ đề tiếng Việt)</title>
<sportsdevil>http://talktv.vn/streaming/play/embed/thegioionline</sportsdevil>
<referer>0</referer>
<thumbnail></thumbnail>
</item>
<item>
<title>PHIM 3 (phụ đề tiếng Việt)</title>
<sportsdevil>http://talktv.vn/streaming/play/embed/hdtvv</sportsdevil>
<referer>0</referer>
<thumbnail></thumbnail>
</item>
<item>
<title>AXN (phụ đề tiếng Việt)</title>
<sportsdevil>http://sv2.xemtiviso.com/mimi.php?id=axn</sportsdevil>
<referer>0</referer>
<thumbnail></thumbnail>
</item>
<item>
<title>HBO (phụ đề tiếng Việt)</title>
<sportsdevil>http://sv2.xemtiviso.com/mimi.php?id=hbo</sportsdevil>
<referer>0</referer>
<thumbnail></thumbnail>
</item>
<item>
<title>CINEMAX (phụ đề tiếng Việt)</title>
<sportsdevil>http://sv2.xemtiviso.com/mimi.php?id=cinemax</sportsdevil>
<referer>0</referer>
<thumbnail></thumbnail>
</item>
<item>
<title>STARMOVIES (phụ đề tiếng Việt)</title>
<sportsdevil>http://sv2.xemtiviso.com/mimi.php?id=starmovies</sportsdevil>
<referer>0</referer>
<thumbnail></thumbnail>
</item>
<item>
<title>CNN</title>
<sportsdevil>http://sv2.xemtiviso.com/mimi.php?id=cnn</sportsdevil>
<referer>0</referer>
<thumbnail></thumbnail>
</item>
<item>
<title>NHK</title>
<sportsdevil>http://sv2.xemtiviso.com/mimi.php?id=nhk</sportsdevil>
<referer>0</referer>
<thumbnail></thumbnail>
</item>
<item>
<title>DW (phụ đề tiếng Việt)</title>
<sportsdevil>http://sv2.xemtiviso.com/mimi.php?id=dw</sportsdevil>
<referer>0</referer>
<thumbnail></thumbnail>
</item>
<item>
<title>TV5MONDE (phụ đề tiếng Việt)</title>
<sportsdevil>http://sv2.xemtiviso.com/mimi.php?id=tv5monde</sportsdevil>
<referer>0</referer>
<thumbnail></thumbnail>
</item>
<item>
<title>RT TODAY</title>
<sportsdevil>http://sv2.xemtiviso.com/mimi.php?id=foxsport</sportsdevil>
<referer>0</referer>
<thumbnail></thumbnail>
</item>
<item>
<title>DISCOVERY (phụ đề tiếng Việt)</title>
<sportsdevil>http://sv2.xemtiviso.com/mimi.php?id=discovery</sportsdevil>
<referer>0</referer>
<thumbnail></thumbnail>
</item>
<item>
<title>ANIMAL PLANET (phụ đề tiếng Việt)</title>
<sportsdevil>http://sv2.xemtiviso.com/mimi.php?id=animalplanet</sportsdevil>
<referer>0</referer>
<thumbnail></thumbnail>
</item>
<item>
<title>TLC</title>
<sportsdevil>http://sv2.xemtiviso.com/mimi.php?id=tlc</sportsdevil>
<referer>0</referer>
<thumbnail></thumbnail>
</item>
<item>
<title>DAVINCI (phụ đề tiếng Việt)</title>
<sportsdevil>http://sv2.xemtiviso.com/mimi.php?id=davinci</sportsdevil>
<referer>0</referer>
<thumbnail></thumbnail>
</item>
<item>
<title>DISNEY (phụ đề tiếng Việt)</title>
<sportsdevil>http://sv2.xemtiviso.com/mimi.php?id=disney</sportsdevil>
<referer>0</referer>
<thumbnail></thumbnail>
</item>
<item>
<title>CARTOON NETWORK (phụ đề tiếng Việt)</title>
<sportsdevil>http://sv2.xemtiviso.com/mimi.php?id=cartoon</sportsdevil>
<referer>0</referer>
<thumbnail></thumbnail>
</item>
<item>
<title>BLOOMBERG</title>
<sportsdevil>http://sv2.xemtiviso.com/mimi.php?id=bloomberg</sportsdevil>
<referer>0</referer>
<thumbnail></thumbnail>
</item>
<item>
<title>MTV VIET</title>
<sportsdevil>http://sv2.xemtiviso.com/mimi.php?id=mtv</sportsdevil>
<referer>0</referer>
<thumbnail></thumbnail>
</item>
<item>
<title>STARWORLD s1</title>
<sportsdevil>http://sv2.xemtiviso.com/mimi.php?id=starworld</sportsdevil>
<referer>0</referer>
<thumbnail></thumbnail>
</item>
<item>
<title>DIVA (phụ đề tiếng Việt)</title>
<sportsdevil>http://sv2.xemtiviso.com/mimi.php?id=diva</sportsdevil>
<referer>0</referer>
<thumbnail></thumbnail>
</item>
<item>
<title>OUTDOOR CHANNEL (phụ đề tiếng Việt)</title>
<sportsdevil>http://sv2.xemtiviso.com/mimi.php?id=outdoor</sportsdevil>
<referer>0</referer>
<thumbnail></thumbnail>
</item>
<item>
<title>CHANEL V</title>
<sportsdevil>http://sv2.xemtiviso.com/mimi.php?id=channelv</sportsdevil>
<referer>0</referer>
<thumbnail></thumbnail>
</item>


<item>
<title>[COLOR=cyan][B]========== TH HẢI NGOẠI ==========[/B][/COLOR]</title>
<link>http://www.youtube.com</link>
<thumbnail></thumbnail>
</item>

<item>
<title> Việtface Cali. 57.2 </title>
<link>http://schannel.saigon.ns01.us:1935/schannel/myStream/chunklist_w503091201.m3u8</link>
<thumbnail></thumbnail>
</item>
<item>
<title> Việt Mỹ TV </title>
<link>http://68.235.37.11:1935/vietmagazine/vietmagazine/playlist.m3u8</link>
<thumbnail></thumbnail>
</item>
<item>
<title>Việt Sóng TV 47.7  Atlanta  2</title>
<link>rtmp://uni5rtmp.tulix.tv/playout2multi10/</link>
<thumbnail></thumbnail>
</item>
<item>
<title>Việt Bay- San Jose</title>
<link>http://64.71.129.2:8080/hls/ius_000131.m3u8</link>
<thumbnail></thumbnail>
</item>
<item>
<title>Việt Phố</title>
<link>rtmp://63.143.59.125/live</link>
<thumbnail></thumbnail>
</item>
<item>
<title> Việt News TV </title>
<link>http://vietnews.saigon.ns01.us:1935/VietNews/myStream/chunklist_w107230799.m3u8</link>
<thumbnail></thumbnail>
</item>
<item>
<title>SBTN -SET channel </title>
<link>http://settv.saigon.ns01.us:1935/vietset574tvv/myStream/chunklist_w542335559.m3u8</link>
<thumbnail></thumbnail>
</item>
<item>
<title> SChannel 54.4 </title>
<link>rtmp://vf10.aditmedia.net/origin/</link>
<thumbnail></thumbnail>
</item>
<item>
<title>SET TV </title>
<link>http://livestream.vnvn.net/hls-live/livepkgr/_definst_/settv574-3/settv574-3.m3u8</link>
<thumbnail></thumbnail>
</item>
<item>
<title>IBC TV 57.8 </title>
<link>rtmp://liveplay3.malimarcdn.com:1935/ibcnews</link>
<thumbnail></thumbnail>
</item>
<item>
<title> Quê Hương Media s1</title>
<link>http://64.71.129.2:8080/hls/ius_000130.m3u8</link>
<thumbnail></thumbnail>
</item>
<item>
<title>Quê Hương Media s2</title>
<link>rtmp://vf10.aditmedia.net/ingestx/</link>
<thumbnail></thumbnail>
</item>
<item>
<title>VNBC </title>
<link>http://uni6rtmp.tulix.tv:1935/vbstv/vbsabr.smil/chunklist_w189527979_b1228800.m3u8</link>
<thumbnail></thumbnail>
</item>
<item>
<title> ViệtStar 57.11  </title>
<link>http://saigontvtv.saigon.ns01.us:1935/VietStarTV/myStream/chunklist_w36065371.m3u8</link>
<thumbnail></thumbnail>
</item>
<item>
<title>Saigon TV </title>
<link>http://63.143.59.125:1935/live/myStream/chunklist_w225895095.m3u8</link>
<thumbnail></thumbnail>
</item>
<item>
<title> Saigon TV Westminster CA 57.5 </title>
<link>http://63.143.59.125:1935/live/myStream/playlist.m3u8</link>
<thumbnail></thumbnail>
</item>
<item>
<title> Little Saigon TV 57.7 </title>
<link>http://64.71.129.2:8080/hls/ius_000131.m3u8</link>
<thumbnail></thumbnail>
</item>
<item>
<title> KVLA TV 56.5 </title>
<link>http://63.143.59.125:1935/live/myStream/chunklist_w322541891.m3u8</link>
<thumbnail></thumbnail>
</item>
<item>
<title>VBS- Vietnames Broadcasting Service </title>
<link>http://uni6rtmp.tulix.tv:1935/vbstv/vbsabr.smil/chunklist_w189527979_b1228800.m3u8</link>
<thumbnail></thumbnail>
</item>
<item>
<title>VBS (WS) </title>
<link>http://uni6rtmp.tulix.tv:1935/vbstv/vbsabr.smil/chunklist_w530158239_b1228800.m3u8</link>
<thumbnail></thumbnail>
</item>
<item>
<title>VBS Canada </title>
<link>http://uni6rtmp.tulix.tv:1935/vbstv/vbsabr.smil/chunklist_w1847269952_b204800.m3u8</link>
<thumbnail></thumbnail>
</item>
<item>
<title>VNA TV </title>
<link>http://livestream.vnvn.net/hls-live/livepkgr/_definst_/vnatv573-1/vnatv573-1.m3u8?time=1482109571065</link>
<thumbnail></thumbnail>
</item>


<item>
<title>[COLOR=cyan][B]==========TH QUỐC TẾ TỔNG HỢP==========[/B][/COLOR]</title>
<link>http://www.youtube.com</link>
<thumbnail></thumbnail>
</item>


<item>
<title>Sopcast:AXN</title>
<link>plugin://program.plexus/?url=sop://broker.sopcast.com:3912/149261&amp;mode=2&amp;name=AXN</link>
<thumbnail></thumbnail>
</item>
<item>
<title>Sopcast:HBO 2</title>
<link>plugin://program.plexus/?url=sop://broker.sopcast.com:3912/149259&amp;mode=2&amp;name=HBO</link>
<thumbnail></thumbnail>
</item>
<item>
<title>Sopcast:HBO 3</title>
<link>plugin://program.plexus/?url=sop://broker.sopcast.com:3912/149255&amp;mode=2&amp;name=HBO</link>
<thumbnail></thumbnail>
</item>
<item>
<title>Sopcast:Film Cafe</title>
<link>plugin://program.plexus/?url=sop://broker.sopcast.com:3912/256238&amp;mode=2&amp;name=Film</link>
<thumbnail></thumbnail>
</item>
<item>
<title>Sopcast:TV1000</title>
<link>plugin://program.plexus/?url=sop://broker.sopcast.com:3912/256337&amp;mode=2&amp;name=TV1000</link>
<thumbnail></thumbnail>
</item>
<item>
<title>Sopcast:Filmbox</title>
<link>plugin://program.plexus/?url=sop://broker.sopcast.com:3912/148981&amp;mode=2&amp;name=Filmbox</link>
<thumbnail></thumbnail>
</item>
<item>
<title>Sopcast:Fro Cinema</title>
<link>plugin://program.plexus/?url=sop://broker.sopcast.com:3912/148249&amp;mode=2&amp;name=Fro</link>
<thumbnail></thumbnail>
</item>
<item>
<title>Sopcast:DIVA UNIVERSAL</title>
<link>plugin://program.plexus/?url=sop://broker.plugin://program.plexus/?url=sopcast.com:3912/253034&amp;mode=2&amp;name=DIVA</link>
<thumbnail></thumbnail>
</item>
<item>
<title>Sopcast:PARAMOUNT</title>
<link>plugin://program.plexus/?url=sop://broker.plugin://program.plexus/?url=sopcast.com:3912/253033&amp;mode=2&amp;name=PARAMOUNT</link>
<thumbnail></thumbnail>
</item>
<item>
<title>Sopcast:Boomerang</title>
<link>plugin://program.plexus/?url=sop://broker.sopcast.com:3912/149264&amp;mode=2&amp;name=Boomerang</link>
<thumbnail></thumbnail>
</item>
<item>
<title>Sopcast:Cartoon Network</title>
<link>plugin://program.plexus/?url=sop://broker.sopcast.com:3912/148254&amp;mode=2&amp;name=Cartoon</link>
<thumbnail></thumbnail>
</item>
<item>
<title>Sopcast:DISNEY</title>
<link>plugin://program.plexus/?url=sop://broker.sopcast.com:3912/253031&amp;mode=2&amp;name=DISNEY</link>
<thumbnail></thumbnail>
</item>
<item>
<title>Sopcast:DISNEY JR</title>
<link>plugin://program.plexus/?url=sop://broker.sopcast.com:3912/256239&amp;mode=2&amp;name=DISNEY</link>
<thumbnail></thumbnail>
</item>
<item>
<title>Sopcast:MEGAMAX</title>
<link>plugin://program.plexus/?url=sop://broker.sopcast.com:3912/256328&amp;mode=2&amp;name=MEGAMAX</link>
<thumbnail></thumbnail>
</item>
<item>
<title>Sopcast:NICKELODEON</title>
<link>plugin://program.plexus/?url=sop://broker.sopcast.com:3912/253472&amp;mode=2&amp;name=NICKELODEON</link>
<thumbnail></thumbnail>
</item>
<item>
<title>Sopcast:National Geographic</title>
<link>plugin://program.plexus/?url=sop://broker.sopcast.com:3912/148248&amp;mode=2&amp;name=National</link>
<thumbnail></thumbnail>
</item>
<item>
<title>Sopcast:NatGeo Wild</title>
<link>plugin://program.plexus/?url=sop://broker.sopcast.com:3912/253037&amp;mode=2&amp;name=NatGeo</link>
<thumbnail></thumbnail>
</item>
<item>
<title>Sopcast:Discovery Channel</title>
<link>plugin://program.plexus/?url=sop://broker.sopcast.com:3912/256241&amp;mode=2&amp;name=Discovery</link>
<thumbnail></thumbnail>
</item>
<item>
<title>Sopcast:Discovery Science</title>
<link>plugin://program.plexus/?url=sop://broker.sopcast.com:3912/256243&amp;mode=2&amp;name=Discovery</link>
<thumbnail></thumbnail>
</item>
<item>
<title>Sopcast:Discovery ID</title>
<link>plugin://program.plexus/?url=sop://broker.sopcast.com:3912/256244&amp;mode=2&amp;name=Discovery</link>
<thumbnail></thumbnail>
</item>
<item>
<title>Sopcast:BBC Earth</title>
<link>plugin://program.plexus/?url=sop://broker.sopcast.com:3912/148257&amp;mode=2&amp;name=BBC</link>
<thumbnail></thumbnail>
</item>
<item>
<title>Sopcast:HISTORY</title>
<link>plugin://program.plexus/?url=sop://broker.sopcast.com:3912/253032&amp;mode=2&amp;name=HISTORY</link>
<thumbnail></thumbnail>
</item>
<item>
<title>Sopcast:VIASAT HISTORY</title>
<link>plugin://program.plexus/?url=sop://broker.sopcast.com:3912/151300&amp;mode=2&amp;name=VIASAT</link>
<thumbnail></thumbnail>
</item>
<item>
<title>Sopcast:TLC</title>
<link>plugin://program.plexus/?url=sop://broker.sopcast.com:3912/148256&amp;mode=2&amp;name=TLC</link>
<thumbnail></thumbnail>
</item>
<item>
<title>CNN PHILIPPIN</title>
<link>rtmp://54.251.134.121/live/15273.sdp</link>
<thumbnail></thumbnail>
</item>
<item>
<title>Aljazeera</title>
<link>http://aljazeera-eng-apple-live.adaptive.level3.net/apple/aljazeera/english/800.m3u8</link>
<thumbnail></thumbnail>
</item>
<item>
<title>CHANNEL NEWSASIA</title>
<link>http://imtcnai-lh.akamaihd.net/i/cnai_main@334572/master.m3u8</link>
<thumbnail></thumbnail>
</item>
<item>
<title>ARIANG HD</title>
<link>http://amdlive.ctnd.com.edgesuite.net/arirang_1ch/smil:arirang_1ch.smil/playlist.m3u8</link>
<thumbnail></thumbnail>
</item>
<item>
<title>KOSMOS</title>
<link>http://d2ai41bknpka2u.cloudfront.net/live/iss.stream_source/chunklist.m3u8</link>
<thumbnail></thumbnail>
</item>
<item>
<title>RT DOCUMENTARY</title>
<link>http://rtmp.api.rt.com/hls/rtdru.m3u8</link>
<thumbnail></thumbnail>
</item>
<item>
<title>TRT BELGESEL HD</title>
<link>http://trtcanlitv-lh.akamaihd.net/i/TRTBELGESEL_1@182145/index_600_av-p.m3u8?sd=10&amp;rebase=on</link>
<thumbnail></thumbnail>
</item>
<item>
<title>BELGESEL TV</title>
<link>rtsp://yayin.networkbil.com/belgeseltv</link>
<thumbnail></thumbnail>
</item>
<item>
<title>Aljazeera Doc</title>
<link>http://aljazeera-doc-apple-live.adaptive.level3.net/apple/aljazeera/hq-doc/800kStream.m3u8</link>
<thumbnail></thumbnail>
</item>

<item>
<title>[COLOR=cyan][B]========== PHIM TRUYỀN HÌNH ==========[/B][/COLOR]</title>
<link>http://www.youtube.com</link>
<thumbnail></thumbnail>
</item>

<item>
<title>Phim Jackie Chan</title>
<link>http://live.g3proxy.lecloud.com/gslb?stream_id=lb_cl_1300&amp;tag=live&amp;ext=m3u8&amp;sign=live_tv&amp;platid=10&amp;splatid=1009&amp;format=letv&amp;expect=1</link>
<thumbnail></thumbnail>
</item>
<item>
<title>Phim Thần Thám Địch Nhân Kiệt</title>
<link>http://live.g3proxy.lecloud.com/gslb?stream_id=lb_snstdrj_1300&amp;tag=live&amp;ext=m3u8&amp;sign=live_tv&amp;platid=10&amp;splatid=1009&amp;format=letv&amp;expect=1</link>
<thumbnail></thumbnail>
</item>
<item>
<title>Phim Tây Du Ký</title>
<link>http://live.g3proxy.lecloud.com/gslb?stream_id=lb_xyj_1300&amp;tag=live&amp;ext=m3u8&amp;sign=live_tv&amp;platid=10&amp;splatid=1009&amp;format=letv&amp;expect=1</link>
<thumbnail></thumbnail>
</item>
<item>
<title>Phim Bao Công</title>
<link>http://live.g3proxy.lecloud.com/gslb?stream_id=lb_bqt_1300&amp;tag=live&amp;ext=m3u8&amp;sign=live_tv&amp;platid=10&amp;splatid=1009&amp;format=letv&amp;expect=1</link>
<thumbnail></thumbnail>
</item>
<item>
<title>Phim Tế Công</title>
<link>http://live.g3proxy.lecloud.com/gslb?stream_id=lb_xjghf_1300&amp;tag=live&amp;ext=m3u8&amp;sign=live_tv&amp;platid=10&amp;splatid=1009&amp;format=letv&amp;expect=1</link>
<thumbnail></thumbnail>
</item>
<item>
<title>Phim Tom And Jerry</title>
<link>http://live.g3proxy.lecloud.com/gslb?stream_id=lb_mhls_1300&amp;tag=live&amp;ext=m3u8&amp;sign=live_tv&amp;platid=10&amp;splatid=1009&amp;format=letv&amp;expect=1</link>
<thumbnail></thumbnail>
</item>
<item>
<title>Phim Truyền hình Mỹ</title>
<link>http://live.g3proxy.lecloud.com/gslb?stream_id=lb_gbmj_1300&amp;tag=live&amp;ext=m3u8&amp;sign=live_tv&amp;platid=10&amp;splatid=1009&amp;format=letv&amp;expect=1</link>
<thumbnail></thumbnail>
</item>
<item>
<title>Phim Hành Động</title>
<link>http://live.g3proxy.lecloud.com/gslb?stream_id=lb_rxdzmj_1300&amp;tag=live&amp;ext=m3u8&amp;sign=live_tv&amp;platid=10&amp;splatid=1009&amp;format=letv&amp;expect=1</link>
<thumbnail></thumbnail>
</item>
<item>
<title>CINEMA WORLD</title>
<link>http://live.gslb.letv.com/gslb?stream_id=pay_cinema_1800&amp;tag=live&amp;ext=m3u8&amp;sign=live_tv&amp;platid=10&amp;splatid=1009&amp;format=letv&amp;expect=1</link>
<thumbnail></thumbnail>
</item>
<item>
<title>Hollywood movie</title>
<link>http://live.g3proxy.lecloud.com/gslb?stream_id=lb_hlw_1800&amp;tag=live&amp;ext=m3u8&amp;sign=live_tv&amp;platid=10&amp;splatid=1009&amp;format=letv&amp;expect=1</link>
<thumbnail></thumbnail>
</item>
<item>
<title>Phim Tài Liệu Khoa Học</title>
<link>http://live.g3proxy.lecloud.com/gslb?stream_id=lb_jilu_1300&amp;tag=live&amp;ext=m3u8&amp;sign=live_tv&amp;platid=10&amp;splatid=1009&amp;format=letv&amp;expect=1</link>
<thumbnail></thumbnail>
</item>
<item>
<title>Phim Thế Giới Động Vật</title>
<link>http://live.g3proxy.lecloud.com/gslb?stream_id=lb_dwsj_1300&amp;tag=live&amp;ext=m3u8&amp;sign=live_tv&amp;platid=10&amp;splatid=1009&amp;format=letv&amp;expect=1</link>
<thumbnail></thumbnail>
</item>

<item>
<title>[COLOR=cyan][B]========== KÊNH GIẢI TRÍ ==========[/B][/COLOR]</title>
<link>http://www.youtube.com</link>
<thumbnail></thumbnail>
</item>

<item>
<title>GIỌNG HÁT VIỆT 1</title>
<sportsdevil>http://m.tvplay.vn/video/119130-giong-hat-viet-the-voice-2017/112412-12-02-phan-1.html</sportsdevil>
<referer>http://m.tvplay.vn/</referer>
<thumbnail></thumbnail>
</item>
<item>
<title>GIỌNG HÁT VIỆT 2</title>
<sportsdevil>http://m.tvplay.vn/video/119130-giong-hat-viet-the-voice-2017/112414-12-02-phan-2.html</sportsdevil>
<referer>http://m.tvplay.vn/</referer>
<thumbnail></thumbnail>
</item>
<item>
<title>GIỌNG HÁT VIỆT 3</title>
<sportsdevil>http://m.tvplay.vn/video/119130-giong-hat-viet-the-voice-2017/113100-19-02-phan-1.html</sportsdevil>
<referer>http://m.tvplay.vn/</referer>
<thumbnail></thumbnail>
</item>
<item>
<title>GIỌNG HÁT VIỆT 4</title>
<sportsdevil>http://m.tvplay.vn/video/119130-giong-hat-viet-the-voice-2017/113225-19-02-phan-2.html</sportsdevil>
<referer>http://m.tvplay.vn/</referer>
<thumbnail></thumbnail>
</item>


<item>
<title>BÀI HÁT HAY NHẤT 1</title>
<sportsdevil>http://m.tvplay.vn/video/94932-sing-my-song-bai-hat-hay-nhat/99602-20-11-phan-1.html</sportsdevil>
<referer>http://m.tvplay.vn/</referer>
<thumbnail></thumbnail>
</item>
<item>
<title>BÀI HÁT HAY NHẤT 2</title>
<sportsdevil>http://m.tvplay.vn/video/94932-sing-my-song-bai-hat-hay-nhat/99610-20-11-phan-2.html</sportsdevil>
<referer>http://m.tvplay.vn/</referer>
<thumbnail></thumbnail>
</item>
<item>
<title>BÀI HÁT HAY NHẤT 3</title>
<sportsdevil>http://m.tvplay.vn/video/94932-sing-my-song-bai-hat-hay-nhat/100376-27-11-phan-1.html</sportsdevil>
<referer>http://m.tvplay.vn/</referer>
<thumbnail></thumbnail>
</item>
<item>
<title>BÀI HÁT HAY NHẤT 4</title>
<sportsdevil>http://m.tvplay.vn/video/94932-sing-my-song-bai-hat-hay-nhat/100377-27-11-phan-2.html</sportsdevil>
<referer>http://m.tvplay.vn/</referer>
<thumbnail></thumbnail>
</item>
<item>
<title>BÀI HÁT HAY NHẤT 5</title>
<sportsdevil>http://m.tvplay.vn/video/94932-sing-my-song-bai-hat-hay-nhat/101904-05-12-phan-1.html</sportsdevil>
<referer>http://m.tvplay.vn/</referer>
<thumbnail></thumbnail>
</item>
<item>
<title>BÀI HÁT HAY NHẤT 6</title>
<sportsdevil>http://m.tvplay.vn/video/94932-sing-my-song-bai-hat-hay-nhat/101905-05-12-phan-2.html</sportsdevil>
<referer>http://m.tvplay.vn/</referer>
<thumbnail></thumbnail>
</item>
<item>
<title>BÀI HÁT HAY NHẤT 7</title>
<sportsdevil>http://m.tvplay.vn/video/94932-sing-my-song-bai-hat-hay-nhat/102459-12-12-phan-1.html</sportsdevil>
<referer>http://m.tvplay.vn/</referer>
<thumbnail></thumbnail>
</item>
<item>
<title>BÀI HÁT HAY NHẤT 8</title>
<sportsdevil>http://m.tvplay.vn/video/94932-sing-my-song-bai-hat-hay-nhat/102460-12-12-phan-2.html</sportsdevil>
<referer>http://m.tvplay.vn/</referer>
<thumbnail></thumbnail>
</item>
<item>
<title>BÀI HÁT HAY NHẤT 9</title>
<sportsdevil>http://m.tvplay.vn/video/94932-sing-my-song-bai-hat-hay-nhat/103059-18-12-phan-1.html</sportsdevil>
<referer>http://m.tvplay.vn/</referer>
<thumbnail></thumbnail>
</item>
<item>
<title>BÀI HÁT HAY NHẤT 10</title>
<sportsdevil>http://m.tvplay.vn/video/94932-sing-my-song-bai-hat-hay-nhat/103060-18-12-phan-2.html</sportsdevil>
<referer>http://m.tvplay.vn/</referer>
<thumbnail></thumbnail>
</item>
<item>
<title>BÀI HÁT HAY NHẤT 11</title>
<sportsdevil>http://m.tvplay.vn/video/94932-sing-my-song-bai-hat-hay-nhat/103667-25-12-phan-1.html</sportsdevil>
<referer>http://m.tvplay.vn/</referer>
<thumbnail></thumbnail>
</item>
<item>
<title>BÀI HÁT HAY NHẤT 12</title>
<sportsdevil>http://m.tvplay.vn/video/94932-sing-my-song-bai-hat-hay-nhat/103673-25-12-phan-2.html</sportsdevil>
<referer>http://m.tvplay.vn/</referer>
<thumbnail></thumbnail>
</item>
<item>
<title>BÀI HÁT HAY NHẤT 13</title>
<sportsdevil>http://m.tvplay.vn/video/94932-sing-my-song-bai-hat-hay-nhat/104625-1-1-phan-1.html</sportsdevil>
<referer>http://m.tvplay.vn/</referer>
<thumbnail></thumbnail>
</item>
<item>
<title>BÀI HÁT HAY NHẤT 14</title>
<sportsdevil>http://m.tvplay.vn/video/94932-sing-my-song-bai-hat-hay-nhat/104626-1-1-phan-2.html</sportsdevil>
<referer>http://m.tvplay.vn/</referer>
<thumbnail></thumbnail>
</item>
<item>
<title>BÀI HÁT HAY NHẤT 15</title>
<sportsdevil>http://m.tvplay.vn/video/94932-sing-my-song-bai-hat-hay-nhat/104842-08-01-phan-1.html</sportsdevil>
<referer>http://m.tvplay.vn/</referer>
<thumbnail></thumbnail>
</item>
<item>
<title>BÀI HÁT HAY NHẤT 16</title>
<sportsdevil>http://m.tvplay.vn/video/94932-sing-my-song-bai-hat-hay-nhat/104843-08-01-phan-2.html</sportsdevil>
<referer>http://m.tvplay.vn/</referer>
<thumbnail></thumbnail>
</item>
<item>
<title>BÀI HÁT HAY NHẤT 17</title>
<sportsdevil>http://m.tvplay.vn/video/94932-sing-my-song-bai-hat-hay-nhat/106506-15-01-phan-1.html</sportsdevil>
<referer>http://m.tvplay.vn/</referer>
<thumbnail></thumbnail>
</item>
<item>
<title>BÀI HÁT HAY NHẤT 18</title>
<sportsdevil>http://m.tvplay.vn/video/94932-sing-my-song-bai-hat-hay-nhat/106507-15-01-phan-2.html</sportsdevil>
<referer>http://m.tvplay.vn/</referer>
<thumbnail></thumbnail>
</item>
<item>
<title>BÀI HÁT HAY NHẤT - CHUNG KẾT PHẦN 1</title>
<sportsdevil>http://m.tvplay.vn/video/94932-sing-my-song-bai-hat-hay-nhat/106901-chung-ket-phan-1.html</sportsdevil>
<referer>http://m.tvplay.vn/</referer>
<thumbnail></thumbnail>
</item>
<item>
<title>BÀI HÁT HAY NHẤT -CHUNG KẾT PHẦN 2 </title>
<sportsdevil>http://m.tvplay.vn/video/94932-sing-my-song-bai-hat-hay-nhat/106902-chung-ket-phan-2.html</sportsdevil>
<referer>http://m.tvplay.vn/</referer>
<thumbnail></thumbnail>
</item>
<item>
<title>THẦN TƯỢNG BOLERO 1</title>
<sportsdevil>http://m.tvplay.vn/video/129118-than-tuong-bolero-2017/118643-tap-1.html</sportsdevil>
<referer>http://m.tvplay.vn/</referer>
<thumbnail></thumbnail>
</item>
<item>
<title>THẦN TƯỢNG BOLERO 2</title>
<sportsdevil>http://m.tvplay.vn/video/129118-than-tuong-bolero-2017/118812-tap-2.html</sportsdevil>
<referer>http://m.tvplay.vn/</referer>
<thumbnail></thumbnail>
</item>
<item>
<title>THẦN TƯỢNG BOLERO 3</title>
<sportsdevil>http://m.tvplay.vn/video/129118-than-tuong-bolero-2017/120301-tap-3.html</sportsdevil>
<referer>http://m.tvplay.vn/</referer>
<thumbnail></thumbnail>
</item>
<item>
<title>BIỆT TÀI TÍ HON 1</title>
<sportsdevil>http://m.tvplay.vn/video/105896-biet-tai-ti-hon/106532-15-01.html</sportsdevil>
<referer>http://m.tvplay.vn/</referer>
<thumbnail></thumbnail>
</item>
<item>
<title>BIỆT TÀI TÍ HON 2</title>
<sportsdevil>http://m.tvplay.vn/video/105896-biet-tai-ti-hon/106885-22-01.html</sportsdevil>
<referer>http://m.tvplay.vn/</referer>
<thumbnail></thumbnail>
</item>
<item>
<title>BIỆT TÀI TÍ HON 3</title>
<sportsdevil>http://m.tvplay.vn/video/105896-biet-tai-ti-hon/112404-12-02.html</sportsdevil>
<referer>http://m.tvplay.vn/</referer>
<thumbnail></thumbnail>
</item>
<item>
<title>BIỆT TÀI TÍ HON 4</title>
<sportsdevil>http://m.tvplay.vn/video/105896-biet-tai-ti-hon/113102-19-02.html</sportsdevil>
<referer>http://m.tvplay.vn/</referer>
<thumbnail></thumbnail>
</item>
<item>
<title>BIỆT TÀI TÍ HON 5</title>
<sportsdevil>http://m.tvplay.vn/video/105896-biet-tai-ti-hon/114623-26-02.html</sportsdevil>
<referer>http://m.tvplay.vn/</referer>
<thumbnail></thumbnail>
</item>
<item>
<title>BIỆT TÀI TÍ HON 6</title>
<sportsdevil>http://m.tvplay.vn/video/105896-biet-tai-ti-hon/115071-05-03.html</sportsdevil>
<referer>http://m.tvplay.vn/</referer>
<thumbnail></thumbnail>
</item>
<item>
<title>BIỆT TÀI TÍ HON 8</title>
<sportsdevil>http://m.tvplay.vn/video/105896-biet-tai-ti-hon/118601-12-03.html</sportsdevil>
<referer>http://m.tvplay.vn/</referer>
<thumbnail></thumbnail>
</item>
<item>
<title>BIỆT TÀI TÍ HON 9</title>
<sportsdevil>http://m.tvplay.vn/video/105896-biet-tai-ti-hon/118945-19-03.html</sportsdevil>
<referer>http://m.tvplay.vn/</referer>
<thumbnail></thumbnail>
</item>
<item>
<title>HÒA ÂM ÁNH SÁNG 1</title>
<sportsdevil>http://m.tvplay.vn/video/105879-hoa-am-anh-sang-2017-remix-new-generation/106508-13-01.html</sportsdevil>
<referer>http://m.tvplay.vn/</referer>
<thumbnail></thumbnail>
</item>
<item>
<title>HÒA ÂM ÁNH SÁNG 2</title>
<sportsdevil>http://m.tvplay.vn/video/105879-hoa-am-anh-sang-2017-remix-new-generation/106893-20-01-phan-1.html</sportsdevil>
<referer>http://m.tvplay.vn/</referer>
<thumbnail></thumbnail>
</item>
<item>
<title>HÒA ÂM ÁNH SÁNG 3</title>
<sportsdevil>http://m.tvplay.vn/video/105879-hoa-am-anh-sang-2017-remix-new-generation/106896-20-01-phan-2.html</sportsdevil>
<referer>http://m.tvplay.vn/</referer>
<thumbnail></thumbnail>
</item>
<item>
<title>HÒA ÂM ÁNH SÁNG 4</title>
<sportsdevil>http://m.tvplay.vn/video/105879-hoa-am-anh-sang-2017-remix-new-generation/112416-10-02.html</sportsdevil>
<referer>http://m.tvplay.vn/</referer>
<thumbnail></thumbnail>
</item>
<item>
<title>HÒA ÂM ÁNH SÁNG 5</title>
<sportsdevil>http://m.tvplay.vn/video/105879-hoa-am-anh-sang-2017-remix-new-generation/113106-17-02-phan-1.html</sportsdevil>
<referer>http://m.tvplay.vn/</referer>
<thumbnail></thumbnail>
</item>
<item>
<title>HÒA ÂM ÁNH SÁNG 6</title>
<sportsdevil>http://m.tvplay.vn/video/105879-hoa-am-anh-sang-2017-remix-new-generation/113107-17-02-phan-2.html</sportsdevil>
<referer>http://m.tvplay.vn/</referer>
<thumbnail></thumbnail>
</item>
<item>
<title>HÒA ÂM ÁNH SÁNG 7</title>
<sportsdevil>http://m.tvplay.vn/video/105879-hoa-am-anh-sang-2017-remix-new-generation/114617-24-02-phan-1.html</sportsdevil>
<referer>http://m.tvplay.vn/</referer>
<thumbnail></thumbnail>
</item>
<item>
<title>HÒA ÂM ÁNH SÁNG 8</title>
<sportsdevil>http://m.tvplay.vn/video/105879-hoa-am-anh-sang-2017-remix-new-generation/114618-24-02-phan-2.html</sportsdevil>
<referer>http://m.tvplay.vn/</referer>
<thumbnail></thumbnail>
</item>
<item>
<title>HÒA ÂM ÁNH SÁNG 9</title>
<sportsdevil>http://m.tvplay.vn/video/105879-hoa-am-anh-sang-2017-remix-new-generation/115072-03-03-phan-1.html</sportsdevil>
<referer>http://m.tvplay.vn/</referer>
<thumbnail></thumbnail>
</item>
<item>
<title>ÁNH SÁNG HAY BÓNG TỐI 1</title>
<sportsdevil>http://m.tvplay.vn/video/97985-anh-sang-hay-bong-toi/101878-03-12.html</sportsdevil>
<referer>http://m.tvplay.vn/</referer>
<thumbnail></thumbnail>
</item>
<item>
<title>ÁNH SÁNG HAY BÓNG TỐI 2</title>
<sportsdevil>http://m.tvplay.vn/video/97985-anh-sang-hay-bong-toi/102445-10-12.html</sportsdevil>
<referer>http://m.tvplay.vn/</referer>
<thumbnail></thumbnail>
</item>
<item>
<title>ÁNH SÁNG HAY BÓNG TỐI 3 </title>
<sportsdevil>http://m.tvplay.vn/video/97985-anh-sang-hay-bong-toi/103063-17-12.html</sportsdevil>
<referer>http://m.tvplay.vn/</referer>
<thumbnail></thumbnail>
</item>
<item>
<title>ÁNH SÁNG HAY BÓNG TỐI 4 </title>
<sportsdevil>http://m.tvplay.vn/video/97985-anh-sang-hay-bong-toi/103659-24-12.html</sportsdevil>
<referer>http://m.tvplay.vn/</referer>
<thumbnail></thumbnail>
</item>
<item>
<title>ÁNH SÁNG HAY BÓNG TỐI 5 </title>
<sportsdevil>http://m.tvplay.vn/video/97985-anh-sang-hay-bong-toi/104627-31-12.html</sportsdevil>
<referer>http://m.tvplay.vn/</referer>
<thumbnail></thumbnail>
</item>
<item>
<title>ÁNH SÁNG HAY BÓNG TỐI 6 </title>
<sportsdevil>http://m.tvplay.vn/video/97985-anh-sang-hay-bong-toi/104841-07-01.html</sportsdevil>
<referer>http://m.tvplay.vn/</referer>
<thumbnail></thumbnail>
</item>
<item>
<title>ÁNH SÁNG HAY BÓNG TỐI 7 </title>
<sportsdevil>http://m.tvplay.vn/video/97985-anh-sang-hay-bong-toi/106533-14-01.html</sportsdevil>
<referer>http://m.tvplay.vn/</referer>
<thumbnail></thumbnail>
</item>
<item>
<title>ÁNH SÁNG HAY BÓNG TỐI 8 </title>
<sportsdevil>http://m.tvplay.vn/video/97985-anh-sang-hay-bong-toi/106897-20-01.html</sportsdevil>
<referer>http://m.tvplay.vn/</referer>
<thumbnail></thumbnail>
</item>
<item>
<title>ÁNH SÁNG HAY BÓNG TỐI 9 </title>
<sportsdevil>http://m.tvplay.vn/video/97985-anh-sang-hay-bong-toi/112418-11-02.html</sportsdevil>
<referer>http://m.tvplay.vn/</referer>
<thumbnail></thumbnail>
</item>
<item>
<title>ÁNH SÁNG HAY BÓNG TỐI 10 </title>
<sportsdevil>http://m.tvplay.vn/video/97985-anh-sang-hay-bong-toi/113109-18-02.html</sportsdevil>
<referer>http://m.tvplay.vn/</referer>
<thumbnail></thumbnail>
</item>
<item>
<title>ÁNH SÁNG HAY BÓNG TỐI 11 </title>
<sportsdevil>http://m.tvplay.vn/video/97985-anh-sang-hay-bong-toi/114620-25-02.html</sportsdevil>
<referer>http://m.tvplay.vn/</referer>
<thumbnail></thumbnail>
</item>
<item>
<title>ÁNH SÁNG HAY BÓNG TỐI 12 </title>
<sportsdevil>http://m.tvplay.vn/video/97985-anh-sang-hay-bong-toi/115074-04-03.html</sportsdevil>
<referer>http://m.tvplay.vn/</referer>
<thumbnail></thumbnail>
</item>
<item>
<title>ÁNH SÁNG HAY BÓNG TỐI 13 </title>
<sportsdevil>http://m.tvplay.vn/video/97985-anh-sang-hay-bong-toi/118603-11-03.html</sportsdevil>
<referer>http://m.tvplay.vn/</referer>
<thumbnail></thumbnail>
</item>
<item>
<title>ÁNH SÁNG HAY BÓNG TỐI 14 </title>
<sportsdevil>http://m.tvplay.vn/video/97985-anh-sang-hay-bong-toi/118948-18-03.html</sportsdevil>
<referer>http://m.tvplay.vn/</referer>
<thumbnail></thumbnail>
</item>













</stream>




