<?xml version="1.0" encoding="UTF-8" standalone="yes" ?>

<layouttype>thumbnail</layouttype>

<item>
<title> [COLOR turquoise]K+1 VN[/COLOR] </title>
<thumbnail></thumbnail>
<info>Enable Live TV Parse dari addon setting sekiranya tiada channel </info>
<link>$doregex[getUrl]|User-Agent=iPad</link>
<regex>
<name>getUrl</name>
<expres><![CDATA[#$pyFunction
import re, requests
def GetLSProData(page_data,Cookie_Jar,m,):
  first_ip = re.findall("x_first_ip.+?'(.*?)'", page_data)[0]
  first_c = re.findall("x_first_c.+?'(.*?)'", page_data)[0]
  ket2 = re.findall("ket2.+?'(.*?)'", page_data)[0]
  first_ua = re.findall("x_first_ua.+?'(.*?)'", page_data)[0]
  preurl = 'http://tmg.ustreamix.com/'   # here is the server url which changed most of time
  url = preurl + 'stats.php?p=' + first_ip + '&C=' + first_c + '&Ket=' + ket2
  source = requests.get(url, headers = {'Referer': 'http://ustreamyx.com//stream.php?id=k1-vietnam', 'User-Agent': first_ua, 'Accept': '*/*'}).text
  tok = re.findall('var jdtk="(.*?)"', source)[0]
  return preurl + 'tmg.m3u8?stream=k1-vietnam&token=' + tok
]]></expres>
<page>http://ustreamyx.com/stream.php?id=k1-vietnam</page>
<agent>Mozilla/5.0 (X11; Linux i686; rv:44.0) Gecko/20100101 Firefox/44.0 Iceweasel/44.0</agent>
<cookieJar></cookieJar>
</regex>
</item>
</items>



<item>
<title> [COLOR turquoise]US:NBCSN[/COLOR] </title>
<thumbnail></thumbnail>
<info>Enable Live TV Parse dari addon setting sekiranya tiada channel </info>
<link>$doregex[getUrl]|User-Agent=iPad</link>
<regex>
<name>getUrl</name>
<expres><![CDATA[#$pyFunction
import re, requests
def GetLSProData(page_data,Cookie_Jar,m,):
  first_ip = re.findall("x_first_ip.+?'(.*?)'", page_data)[0]
  first_c = re.findall("x_first_c.+?'(.*?)'", page_data)[0]
  ket2 = re.findall("ket2.+?'(.*?)'", page_data)[0]
  first_ua = re.findall("x_first_ua.+?'(.*?)'", page_data)[0]
  preurl = 'http://tmg.ustreamix.com/'   # here is the server url which changed most of time
  url = preurl + 'stats.php?p=' + first_ip + '&C=' + first_c + '&Ket=' + ket2
  source = requests.get(url, headers = {'Referer': 'http://ustreamyx.com//stream.php?id=nbc-sn', 'User-Agent': first_ua, 'Accept': '*/*'}).text
  tok = re.findall('var jdtk="(.*?)"', source)[0]
  return preurl + 'tmg.m3u8?stream=nbc-sn&token=' + tok
]]></expres>
<page>http://ustreamyx.com//stream.php?id=nbc-sn</page>
<agent>Mozilla/5.0 (X11; Linux i686; rv:44.0) Gecko/20100101 Firefox/44.0 Iceweasel/44.0</agent>
<cookieJar></cookieJar>
</regex>
</item>
</items>

<item>
<title> [COLOR turquoise]US:FOX SPORTS 1(FS1) [/COLOR] </title>
<thumbnail></thumbnail>
<info>Enable Live TV Parse dari addon setting sekiranya tiada channel </info>
<link>$doregex[getUrl]|User-Agent=iPad</link>
<regex>
<name>getUrl</name>
<expres><![CDATA[#$pyFunction
import re, requests
def GetLSProData(page_data,Cookie_Jar,m,):
  first_ip = re.findall("x_first_ip.+?'(.*?)'", page_data)[0]
  first_c = re.findall("x_first_c.+?'(.*?)'", page_data)[0]
  ket2 = re.findall("ket2.+?'(.*?)'", page_data)[0]
  first_ua = re.findall("x_first_ua.+?'(.*?)'", page_data)[0]
  preurl = 'http://tmg.ustreamix.com/'   # here is the server url which changed most of time
  url = preurl + 'stats.php?p=' + first_ip + '&C=' + first_c + '&Ket=' + ket2
  source = requests.get(url, headers = {'Referer': 'http://ustreamyx.com//stream.php?id=fox-sports-1-b', 'User-Agent': first_ua, 'Accept': '*/*'}).text
  tok = re.findall('var jdtk="(.*?)"', source)[0]
  return preurl + 'tmg.m3u8?stream=fox-sports-1-b&token=' + tok
]]></expres>
<page>http://ustreamyx.com//stream.php?id=fox-sports-1-b</page>
<agent>Mozilla/5.0 (X11; Linux i686; rv:44.0) Gecko/20100101 Firefox/44.0 Iceweasel/44.0</agent>
<cookieJar></cookieJar>
</regex>
</item>
</items>


<item>
<title> [COLOR turquoise]US:FOX SPORTS 2(FS2)[/COLOR] </title>
<thumbnail></thumbnail>
<info>Enable Live TV Parse dari addon setting sekiranya tiada channel </info>
<link>$doregex[getUrl]|User-Agent=iPad</link>
<regex>
<name>getUrl</name>
<expres><![CDATA[#$pyFunction
import re, requests
def GetLSProData(page_data,Cookie_Jar,m,):
  first_ip = re.findall("x_first_ip.+?'(.*?)'", page_data)[0]
  first_c = re.findall("x_first_c.+?'(.*?)'", page_data)[0]
  ket2 = re.findall("ket2.+?'(.*?)'", page_data)[0]
  first_ua = re.findall("x_first_ua.+?'(.*?)'", page_data)[0]
  preurl = 'http://tmg.ustreamix.com/'   # here is the server url which changed most of time
  url = preurl + 'stats.php?p=' + first_ip + '&C=' + first_c + '&Ket=' + ket2
  source = requests.get(url, headers = {'Referer': 'http://ustreamyx.com//stream.php?id=fox-sports-2', 'User-Agent': first_ua, 'Accept': '*/*'}).text
  tok = re.findall('var jdtk="(.*?)"', source)[0]
  return preurl + 'tmg.m3u8?stream=fox-sports-2&token=' + tok
]]></expres>
<page>http://ustreamyx.com//stream.php?id=fox-sports-2</page>
<agent>Mozilla/5.0 (X11; Linux i686; rv:44.0) Gecko/20100101 Firefox/44.0 Iceweasel/44.0</agent>
<cookieJar></cookieJar>
</regex>
</item>
</items>


<item>
<title> [COLOR turquoise]UK:BT SPORTS 1 s1[/COLOR] </title>
<thumbnail></thumbnail>
<info>Enable Live TV Parse dari addon setting sekiranya tiada channel </info>
<link>$doregex[getUrl]|User-Agent=iPad</link>
<regex>
<name>getUrl</name>
<expres><![CDATA[#$pyFunction
import re, requests
def GetLSProData(page_data,Cookie_Jar,m,):
  first_ip = re.findall("x_first_ip.+?'(.*?)'", page_data)[0]
  first_c = re.findall("x_first_c.+?'(.*?)'", page_data)[0]
  ket2 = re.findall("ket2.+?'(.*?)'", page_data)[0]
  first_ua = re.findall("x_first_ua.+?'(.*?)'", page_data)[0]
  preurl = 'http://tmg.ustreamix.com/'   # here is the server url which changed most of time
  url = preurl + 'stats.php?p=' + first_ip + '&C=' + first_c + '&Ket=' + ket2
  source = requests.get(url, headers = {'Referer': 'http://ustreamyx.com//stream.php?id=bt-sport-1', 'User-Agent': first_ua, 'Accept': '*/*'}).text
  tok = re.findall('var jdtk="(.*?)"', source)[0]
  return preurl + 'tmg.m3u8?stream=bt-sport-1&token=' + tok
]]></expres>
<page>http://ustreamyx.com//stream.php?id=bt-sport-1</page>
<agent>Mozilla/5.0 (X11; Linux i686; rv:44.0) Gecko/20100101 Firefox/44.0 Iceweasel/44.0</agent>
<cookieJar></cookieJar>
</regex>
</item>
</items>

<item>
<title> [COLOR turquoise]UK:BT SPORTS 1 S2[/COLOR] </title>
<thumbnail></thumbnail>
<info>Enable Live TV Parse dari addon setting sekiranya tiada channel </info>
<link>$doregex[getUrl]|User-Agent=iPad</link>
<regex>
<name>getUrl</name>
<expres><![CDATA[#$pyFunction
import re, requests
def GetLSProData(page_data,Cookie_Jar,m,):
  first_ip = re.findall("x_first_ip.+?'(.*?)'", page_data)[0]
  first_c = re.findall("x_first_c.+?'(.*?)'", page_data)[0]
  ket2 = re.findall("ket2.+?'(.*?)'", page_data)[0]
  first_ua = re.findall("x_first_ua.+?'(.*?)'", page_data)[0]
  preurl = 'http://tmg.ustreamix.com/'   # here is the server url which changed most of time
  url = preurl + 'stats.php?p=' + first_ip + '&C=' + first_c + '&Ket=' + ket2
  source = requests.get(url, headers = {'Referer': 'http://ustreamyx.com//stream.php?id=bt-sport-1-v2', 'User-Agent': first_ua, 'Accept': '*/*'}).text
  tok = re.findall('var jdtk="(.*?)"', source)[0]
  return preurl + 'tmg.m3u8?stream=bt-sport-1-v2&token=' + tok
]]></expres>
<page>http://ustreamyx.com//stream.php?id=bt-sport-1-v2</page>
<agent>Mozilla/5.0 (X11; Linux i686; rv:44.0) Gecko/20100101 Firefox/44.0 Iceweasel/44.0</agent>
<cookieJar></cookieJar>
</regex>
</item>
</items>

<item>
<title> [COLOR turquoise]UK:BT SPORTS 2[/COLOR] </title>
<thumbnail></thumbnail>
<info>Enable Live TV Parse dari addon setting sekiranya tiada channel </info>
<link>$doregex[getUrl]|User-Agent=iPad</link>
<regex>
<name>getUrl</name>
<expres><![CDATA[#$pyFunction
import re, requests
def GetLSProData(page_data,Cookie_Jar,m,):
  first_ip = re.findall("x_first_ip.+?'(.*?)'", page_data)[0]
  first_c = re.findall("x_first_c.+?'(.*?)'", page_data)[0]
  ket2 = re.findall("ket2.+?'(.*?)'", page_data)[0]
  first_ua = re.findall("x_first_ua.+?'(.*?)'", page_data)[0]
  preurl = 'http://tmg.ustreamix.com/'   # here is the server url which changed most of time
  url = preurl + 'stats.php?p=' + first_ip + '&C=' + first_c + '&Ket=' + ket2
  source = requests.get(url, headers = {'Referer': 'http://ustreamyx.com//stream.php?id=bt-sport-2', 'User-Agent': first_ua, 'Accept': '*/*'}).text
  tok = re.findall('var jdtk="(.*?)"', source)[0]
  return preurl + 'tmg.m3u8?stream=bt-sport-2&token=' + tok
]]></expres>
<page>http://ustreamyx.com//stream.php?id=bt-sport-2</page>
<agent>Mozilla/5.0 (X11; Linux i686; rv:44.0) Gecko/20100101 Firefox/44.0 Iceweasel/44.0</agent>
<cookieJar></cookieJar>
</regex>
</item>
</items>


<item>
<title> [COLOR turquoise]UK:SKY SPORTS 1[/COLOR] </title>
<thumbnail></thumbnail>
<info>Enable Live TV Parse dari addon setting sekiranya tiada channel </info>
<link>$doregex[getUrl]|User-Agent=iPad</link>
<regex>
<name>getUrl</name>
<expres><![CDATA[#$pyFunction
import re, requests
def GetLSProData(page_data,Cookie_Jar,m,):
  first_ip = re.findall("x_first_ip.+?'(.*?)'", page_data)[0]
  first_c = re.findall("x_first_c.+?'(.*?)'", page_data)[0]
  ket2 = re.findall("ket2.+?'(.*?)'", page_data)[0]
  first_ua = re.findall("x_first_ua.+?'(.*?)'", page_data)[0]
  preurl = 'http://tmg.ustreamix.com/'   # here is the server url which changed most of time
  url = preurl + 'stats.php?p=' + first_ip + '&C=' + first_c + '&Ket=' + ket2
  source = requests.get(url, headers = {'Referer': 'http://ustreamyx.com//stream.php?id=sky-sports-1', 'User-Agent': first_ua, 'Accept': '*/*'}).text
  tok = re.findall('var jdtk="(.*?)"', source)[0]
  return preurl + 'tmg.m3u8?stream=sky-sports-1&token=' + tok
]]></expres>
<page>http://ustreamyx.com//stream.php?id=sky-sports-1</page>
<agent>Mozilla/5.0 (X11; Linux i686; rv:44.0) Gecko/20100101 Firefox/44.0 Iceweasel/44.0</agent>
<cookieJar></cookieJar>
</regex>
</item>
</items>


<item>
<title> [COLOR turquoise]UK:SKY SPORTS 2[/COLOR] </title>
<thumbnail></thumbnail>
<info>Enable Live TV Parse dari addon setting sekiranya tiada channel </info>
<link>$doregex[getUrl]|User-Agent=iPad</link>
<regex>
<name>getUrl</name>
<expres><![CDATA[#$pyFunction
import re, requests
def GetLSProData(page_data,Cookie_Jar,m,):
  first_ip = re.findall("x_first_ip.+?'(.*?)'", page_data)[0]
  first_c = re.findall("x_first_c.+?'(.*?)'", page_data)[0]
  ket2 = re.findall("ket2.+?'(.*?)'", page_data)[0]
  first_ua = re.findall("x_first_ua.+?'(.*?)'", page_data)[0]
  preurl = 'http://tmg.ustreamix.com/'   # here is the server url which changed most of time
  url = preurl + 'stats.php?p=' + first_ip + '&C=' + first_c + '&Ket=' + ket2
  source = requests.get(url, headers = {'Referer': 'http://ustreamyx.com//stream.php?id=sky-sports-2-b', 'User-Agent': first_ua, 'Accept': '*/*'}).text
  tok = re.findall('var jdtk="(.*?)"', source)[0]
  return preurl + 'tmg.m3u8?stream=sky-sports-2-b&token=' + tok
]]></expres>
<page>http://ustreamyx.com//stream.php?id=sky-sports-2-b</page>
<agent>Mozilla/5.0 (X11; Linux i686; rv:44.0) Gecko/20100101 Firefox/44.0 Iceweasel/44.0</agent>
<cookieJar></cookieJar>
</regex>
</item>
</items>


<item>
<title> [COLOR turquoise]UK:SKY SPORTS F1[/COLOR] </title>
<thumbnail></thumbnail>
<info>Enable Live TV Parse dari addon setting sekiranya tiada channel </info>
<link>$doregex[getUrl]|User-Agent=iPad</link>
<regex>
<name>getUrl</name>
<expres><![CDATA[#$pyFunction
import re, requests
def GetLSProData(page_data,Cookie_Jar,m,):
  first_ip = re.findall("x_first_ip.+?'(.*?)'", page_data)[0]
  first_c = re.findall("x_first_c.+?'(.*?)'", page_data)[0]
  ket2 = re.findall("ket2.+?'(.*?)'", page_data)[0]
  first_ua = re.findall("x_first_ua.+?'(.*?)'", page_data)[0]
  preurl = 'http://tmg.ustreamix.com/'   # here is the server url which changed most of time
  url = preurl + 'stats.php?p=' + first_ip + '&C=' + first_c + '&Ket=' + ket2
  source = requests.get(url, headers = {'Referer': 'http://ustreamyx.com//stream.php?id=sky-sports-f1', 'User-Agent': first_ua, 'Accept': '*/*'}).text
  tok = re.findall('var jdtk="(.*?)"', source)[0]
  return preurl + 'tmg.m3u8?stream=sky-sports-f1&token=' + tok
]]></expres>
<page>http://ustreamyx.com//stream.php?id=sky-sports-f1</page>
<agent>Mozilla/5.0 (X11; Linux i686; rv:44.0) Gecko/20100101 Firefox/44.0 Iceweasel/44.0</agent>
<cookieJar></cookieJar>
</regex>
</item>
</items>

<item>
<title> [COLOR turquoise]ESPN USA[/COLOR] </title>
<thumbnail></thumbnail>
<info>Enable Live TV Parse dari addon setting sekiranya tiada channel </info>
<link>$doregex[getUrl]|User-Agent=iPad</link>
<regex>
<name>getUrl</name>
<expres><![CDATA[#$pyFunction
import re, requests
def GetLSProData(page_data,Cookie_Jar,m,):
  first_ip = re.findall("x_first_ip.+?'(.*?)'", page_data)[0]
  first_c = re.findall("x_first_c.+?'(.*?)'", page_data)[0]
  ket2 = re.findall("ket2.+?'(.*?)'", page_data)[0]
  first_ua = re.findall("x_first_ua.+?'(.*?)'", page_data)[0]
  preurl = 'http://tmg.ustreamix.com/'   # here is the server url which changed most of time
  url = preurl + 'stats.php?p=' + first_ip + '&C=' + first_c + '&Ket=' + ket2
  source = requests.get(url, headers = {'Referer': 'http://ustreamyx.com//stream.php?id=espn', 'User-Agent': first_ua, 'Accept': '*/*'}).text
  tok = re.findall('var jdtk="(.*?)"', source)[0]
  return preurl + 'tmg.m3u8?stream=espn&token=' + tok
]]></expres>
<page>http://ustreamyx.com//stream.php?id=espn</page>
<agent>Mozilla/5.0 (X11; Linux i686; rv:44.0) Gecko/20100101 Firefox/44.0 Iceweasel/44.0</agent>
<cookieJar></cookieJar>
</regex>
</item>
</items>


<item>
<title> [COLOR turquoise]PT:SPORTS TV1[/COLOR] </title>
<thumbnail></thumbnail>
<info>Enable Live TV Parse dari addon setting sekiranya tiada channel </info>
<link>$doregex[getUrl]|User-Agent=iPad</link>
<regex>
<name>getUrl</name>
<expres><![CDATA[#$pyFunction
import re, requests
def GetLSProData(page_data,Cookie_Jar,m,):
  first_ip = re.findall("x_first_ip.+?'(.*?)'", page_data)[0]
  first_c = re.findall("x_first_c.+?'(.*?)'", page_data)[0]
  ket2 = re.findall("ket2.+?'(.*?)'", page_data)[0]
  first_ua = re.findall("x_first_ua.+?'(.*?)'", page_data)[0]
  preurl = 'http://tmg.ustreamix.com/'   # here is the server url which changed most of time
  url = preurl + 'stats.php?p=' + first_ip + '&C=' + first_c + '&Ket=' + ket2
  source = requests.get(url, headers = {'Referer': 'http://ustreamyx.com//stream.php?id=sport-tv-1-pt', 'User-Agent': first_ua, 'Accept': '*/*'}).text
  tok = re.findall('var jdtk="(.*?)"', source)[0]
  return preurl + 'tmg.m3u8?stream=sport-tv-1-pt&token=' + tok
]]></expres>
<page>http://ustreamyx.com//stream.php?id=sport-tv-1-pt</page>
<agent>Mozilla/5.0 (X11; Linux i686; rv:44.0) Gecko/20100101 Firefox/44.0 Iceweasel/44.0</agent>
<cookieJar></cookieJar>
</regex>
</item>
</items>

<item>
<title> [COLOR turquoise]PT:SPORTS TV3[/COLOR] </title>
<thumbnail></thumbnail>
<info>Enable Live TV Parse dari addon setting sekiranya tiada channel </info>
<link>$doregex[getUrl]|User-Agent=iPad</link>
<regex>
<name>getUrl</name>
<expres><![CDATA[#$pyFunction
import re, requests
def GetLSProData(page_data,Cookie_Jar,m,):
  first_ip = re.findall("x_first_ip.+?'(.*?)'", page_data)[0]
  first_c = re.findall("x_first_c.+?'(.*?)'", page_data)[0]
  ket2 = re.findall("ket2.+?'(.*?)'", page_data)[0]
  first_ua = re.findall("x_first_ua.+?'(.*?)'", page_data)[0]
  preurl = 'http://tmg.ustreamix.com/'   # here is the server url which changed most of time
  url = preurl + 'stats.php?p=' + first_ip + '&C=' + first_c + '&Ket=' + ket2
  source = requests.get(url, headers = {'Referer': 'http://ustreamyx.com//stream.php?id=sport-tv-3-pt', 'User-Agent': first_ua, 'Accept': '*/*'}).text
  tok = re.findall('var jdtk="(.*?)"', source)[0]
  return preurl + 'tmg.m3u8?stream=sport-tv-3-pt&token=' + tok
]]></expres>
<page>http://ustreamyx.com//stream.php?id=sport-tv-3-pt</page>
<agent>Mozilla/5.0 (X11; Linux i686; rv:44.0) Gecko/20100101 Firefox/44.0 Iceweasel/44.0</agent>
<cookieJar></cookieJar>
</regex>
</item>
</items>

<item>
<title> [COLOR turquoise]Premiere sport[/COLOR] </title>
<thumbnail></thumbnail>
<info>Enable Live TV Parse dari addon setting sekiranya tiada channel </info>
<link>$doregex[getUrl]|User-Agent=iPad</link>
<regex>
<name>getUrl</name>
<expres><![CDATA[#$pyFunction
import re, requests
def GetLSProData(page_data,Cookie_Jar,m,):
  first_ip = re.findall("x_first_ip.+?'(.*?)'", page_data)[0]
  first_c = re.findall("x_first_c.+?'(.*?)'", page_data)[0]
  ket2 = re.findall("ket2.+?'(.*?)'", page_data)[0]
  first_ua = re.findall("x_first_ua.+?'(.*?)'", page_data)[0]
  preurl = 'http://tmg.ustreamix.com/'   # here is the server url which changed most of time
  url = preurl + 'stats.php?p=' + first_ip + '&C=' + first_c + '&Ket=' + ket2
  source = requests.get(url, headers = {'Referer': 'http://ustreamyx.com//stream.php?id=premier-sports', 'User-Agent': first_ua, 'Accept': '*/*'}).text
  tok = re.findall('var jdtk="(.*?)"', source)[0]
  return preurl + 'tmg.m3u8?stream=premier-sports&token=' + tok
]]></expres>
<page>http://ustreamyx.com//stream.php?id=premier-sports</page>
<agent>Mozilla/5.0 (X11; Linux i686; rv:44.0) Gecko/20100101 Firefox/44.0 Iceweasel/44.0</agent>
<cookieJar></cookieJar>
</regex>
</item>
</items>


<item>
<title> [COLOR turquoise]Tennis Channel[/COLOR] </title>
<thumbnail>https://lh4.ggpht.com/XK0qVU4hD1oirqZMJHPbiTwgIWr2dEN2s0zRFHd0cMCbLOXvx6BCb6RTWicKGDa-6w=w300</thumbnail>
<info>Enable Live TV Parse dari addon setting sekiranya tiada channel </info>
<link>$doregex[getUrl]|User-Agent=iPad</link>
<regex>
<name>getUrl</name>
<expres><![CDATA[#$pyFunction
import re, requests
def GetLSProData(page_data,Cookie_Jar,m,):
  first_ip = re.findall("x_first_ip.+?'(.*?)'", page_data)[0]
  first_c = re.findall("x_first_c.+?'(.*?)'", page_data)[0]
  ket2 = re.findall("ket2.+?'(.*?)'", page_data)[0]
  first_ua = re.findall("x_first_ua.+?'(.*?)'", page_data)[0]
  preurl = 'http://tmg.ustreamix.com/'   # here is the server url which changed most of time
  url = preurl + 'stats.php?p=' + first_ip + '&C=' + first_c + '&Ket=' + ket2
  source = requests.get(url, headers = {'Referer': 'http://ustreamyx.com//stream.php?id=tennis-channel', 'User-Agent': first_ua, 'Accept': '*/*'}).text
  tok = re.findall('var jdtk="(.*?)"', source)[0]
  return preurl + 'tmg.m3u8?stream=tennis-channel&token=' + tok
]]></expres>
<page>http://ustreamyx.com//stream.php?id=tennis-channel</page>
<agent>Mozilla/5.0 (X11; Linux i686; rv:44.0) Gecko/20100101 Firefox/44.0 Iceweasel/44.0</agent>
<cookieJar></cookieJar>
</regex>
</item>
</items>

<item>
<title> [COLOR turquoise]Sport Arena[/COLOR]</title>
<link>$doregex[makelist]</link>
<thumbnail>https://i2.wp.com/observergm.com/wp-content/uploads/2016/12/sport.png?fit=620%2C324&ssl=1</thumbnail>
<fanart>http://repo.streamlive.to/plugin.video.streamlive.to/fanart.jpg</fanart>
<info>Siaran Live TV Sport daripada luar negara</info>
<genre>Live TV</genre>
<regex>
<name>makelist</name>
<listrepeat><![CDATA[
    <title>[COLOR cyan][makelist.param1] [makelist.param2][/COLOR][COLOR Yellow][makelist.param4][/COLOR] [makelist.param5]</title>
    <link>plugin://program.plexus/?mode=1&amp;url=[makelist.param6]&amp;name=Link[makelist.param5]</link>
	<thumbnail>http://avezy.tk/[makelist.param3]</thumbnail>
]]></listrepeat>
<expres><![CDATA[(?s)<tr.*?row.*?center'>(.*?)<.*?>(.*?)<.*?img src="(.*?)".*?title='(.*?)'.*?br>(.*?)<.*?//(.*?)"]]></expres>
<page>http://avezy.tk/</page>
</regex>
</item>


<item>
<title> [COLOR turquoise]FOX TV USA[/COLOR] </title>
<thumbnail></thumbnail>
<info>Enable Live TV Parse dari addon setting sekiranya tiada channel </info>
<link>$doregex[getUrl]|User-Agent=iPad</link>
<regex>
<name>getUrl</name>
<expres><![CDATA[#$pyFunction
import re, requests
def GetLSProData(page_data,Cookie_Jar,m,):
  first_ip = re.findall("x_first_ip.+?'(.*?)'", page_data)[0]
  first_c = re.findall("x_first_c.+?'(.*?)'", page_data)[0]
  ket2 = re.findall("ket2.+?'(.*?)'", page_data)[0]
  first_ua = re.findall("x_first_ua.+?'(.*?)'", page_data)[0]
  preurl = 'http://tmg.ustreamix.com/'   # here is the server url which changed most of time
  url = preurl + 'stats.php?p=' + first_ip + '&C=' + first_c + '&Ket=' + ket2
  source = requests.get(url, headers = {'Referer': 'http://ustreamyx.com//stream.php?id=fox-tv-usa', 'User-Agent': first_ua, 'Accept': '*/*'}).text
  tok = re.findall('var jdtk="(.*?)"', source)[0]
  return preurl + 'tmg.m3u8?stream=fox-tv-usa&token=' + tok
]]></expres>
<page>http://ustreamyx.com//stream.php?id=fox-tv-usa</page>
<agent>Mozilla/5.0 (X11; Linux i686; rv:44.0) Gecko/20100101 Firefox/44.0 Iceweasel/44.0</agent>
<cookieJar></cookieJar>
</regex>
</item>
</items>

<item>
<title> [COLOR turquoise]Disney Channel[/COLOR] </title>
<thumbnail>https://astrocontent.s3.amazonaws.com/Images/ChannelLogo/Pos/615_300.png</thumbnail>
<info>Enable Live TV Parse dari addon setting sekiranya tiada channel </info>
<link>$doregex[getUrl]|User-Agent=iPad</link>
<regex>
<name>getUrl</name>
<expres><![CDATA[#$pyFunction
import re, requests
def GetLSProData(page_data,Cookie_Jar,m,):
  first_ip = re.findall("x_first_ip.+?'(.*?)'", page_data)[0]
  first_c = re.findall("x_first_c.+?'(.*?)'", page_data)[0]
  ket2 = re.findall("ket2.+?'(.*?)'", page_data)[0]
  first_ua = re.findall("x_first_ua.+?'(.*?)'", page_data)[0]
  preurl = 'http://tmg.ustreamix.com/'   # here is the server url which changed most of time
  url = preurl + 'stats.php?p=' + first_ip + '&C=' + first_c + '&Ket=' + ket2
  source = requests.get(url, headers = {'Referer': 'http://ustreamyx.com//stream.php?id=disney-channel', 'User-Agent': first_ua, 'Accept': '*/*'}).text
  tok = re.findall('var jdtk="(.*?)"', source)[0]
  return preurl + 'tmg.m3u8?stream=disney-channel&token=' + tok
]]></expres>
<page>http://ustreamyx.com//stream.php?id=disney-channel</page>
<agent>Mozilla/5.0 (X11; Linux i686; rv:44.0) Gecko/20100101 Firefox/44.0 Iceweasel/44.0</agent>
<cookieJar></cookieJar>
</regex>
</item>
</items>


<item>
<title> [COLOR turquoise]FX HD[/COLOR] </title>
<thumbnail>https://astrocontent.s3.amazonaws.com/Images/ChannelLogo/Pos/726_300.png</thumbnail>
<info>Enable Live TV Parse dari addon setting sekiranya tiada channel </info>
<link>$doregex[getUrl]|User-Agent=iPad</link>
<regex>
<name>getUrl</name>
<expres><![CDATA[#$pyFunction
import re, requests
def GetLSProData(page_data,Cookie_Jar,m,):
  first_ip = re.findall("x_first_ip.+?'(.*?)'", page_data)[0]
  first_c = re.findall("x_first_c.+?'(.*?)'", page_data)[0]
  ket2 = re.findall("ket2.+?'(.*?)'", page_data)[0]
  first_ua = re.findall("x_first_ua.+?'(.*?)'", page_data)[0]
  preurl = 'http://tmg.ustreamix.com/'   # here is the server url which changed most of time
  url = preurl + 'stats.php?p=' + first_ip + '&C=' + first_c + '&Ket=' + ket2
  source = requests.get(url, headers = {'Referer': 'http://ustreamyx.com//stream.php?id=fx-usa', 'User-Agent': first_ua, 'Accept': '*/*'}).text
  tok = re.findall('var jdtk="(.*?)"', source)[0]
  return preurl + 'tmg.m3u8?stream=fx-usa&token=' + tok
]]></expres>
<page>http://ustreamyx.com//stream.php?id=fx-usa</page>
<agent>Mozilla/5.0 (X11; Linux i686; rv:44.0) Gecko/20100101 Firefox/44.0 Iceweasel/44.0</agent>
<cookieJar></cookieJar>
</regex>
</item>
</items>

<item>
<title> [COLOR turquoise]Spike TV USA[/COLOR] </title>
<thumbnail>https://spike.mtvnimages.com/images/missing_image2.jpg</thumbnail>
<info>Enable Live TV Parse dari addon setting sekiranya tiada channel </info>
<link>$doregex[getUrl]|User-Agent=iPad</link>
<regex>
<name>getUrl</name>
<expres><![CDATA[#$pyFunction
import re, requests
def GetLSProData(page_data,Cookie_Jar,m,):
  first_ip = re.findall("x_first_ip.+?'(.*?)'", page_data)[0]
  first_c = re.findall("x_first_c.+?'(.*?)'", page_data)[0]
  ket2 = re.findall("ket2.+?'(.*?)'", page_data)[0]
  first_ua = re.findall("x_first_ua.+?'(.*?)'", page_data)[0]
  preurl = 'http://tmg.ustreamix.com/'   # here is the server url which changed most of time
  url = preurl + 'stats.php?p=' + first_ip + '&C=' + first_c + '&Ket=' + ket2
  source = requests.get(url, headers = {'Referer': 'http://ustreamyx.com//stream.php?id=spike-tv-usa', 'User-Agent': first_ua, 'Accept': '*/*'}).text
  tok = re.findall('var jdtk="(.*?)"', source)[0]
  return preurl + 'tmg.m3u8?stream=spike-tv-usa&token=' + tok
]]></expres>
<page>http://ustreamyx.com//stream.php?id=spike-tv-usa</page>
<agent>Mozilla/5.0 (X11; Linux i686; rv:44.0) Gecko/20100101 Firefox/44.0 Iceweasel/44.0</agent>
<cookieJar></cookieJar>
</regex>
</item>
</items>

<item>
<title> [COLOR turquoise]Bravo USA[/COLOR] </title>
<thumbnail>http://www.bravotv.com/sites/nbcubravotv/themes/custom/bravotv/logo.png</thumbnail>
<info>Enable Live TV Parse dari addon setting sekiranya tiada channel </info>
<link>$doregex[getUrl]|User-Agent=iPad</link>
<regex>
<name>getUrl</name>
<expres><![CDATA[#$pyFunction
import re, requests
def GetLSProData(page_data,Cookie_Jar,m,):
  first_ip = re.findall("x_first_ip.+?'(.*?)'", page_data)[0]
  first_c = re.findall("x_first_c.+?'(.*?)'", page_data)[0]
  ket2 = re.findall("ket2.+?'(.*?)'", page_data)[0]
  first_ua = re.findall("x_first_ua.+?'(.*?)'", page_data)[0]
  preurl = 'http://tmg.ustreamix.com/'   # here is the server url which changed most of time
  url = preurl + 'stats.php?p=' + first_ip + '&C=' + first_c + '&Ket=' + ket2
  source = requests.get(url, headers = {'Referer': 'http://ustreamyx.com//stream.php?id=bravo-tv', 'User-Agent': first_ua, 'Accept': '*/*'}).text
  tok = re.findall('var jdtk="(.*?)"', source)[0]
  return preurl + 'tmg.m3u8?stream=bravo-tv&token=' + tok
]]></expres>
<page>http://ustreamyx.com//stream.php?id=bravo-tv</page>
<agent>Mozilla/5.0 (X11; Linux i686; rv:44.0) Gecko/20100101 Firefox/44.0 Iceweasel/44.0</agent>
<cookieJar></cookieJar>
</regex>
</item>
</items>

<item>
<title> [COLOR turquoise]Syfy[/COLOR] </title>
<thumbnail>http://www.syfy.com/sites/syfy/files/tve_auth2/Syfylogo.png</thumbnail>
<info>Enable Live TV Parse dari addon setting sekiranya tiada channel </info>
<link>$doregex[getUrl]|User-Agent=iPad</link>
<regex>
<name>getUrl</name>
<expres><![CDATA[#$pyFunction
import re, requests
def GetLSProData(page_data,Cookie_Jar,m,):
  first_ip = re.findall("x_first_ip.+?'(.*?)'", page_data)[0]
  first_c = re.findall("x_first_c.+?'(.*?)'", page_data)[0]
  ket2 = re.findall("ket2.+?'(.*?)'", page_data)[0]
  first_ua = re.findall("x_first_ua.+?'(.*?)'", page_data)[0]
  preurl = 'http://tmg.ustreamix.com/'   # here is the server url which changed most of time
  url = preurl + 'stats.php?p=' + first_ip + '&C=' + first_c + '&Ket=' + ket2
  source = requests.get(url, headers = {'Referer': 'http://ustreamyx.com//stream.php?id=syfy', 'User-Agent': first_ua, 'Accept': '*/*'}).text
  tok = re.findall('var jdtk="(.*?)"', source)[0]
  return preurl + 'tmg.m3u8?stream=syfy&token=' + tok
]]></expres>
<page>http://ustreamyx.com//stream.php?id=syfy</page>
<agent>Mozilla/5.0 (X11; Linux i686; rv:44.0) Gecko/20100101 Firefox/44.0 Iceweasel/44.0</agent>
<cookieJar></cookieJar>
</regex>
</item>
</items>

<item>
<title> [COLOR turquoise]HBO Comedy[/COLOR] </title>
<thumbnail>http://cdn.hbowatch.com/wp-content/uploads/2014/10/HBOComedy2.jpg</thumbnail>
<info>Enable Live TV Parse dari addon setting sekiranya tiada channel </info>
<link>$doregex[getUrl]|User-Agent=iPad</link>
<regex>
<name>getUrl</name>
<expres><![CDATA[#$pyFunction
import re, requests
def GetLSProData(page_data,Cookie_Jar,m,):
  first_ip = re.findall("x_first_ip.+?'(.*?)'", page_data)[0]
  first_c = re.findall("x_first_c.+?'(.*?)'", page_data)[0]
  ket2 = re.findall("ket2.+?'(.*?)'", page_data)[0]
  first_ua = re.findall("x_first_ua.+?'(.*?)'", page_data)[0]
  preurl = 'http://tmg.ustreamix.com/'   # here is the server url which changed most of time
  url = preurl + 'stats.php?p=' + first_ip + '&C=' + first_c + '&Ket=' + ket2
  source = requests.get(url, headers = {'Referer': 'http://ustreamyx.com//stream.php?id=hbo-comedy', 'User-Agent': first_ua, 'Accept': '*/*'}).text
  tok = re.findall('var jdtk="(.*?)"', source)[0]
  return preurl + 'tmg.m3u8?stream=hbo-comedy&token=' + tok
]]></expres>
<page>http://ustreamyx.com//stream.php?id=hbo-comedy</page>
<agent>Mozilla/5.0 (X11; Linux i686; rv:44.0) Gecko/20100101 Firefox/44.0 Iceweasel/44.0</agent>
<cookieJar></cookieJar>
</regex>
</item>
</items>

<item>
<title> [COLOR turquoise]National Geographic[/COLOR] </title>
<thumbnail>https://cdn.mytheatreland.com/images/show/23955_show_portrait_large.jpg</thumbnail>
<info>Enable Live TV Parse dari addon setting sekiranya tiada channel </info>
<link>$doregex[getUrl]|User-Agent=iPad</link>
<regex>
<name>getUrl</name>
<expres><![CDATA[#$pyFunction
import re, requests
def GetLSProData(page_data,Cookie_Jar,m,):
  first_ip = re.findall("x_first_ip.+?'(.*?)'", page_data)[0]
  first_c = re.findall("x_first_c.+?'(.*?)'", page_data)[0]
  ket2 = re.findall("ket2.+?'(.*?)'", page_data)[0]
  first_ua = re.findall("x_first_ua.+?'(.*?)'", page_data)[0]
  preurl = 'http://tmg.ustreamix.com/'   # here is the server url which changed most of time
  url = preurl + 'stats.php?p=' + first_ip + '&C=' + first_c + '&Ket=' + ket2
  source = requests.get(url, headers = {'Referer': 'http://ustreamyx.com//stream.php?id=national-geographic', 'User-Agent': first_ua, 'Accept': '*/*'}).text
  tok = re.findall('var jdtk="(.*?)"', source)[0]
  return preurl + 'tmg.m3u8?stream=national-geographic&token=' + tok
]]></expres>
<page>http://ustreamyx.com//stream.php?id=national-geographic</page>
<agent>Mozilla/5.0 (X11; Linux i686; rv:44.0) Gecko/20100101 Firefox/44.0 Iceweasel/44.0</agent>
<cookieJar></cookieJar>
</regex>
</item>
</items>

<item>
<title> [COLOR turquoise]History Channel[/COLOR] </title>
<thumbnail>https://upload.wikimedia.org/wikipedia/en/6/6d/The_History_Channel_logo.png</thumbnail>
<info>Enable Live TV Parse dari addon setting sekiranya tiada channel </info>
<link>$doregex[getUrl]|User-Agent=iPad</link>
<regex>
<name>getUrl</name>
<expres><![CDATA[#$pyFunction
import re, requests
def GetLSProData(page_data,Cookie_Jar,m,):
  first_ip = re.findall("x_first_ip.+?'(.*?)'", page_data)[0]
  first_c = re.findall("x_first_c.+?'(.*?)'", page_data)[0]
  ket2 = re.findall("ket2.+?'(.*?)'", page_data)[0]
  first_ua = re.findall("x_first_ua.+?'(.*?)'", page_data)[0]
  preurl = 'http://tmg.ustreamix.com/'   # here is the server url which changed most of time
  url = preurl + 'stats.php?p=' + first_ip + '&C=' + first_c + '&Ket=' + ket2
  source = requests.get(url, headers = {'Referer': 'http://ustreamyx.com//stream.php?id=history-channel', 'User-Agent': first_ua, 'Accept': '*/*'}).text
  tok = re.findall('var jdtk="(.*?)"', source)[0]
  return preurl + 'tmg.m3u8?stream=history-channel&token=' + tok
]]></expres>
<page>http://ustreamyx.com//stream.php?id=history-channel</page>
<agent>Mozilla/5.0 (X11; Linux i686; rv:44.0) Gecko/20100101 Firefox/44.0 Iceweasel/44.0</agent>
<cookieJar></cookieJar>
</regex>
</item>
</items>
