<?xml version="1.0" encoding="utf-8" standalone="yes"?>

<stream>

<item><title>[COLOR red][B]******* Cần Addon Plexus & addon SportsDevil *******[/B][/COLOR]</title><link>http://</link><thumbnail></thumbnail><item>


<item>
<title>[COLOR aquamarine][B]->> Xem Bóng đá(soccer),bóng rổ(football),tennis,đua xe...theo giờ VN: + 6 tiếng(từ tháng 11 - tháng 3 năm sau), +5 tiếng(từ tháng 4 - tháng 10)[/B][/COLOR] </title>
<SetViewMode>55</SetViewMode>
<link>$doregex[makelist3]</link>
<regex>
<name>makelist3</name>
<listrepeat><![CDATA[
<SetViewMode>55</SetViewMode>
<title>[COLOR deepskyblue][B][makelist3.param1] [/B] [COLOR skyblue][[makelist3.param2]]  [/COLOR][/COLOR]</title>
<link>$doregex[makelist2]</link>
]]></listrepeat>
<expres>categoria":"(.*?)","items":"(.*?)"</expres>
<page>https://avezy.xyz/json.php</page>
</regex>

<regex>
<name>makelist2</name>
<listrepeat><![CDATA[
<SetwatchMode>55</SetwatchMode>
<title>[COLOR lightslategray][makelist2.param2] [COLOR skyblue][makelist2.param3] [COLOR deepskyblue] [B][makelist2.param5][/B] [/COLOR][/COLOR][/COLOR]</title>
<link>$doregex[makelist]</link>
]]></listrepeat>
<expres>"id":"(.*?)","fecha":"(.*?)","hora":"(.*?)","categoria":"(.*?)","titulo":"(.*?)"</expres>
<page>https://avezy.xyz/json.php?action=listado_eventos&amp;cat=$doregex[cate]</page>
</regex>

<regex>
<name>cate</name>
<expres>$pyFunction:('[makelist3.param1]').replace(' ','+')</expres>
<page></page>
</regex>
<regex>
<name>makelist</name>
<listrepeat><![CDATA[
<SetwatchMode>55</SetwatchMode>
<title> [COLOR deepskyblue] [B][makelist2.param5][/B] [/COLOR] [I] Canal  [makelist.param1]  idioma:[makelist.param3] [/I]</title>
<link>plugin://program.plexus/?url=[makelist.param2]&amp;mode=1&amp;name=Adryanlist</link>
</item>	
]]></listrepeat>
<expres>canal":"(.+?)".*?acestream:\\\/\\\/(.*?)".*?idioma":"(.*?)"</expres>
<page>https://avezy.xyz/json.php?action=listado_canales&amp;evento=[makelist2.param1]</page>
</regex>
<thumbnail></thumbnail>
</item>
//////////////////////


<item>
<title>Sopcast:AXN</title>
<link>plugin://program.plexus/?url=sop://broker.sopcast.com:3912/149261&amp;mode=2&amp;name=AXN</link>
<thumbnail></thumbnail>
</item>
<item>
<title>Sopcast:HBO 2</title>
<link>plugin://program.plexus/?url=sop://broker.sopcast.com:3912/149259&amp;mode=2&amp;name=HBO</link>
<thumbnail></thumbnail>
</item>
<item>
<title>Sopcast:HBO 3</title>
<link>plugin://program.plexus/?url=sop://broker.sopcast.com:3912/149255&amp;mode=2&amp;name=HBO</link>
<thumbnail></thumbnail>
</item>
<item>
<title>Sopcast:Film Cafe</title>
<link>plugin://program.plexus/?url=sop://broker.sopcast.com:3912/256238&amp;mode=2&amp;name=Film</link>
<thumbnail></thumbnail>
</item>
<item>
<title>Sopcast:TV1000</title>
<link>plugin://program.plexus/?url=sop://broker.sopcast.com:3912/256337&amp;mode=2&amp;name=TV1000</link>
<thumbnail></thumbnail>
</item>
<item>
<title>Sopcast:Filmbox</title>
<link>plugin://program.plexus/?url=sop://broker.sopcast.com:3912/148981&amp;mode=2&amp;name=Filmbox</link>
<thumbnail></thumbnail>
</item>
<item>
<title>Sopcast:Fro Cinema</title>
<link>plugin://program.plexus/?url=sop://broker.sopcast.com:3912/148249&amp;mode=2&amp;name=Fro</link>
<thumbnail></thumbnail>
</item>
<item>
<title>Sopcast:DIVA UNIVERSAL</title>
<link>plugin://program.plexus/?url=sop://broker.plugin://program.plexus/?url=sopcast.com:3912/253034&amp;mode=2&amp;name=DIVA</link>
<thumbnail></thumbnail>
</item>
<item>
<title>Sopcast:PARAMOUNT</title>
<link>plugin://program.plexus/?url=sop://broker.plugin://program.plexus/?url=sopcast.com:3912/253033&amp;mode=2&amp;name=PARAMOUNT</link>
<thumbnail></thumbnail>
</item>
<item>
<title>Sopcast:Boomerang</title>
<link>plugin://program.plexus/?url=sop://broker.sopcast.com:3912/149264&amp;mode=2&amp;name=Boomerang</link>
<thumbnail></thumbnail>
</item>
<item>
<title>Sopcast:Cartoon Network</title>
<link>plugin://program.plexus/?url=sop://broker.sopcast.com:3912/148254&amp;mode=2&amp;name=Cartoon</link>
<thumbnail></thumbnail>
</item>
<item>
<title>Sopcast:DISNEY</title>
<link>plugin://program.plexus/?url=sop://broker.sopcast.com:3912/253031&amp;mode=2&amp;name=DISNEY</link>
<thumbnail></thumbnail>
</item>
<item>
<title>Sopcast:DISNEY JR</title>
<link>plugin://program.plexus/?url=sop://broker.sopcast.com:3912/256239&amp;mode=2&amp;name=DISNEY</link>
<thumbnail></thumbnail>
</item>
<item>
<title>Sopcast:MEGAMAX</title>
<link>plugin://program.plexus/?url=sop://broker.sopcast.com:3912/256328&amp;mode=2&amp;name=MEGAMAX</link>
<thumbnail></thumbnail>
</item>
<item>
<title>Sopcast:NICKELODEON</title>
<link>plugin://program.plexus/?url=sop://broker.sopcast.com:3912/253472&amp;mode=2&amp;name=NICKELODEON</link>
<thumbnail></thumbnail>
</item>
<item>
<title>Sopcast:National Geographic</title>
<link>plugin://program.plexus/?url=sop://broker.sopcast.com:3912/148248&amp;mode=2&amp;name=National</link>
<thumbnail></thumbnail>
</item>
<item>
<title>Sopcast:NatGeo Wild</title>
<link>plugin://program.plexus/?url=sop://broker.sopcast.com:3912/253037&amp;mode=2&amp;name=NatGeo</link>
<thumbnail></thumbnail>
</item>
<item>
<title>Sopcast:Discovery Channel</title>
<link>plugin://program.plexus/?url=sop://broker.sopcast.com:3912/256241&amp;mode=2&amp;name=Discovery</link>
<thumbnail></thumbnail>
</item>
<item>
<title>Sopcast:Discovery Science</title>
<link>plugin://program.plexus/?url=sop://broker.sopcast.com:3912/256243&amp;mode=2&amp;name=Discovery</link>
<thumbnail></thumbnail>
</item>
<item>
<title>Sopcast:Discovery ID</title>
<link>plugin://program.plexus/?url=sop://broker.sopcast.com:3912/256244&amp;mode=2&amp;name=Discovery</link>
<thumbnail></thumbnail>
</item>
<item>
<title>Sopcast:BBC Earth</title>
<link>plugin://program.plexus/?url=sop://broker.sopcast.com:3912/148257&amp;mode=2&amp;name=BBC</link>
<thumbnail></thumbnail>
</item>
<item>
<title>Sopcast:HISTORY</title>
<link>plugin://program.plexus/?url=sop://broker.sopcast.com:3912/253032&amp;mode=2&amp;name=HISTORY</link>
<thumbnail></thumbnail>
</item>
<item>
<title>Sopcast:VIASAT HISTORY</title>
<link>plugin://program.plexus/?url=sop://broker.sopcast.com:3912/151300&amp;mode=2&amp;name=VIASAT</link>
<thumbnail></thumbnail>
</item>
<item>
<title>Sopcast:TLC</title>
<link>plugin://program.plexus/?url=sop://broker.sopcast.com:3912/148256&amp;mode=2&amp;name=TLC</link>
<thumbnail></thumbnail>
</item>


</stream>

