<item>
<title>beIN SPORTS 1</title>
<link>plugin://plugin.video.SportsDevil/?mode=1&amp;amp;item=catcher%3dstreams%26url=http://tv.glo-star.com/live/ch.php?id=bein1&amp;name=beIN%20Sport%201</link>
<thumbnail>http://glo-star.com/Global/images//72281_1-HD.png</thumbnail>
<fanart></fanart>
</item>

<item>
<title>beIN SPORTS 2</title>
<link>plugin://plugin.video.SportsDevil/?mode=1&amp;amp;item=catcher%3dstreams%26url=http://tv.glo-star.com/live/ch.php?id=bein2&amp;name=beIN%20Sport%202</link>
<thumbnail>http://glo-star.com/Global/images//54027_2-HD.png</thumbnail>
<fanart></fanart>
</item>

<item>
<title>beIN SPORTS 3</title>
<link>plugin://plugin.video.SportsDevil/?mode=1&amp;amp;item=catcher%3dstreams%26url=http://tv.glo-star.com/live/ch.php?id=bein3&amp;name=beIN%20Sport%203</link>
<thumbnail>http://glo-star.com/Global/images//92085_3-HD.png</thumbnail>
<fanart></fanart>
</item>

<item>
<title>beIN SPORTS 4</title>
<link>plugin://plugin.video.SportsDevil/?mode=1&amp;amp;item=catcher%3dstreams%26url=http://tv.glo-star.com/live/ch.php?id=bein4&amp;name=beIN%20Sport%204</link>
<thumbnail>http://glo-star.com/Global/images//31493_4-HD.png</thumbnail>
<fanart></fanart>
</item>

<item>
<title>beIN SPORTS 5</title>
<link>plugin://plugin.video.SportsDevil/?mode=1&amp;amp;item=catcher%3dstreams%26url=http://tv.glo-star.com/live/ch.php?id=bein5&amp;name=beIN%20Sport%205</link>
<thumbnail>http://glo-star.com/Global/images//32800_5-HD.png</thumbnail>
<fanart></fanart>
</item>

<item>
<title>beIN SPORTS 6</title>
<link>plugin://plugin.video.SportsDevil/?mode=1&amp;amp;item=catcher%3dstreams%26url=http://tv.glo-star.com/live/ch.php?id=bein6&amp;name=beIN%20Sport%206</link>
<thumbnail>http://glo-star.com/Global/images//75361_6-HD.png</thumbnail>
<fanart></fanart>
</item>

<item>
<title>beIN SPORTS 7</title>
<link>plugin://plugin.video.SportsDevil/?mode=1&amp;amp;item=catcher%3dstreams%26url=http://tv.glo-star.com/live/ch.php?id=bein7&amp;name=beIN%20Sport%207</link>
<thumbnail>http://glo-star.com/Global/images//43688_7-HD.png</thumbnail>
<fanart></fanart>
</item>

<item>
<title>beIN SPORTS 8</title>
<link>plugin://plugin.video.SportsDevil/?mode=1&amp;amp;item=catcher%3dstreams%26url=http://tv.glo-star.com/live/ch.php?id=bein8&amp;name=beIN%20Sport%208</link>
<thumbnail>http://glo-star.com/Global/images//96588_8-HD.png</thumbnail>
<fanart></fanart>
</item>

<item>
<title>beIN SPORTS 9</title>
<link>plugin://plugin.video.SportsDevil/?mode=1&amp;amp;item=catcher%3dstreams%26url=http://tv.glo-star.com/live/ch.php?id=bein9&amp;name=beIN%20Sport%209</link>
<thumbnail>http://glo-star.com/Global/images//46157_9-HD.png</thumbnail>
<fanart></fanart>
</item>

<item>
<title>beIN SPORTS 10</title>
<link>plugin://plugin.video.SportsDevil/?mode=1&amp;amp;item=catcher%3dstreams%26url=http://tv.glo-star.com/live/ch.php?id=bein10&amp;name=beIN%20Sport%2010</link>
<thumbnail>http://glo-star.com/Global/images//19545_10-HD.png</thumbnail>
<fanart></fanart>
</item>

<item>
<title>beIN SPORTS 11</title>
<link>plugin://plugin.video.SportsDevil/?mode=1&amp;amp;item=catcher%3dstreams%26url=http://tv.glo-star.com/live/ch.php?id=bein11&amp;name=beIN%20Sport%2011</link>
<thumbnail>http://glo-star.com/Global/images//99596_11-HD.png</thumbnail>
<fanart></fanart>
</item>

<item>
<title>beIN SPORTS 12</title>
<link>plugin://plugin.video.SportsDevil/?mode=1&amp;amp;item=catcher%3dstreams%26url=http://tv.glo-star.com/live/ch.php?id=bein12&amp;name=beIN%20Sport%2012</link>
<thumbnail>http://glo-star.com/Global/images//9478_12-HD.png</thumbnail>
<fanart></fanart>
</item>

<item>
<title>beIN SPORTS 13</title>
<link>plugin://plugin.video.SportsDevil/?mode=1&amp;amp;item=catcher%3dstreams%26url=http://tv.glo-star.com/live/ch.php?id=bein13&amp;name=beIN%20Sport%2013</link>
<thumbnail>http://glo-star.com/Global/images//57645_13-HD.png</thumbnail>
<fanart></fanart>
</item>



<item>
<title>Sky Sports Main Event</title>
<link>plugin://plugin.video.SportsDevil/?mode=1&amp;amp;item=catcher%3dstreams%26url=http://tv.glo-star.com/live/ch.php?id=skysports1&amp;name=Sky%20Sports%20Main%20Event</link>
<thumbnail>http://glo-star.com/Global/images//6226_main.png</thumbnail>
<fanart></fanart>
</item>
<item>
<title>Sky Sports Premier League</title>
<link>plugin://plugin.video.SportsDevil/?mode=1&amp;amp;item=catcher%3dstreams%26url=http://tv.glo-star.com/live/ch.php?id=skysports5&amp;name=Sky%20Sports%20Premier%20League</link>
<thumbnail>http://glo-star.com/Global/images/thumbs/29805_download.png</thumbnail>
<fanart></fanart>
</item>
<item>
<title>Sky Sports Football</title>
<link>plugin://plugin.video.SportsDevil/?mode=1&amp;amp;item=catcher%3dstreams%26url=http://tv.glo-star.com/live/ch.php?id=skysportsfootball&amp;name=Sky Sports Football</link>
<thumbnail>http://glo-star.com/Global/images//68765_foot.png</thumbnail>
<fanart></fanart>
</item>
<item>
<title>Sky Sports Cricket</title>
<link>plugin://plugin.video.SportsDevil/?mode=1&amp;amp;item=catcher%3dstreams%26url=http://tv.glo-star.com/live/ch.php?id=skysports2&amp;name=Sky Sports Cricket</link>
<thumbnail>http://glo-star.com/Global/images//49883_777777777777.png</thumbnail>
<fanart></fanart>
</item>
<item>
<title>Sky Sports News</title>
<link>plugin://plugin.video.SportsDevil/?mode=1&amp;amp;item=catcher%3dstreams%26url=http://tv.glo-star.com/live/ch.php?id=skysportsnews&amp;name=Sky Sports News</link>
<thumbnail>http://glo-star.com/Global/images//76164_777777777777.png</thumbnail>
<fanart></fanart>
</item>
<item>
<title>Sky Sports F1</title>
<link>plugin://plugin.video.SportsDevil/?mode=1&amp;amp;item=catcher%3dstreams%26url=http://tv.glo-star.com/live/ch.php?id=skysportsf1&amp;name=Sky Sports F1</link>
<thumbnail>http://glo-star.com/Global/images//27014_777777777777.png</thumbnail>
<fanart></fanart>
</item>
<item>
<title>Sky Sports Golf</title>
<link>plugin://plugin.video.SportsDevil/?mode=1&amp;amp;item=catcher%3dstreams%26url=http://tv.glo-star.com/live/ch.php?id=skysports4&amp;name=Sky Sports Golf</link>
<thumbnail>http://glo-star.com/Global/images//75352_golf.png</thumbnail>
<fanart></fanart>
</item>
<item>
<title>Sky Sports Action</title>
<link>plugin://plugin.video.SportsDevil/?mode=1&amp;amp;item=catcher%3dstreams%26url=http://tv.glo-star.com/live/ch.php?id=skysports3&amp;name=Sky Sports Action</link>
<thumbnail>http://glo-star.com/Global/images//86107_action.png</thumbnail>
<fanart></fanart>
</item>
<item>
<title>Sky Sports Box Office</title>
<link>plugin://plugin.video.SportsDevil/?mode=1&amp;amp;item=catcher%3dstreams%26url=http://tv.glo-star.com/live/ch.php?id=skysportsboxoffice&amp;name=Sky Sports Box Office</link>
<thumbnail>http://glo-star.com/Global/images//34154_777777777777.png</thumbnail>
<fanart></fanart>
</item>

<item>
<title>SPORT TV 1</title>
<link>plugin://plugin.video.SportsDevil/?mode=1&amp;amp;item=catcher%3dstreams%26url=http://tv.glo-star.com/live/ch.php?id=sporttv1&amp;name=SPORT%20TV%201</link>
<thumbnail>http://glo-star.com/Global/images//77229_12.png</thumbnail>
<fanart></fanart>
</item>
<item>
<title>SPORT TV 2</title>
<link>plugin://plugin.video.SportsDevil/?mode=1&amp;amp;item=catcher%3dstreams%26url=http://tv.glo-star.com/live/ch.php?id=sporttv2&amp;name=SPORT%20TV%202</link>
<thumbnail>http://glo-star.com/Global/images//28491_2.png</thumbnail>
<fanart></fanart>
</item>
<item>
<title>SPORT TV 3</title>
<link>plugin://plugin.video.SportsDevil/?mode=1&amp;amp;item=catcher%3dstreams%26url=http://tv.glo-star.com/live/ch.php?id=sporttv3&amp;name=SPORT%20TV%203</link>
<thumbnail>http://glo-star.com/Global/images//45532_3.png</thumbnail>
<fanart></fanart>
</item>
<item>
<title>SPORT TV 4</title>
<link>plugin://plugin.video.SportsDevil/?mode=1&amp;amp;item=catcher%3dstreams%26url=http://tv.glo-star.com/live/ch.php?id=sporttv4&amp;name=SPORT%20TV%204</link>
<thumbnail>http://glo-star.com/Global/images//95635_4.png</thumbnail>
<fanart></fanart>
</item>
<item>
<title>SPORT TV 5</title>
<link>plugin://plugin.video.SportsDevil/?mode=1&amp;amp;item=catcher%3dstreams%26url=http://tv.glo-star.com/live/ch.php?id=sporttv5&amp;name=SPORT%20TV%205</link>
<thumbnail>http://glo-star.com/Global/images//65486_5.png</thumbnail>
<fanart></fanart>
</item>
<item>
<title>Sky Sport Bundesliga 1</title>
<link>plugin://plugin.video.SportsDevil/?mode=1&amp;amp;item=catcher%3dstreams%26url=http://tv.glo-star.com/live/ch.php?id=skysportbundesliga1&amp;name=Sky Sport Bundesliga 1</link>
<thumbnail>http://glo-star.com/Global/images//31246_303.png</thumbnail>
<fanart></fanart>
</item>
<item>
<title>Sky Sport Bundesliga 2</title>
<link>plugin://plugin.video.SportsDevil/?mode=1&amp;amp;item=catcher%3dstreams%26url=http://tv.glo-star.com/live/ch.php?id=skysportbundesliga2&amp;name=Sky Sport Bundesliga 2</link>
<thumbnail>http://glo-star.com/Global/images//74050_217.png</thumbnail>
<fanart></fanart>
</item>
<item>
<title>Sky Sport 1 Italia</title>
<link>plugin://plugin.video.SportsDevil/?mode=1&amp;amp;item=catcher%3dstreams%26url=http://tv.glo-star.com/live/ch.php?id=skysport1italia&amp;name=Sky Sport 1 Italia</link>
<thumbnail>http://tv.glo-star.com/live/main_files/sky-it-1.PNG</thumbnail>
<fanart></fanart>
</item>
<item>
<title>Sky Sport 2 Italia</title>
<link>plugin://plugin.video.SportsDevil/?mode=1&amp;amp;item=catcher%3dstreams%26url=http://tv.glo-star.com/live/ch.php?id=skysport2italia&amp;name=Sky Sport 2 Italia</link>
<thumbnail>http://tv.glo-star.com/live/main_files/sky-it-2.png</thumbnail>
<fanart></fanart>
</item>
<item>
<title>Sky Sport 3 Italia</title>
<link>plugin://plugin.video.SportsDevil/?mode=1&amp;amp;item=catcher%3dstreams%26url=http://tv.glo-star.com/live/ch.php?id=skysport3italia&amp;name=Sky Sport 2 Italia</link>
<thumbnail>http://tv.glo-star.com/live/main_files/sky-it-3.png</thumbnail>
<fanart></fanart>
</item>
<item>
<title>Sky Sport 24 Italia</title>
<link>plugin://plugin.video.SportsDevil/?mode=1&amp;amp;item=catcher%3dstreams%26url=http://tv.glo-star.com/live/ch.php?id=skysport1italia&amp;name=Sky Sport 24 Italia</link>
<thumbnail>http://tv.glo-star.com/live/main_files/sky-it-24.PNG</thumbnail>
<fanart></fanart>
</item>

<item>
<title>beIN Movies 1</title>
<link>plugin://plugin.video.SportsDevil/?mode=1&amp;amp;item=catcher%3dstreams%26url=http://tv.glo-star.com/live/ch.php?id=beinmovies1&amp;name=beIN%20Movies%201</link>
<thumbnail>http://glo-star.com/Global/images//58527_M1.png</thumbnail>
<fanart></fanart>
</item>
<item>
<title>beIN Movies 2</title>
<link>plugin://plugin.video.SportsDevil/?mode=1&amp;amp;item=catcher%3dstreams%26url=http://tv.glo-star.com/live/ch.php?id=beinmovies2&amp;name=beIN%20Movies%202</link>
<thumbnail>http://glo-star.com/Global/images//61885_m2.png</thumbnail>
<fanart></fanart>
</item>
<item>
<title>beIN Movies 3</title>
<link>plugin://plugin.video.SportsDevil/?mode=1&amp;amp;item=catcher%3dstreams%26url=http://tv.glo-star.com/live/ch.php?id=beinmovies3&amp;name=beIN%20Movies%203</link>
<thumbnail>http://glo-star.com/Global/images//77077_M3.png</thumbnail>
<fanart></fanart>
</item>

