<?xml version="1.0" encoding="UTF-8" standalone="yes"?>


<item>
<title>Live football</title>
<link>$doregex[get_sxstream]|User-Agent=iPhone</link>
<regex>
<name>get_sxstream</name>
<expres>src=.*[",'](.*m3u8.*?)[",']</expres>
<page>http://www.liveonlinetv247.info/embed/livefootball.php</page>
<referer>http://www.liveonlinetv247.info/</referer>
<agent>Mozilla/5.0 (Windows NT 10.0; WOW64) AppleWebKit/537.36 (KHTML, like Gecko) Chrome/48.0.2564.116 Safari/537.36</agent>
</regex>
</item>

<item>
<title>Sky Sport 1</title>
<link>$doregex[get_sxstream]|User-Agent=iPhone</link>
<regex>
<name>get_sxstream</name>
<expres>src=.*[",'](.*m3u8.*?)[",']</expres>
<page>http://www.liveonlinetv247.info/embed/skysports1.php</page>
<referer>http://www.liveonlinetv247.info/</referer>
<agent>Mozilla/5.0 (Windows NT 10.0; WOW64) AppleWebKit/537.36 (KHTML, like Gecko) Chrome/48.0.2564.116 Safari/537.36</agent>
</regex>
</item>

<item>
<title>Sky Sport 2</title>
<link>$doregex[get_sxstream]|User-Agent=iPhone</link>
<regex>
<name>get_sxstream</name>
<expres>src=.*[",'](.*m3u8.*?)[",']</expres>
<page>http://www.liveonlinetv247.info/embed/skysports2.php</page>
<referer>http://www.liveonlinetv247.info/</referer>
<agent>Mozilla/5.0 (Windows NT 10.0; WOW64) AppleWebKit/537.36 (KHTML, like Gecko) Chrome/48.0.2564.116 Safari/537.36</agent>
</regex>
</item>

<item>
<title>Sky Sport 3</title>
<link>$doregex[get_sxstream]|User-Agent=iPhone</link>
<regex>
<name>get_sxstream</name>
<expres>src=.*[",'](.*m3u8.*?)[",']</expres>
<page>http://www.liveonlinetv247.info/embed/skysports3.php</page>
<referer>http://www.liveonlinetv247.info/</referer>
<agent>Mozilla/5.0 (Windows NT 10.0; WOW64) AppleWebKit/537.36 (KHTML, like Gecko) Chrome/48.0.2564.116 Safari/537.36</agent>
</regex>
</item>

<item>
<title>Sky Sport 4</title>
<link>$doregex[get_sxstream]|User-Agent=iPhone</link>
<regex>
<name>get_sxstream</name>
<expres>src=.*[",'](.*m3u8.*?)[",']</expres>
<page>http://www.liveonlinetv247.info/embed/skysports4.php</page>
<referer>http://www.liveonlinetv247.info/</referer>
<agent>Mozilla/5.0 (Windows NT 10.0; WOW64) AppleWebKit/537.36 (KHTML, like Gecko) Chrome/48.0.2564.116 Safari/537.36</agent>
</regex>
</item>

<item>
<title>Sky Sport 5</title>
<link>$doregex[get_sxstream]|User-Agent=iPhone</link>
<regex>
<name>get_sxstream</name>
<expres>src=.*[",'](.*m3u8.*?)[",']</expres>
<page>http://www.liveonlinetv247.info/embed/skysports5.php</page>
<referer>http://www.liveonlinetv247.info/</referer>
<agent>Mozilla/5.0 (Windows NT 10.0; WOW64) AppleWebKit/537.36 (KHTML, like Gecko) Chrome/48.0.2564.116 Safari/537.36</agent>
</regex>
</item>

<item>
<title>Sky Sport F1 HD</title>
<link>$doregex[get_sxstream]|User-Agent=iPhone</link>
<regex>
<name>get_sxstream</name>
<expres>src=.*[",'](.*m3u8.*?)[",']</expres>
<page>http://www.liveonlinetv247.info/embed/skysportsf1.php</page>
<referer>http://www.liveonlinetv247.info/</referer>
<agent>Mozilla/5.0 (Windows NT 10.0; WOW64) AppleWebKit/537.36 (KHTML, like Gecko) Chrome/48.0.2564.116 Safari/537.36</agent>
</regex>
</item>

<item>
<title>Sky Sports News</title>
<link>$doregex[get_sxstream]|User-Agent=iPhone</link>
<regex>
<name>get_sxstream</name>
<expres>src=.*[",'](.*m3u8.*?)[",']</expres>
<page>http://www.liveonlinetv247.info/embed/skysportsnews.php</page>
<referer>http://www.liveonlinetv247.info/</referer>
<agent>Mozilla/5.0 (Windows NT 10.0; WOW64) AppleWebKit/537.36 (KHTML, like Gecko) Chrome/48.0.2564.116 Safari/537.36</agent>
</regex>
</item>

<item>
<title>BT Sport 1</title>
<link>$doregex[get_sxstream]|User-Agent=iPhone</link>
<regex>
<name>get_sxstream</name>
<expres>src=.*[",'](.*m3u8.*?)[",']</expres>
<page>http://www.liveonlinetv247.info/embed/btsport1.php</page>
<referer>http://www.liveonlinetv247.info/</referer>
<agent>Mozilla/5.0 (Windows NT 10.0; WOW64) AppleWebKit/537.36 (KHTML, like Gecko) Chrome/48.0.2564.116 Safari/537.36</agent>
</regex>
</item>

<item>
<title>BT Sport 2</title>
<link>$doregex[get_sxstream]|User-Agent=iPhone</link>
<regex>
<name>get_sxstream</name>
<expres>src=.*[",'](.*m3u8.*?)[",']</expres>
<page>http://www.liveonlinetv247.info/embed/btsport2.php</page>
<referer>http://www.liveonlinetv247.info/</referer>
<agent>Mozilla/5.0 (Windows NT 10.0; WOW64) AppleWebKit/537.36 (KHTML, like Gecko) Chrome/48.0.2564.116 Safari/537.36</agent>
</regex>
</item>

<item>
<title>BT Sport Euro</title>
<link>$doregex[get_sxstream]|User-Agent=iPhone</link>
<regex>
<name>get_sxstream</name>
<expres>src=.*[",'](.*m3u8.*?)[",']</expres>
<page>http://www.liveonlinetv247.info/embed/btsporteurope.php</page>
<referer>http://www.liveonlinetv247.info/</referer>
<agent>Mozilla/5.0 (Windows NT 10.0; WOW64) AppleWebKit/537.36 (KHTML, like Gecko) Chrome/48.0.2564.116 Safari/537.36</agent>
</regex>
</item>

<item>
<title>BT Sport ESPN</title>
<link>$doregex[get_sxstream]|User-Agent=iPhone</link>
<regex>
<name>get_sxstream</name>
<expres>src=.*[",'](.*m3u8.*?)[",']</expres>
<page>http://www.liveonlinetv247.info/embed/btsportespn.php</page>
<referer>http://www.liveonlinetv247.info/</referer>
<agent>Mozilla/5.0 (Windows NT 10.0; WOW64) AppleWebKit/537.36 (KHTML, like Gecko) Chrome/48.0.2564.116 Safari/537.36</agent>
</regex>
</item>


<item>
<title>ESPN</title>
<link>$doregex[get_sxstream]|User-Agent=iPhone</link>
<regex>
<name>get_sxstream</name>
<expres>src=.*[",'](.*m3u8.*?)[",']</expres>
<page>http://www.liveonlinetv247.info/embed/espn.php</page>
<referer>http://www.liveonlinetv247.info/</referer>
<agent>Mozilla/5.0 (Windows NT 10.0; WOW64) AppleWebKit/537.36 (KHTML, like Gecko) Chrome/48.0.2564.116 Safari/537.36</agent>
</regex>
</item>


<item>
<title>CANAL FUTBOL</title>
<link>$doregex[get_sxstream]|User-Agent=iPhone</link>
<regex>
<name>get_sxstream</name>
<expres>src=.*[",'](.*m3u8.*?)[",']</expres>
<page>http://www.liveonlinetv247.info/embed/canal%2Bfutbol.php</page>
<referer>http://www.liveonlinetv247.info/</referer>
<agent>Mozilla/5.0 (Windows NT 10.0; WOW64) AppleWebKit/537.36 (KHTML, like Gecko) Chrome/48.0.2564.116 Safari/537.36</agent>
</regex>
</item>


<item>
<title>CANAL LIGA</title>
<link>$doregex[get_sxstream]|User-Agent=iPhone</link>
<regex>
<name>get_sxstream</name>
<expres>src=.*[",'](.*m3u8.*?)[",']</expres>
<page>http://www.liveonlinetv247.info/embed/canal%2Bliga.php</page>
<referer>http://www.liveonlinetv247.info/</referer>
<agent>Mozilla/5.0 (Windows NT 10.0; WOW64) AppleWebKit/537.36 (KHTML, like Gecko) Chrome/48.0.2564.116 Safari/537.36</agent>
</regex>
</item>


<item>
<title>CANAL SPORT</title>
<link>$doregex[get_sxstream]|User-Agent=iPhone</link>
<regex>
<name>get_sxstream</name>
<expres>src=.*[",'](.*m3u8.*?)[",']</expres>
<page>http://www.liveonlinetv247.info/embed/canal%2Bsport.php</page>
<referer>http://www.liveonlinetv247.info/</referer>
<agent>Mozilla/5.0 (Windows NT 10.0; WOW64) AppleWebKit/537.36 (KHTML, like Gecko) Chrome/48.0.2564.116 Safari/537.36</agent>
</regex>
</item>

<item>
<title>Euro Sports 1</title>
<link>$doregex[get_sxstream]|User-Agent=iPhone</link>
<regex>
<name>get_sxstream</name>
<expres>src=.*[",'](.*m3u8.*?)[",']</expres>
<page>http://www.liveonlinetv247.info/embed/eurosport.php</page>
<referer>http://www.liveonlinetv247.info/</referer>
<agent>Mozilla/5.0 (Windows NT 10.0; WOW64) AppleWebKit/537.36 (KHTML, like Gecko) Chrome/48.0.2564.116 Safari/537.36</agent>
</regex>
</item>

<item>
<title>Euro Sports 2</title>
<link>$doregex[get_sxstream]|User-Agent=iPhone</link>
<regex>
<name>get_sxstream</name>
<expres>src=.*[",'](.*m3u8.*?)[",']</expres>
<page>http://www.liveonlinetv247.info/embed/eurosport2.php</page>
<referer>http://www.liveonlinetv247.info/</referer>
<agent>Mozilla/5.0 (Windows NT 10.0; WOW64) AppleWebKit/537.36 (KHTML, like Gecko) Chrome/48.0.2564.116 Safari/537.36</agent>
</regex>
</item>


<item>
<title>Premier Sports</title>
<link>$doregex[get_sxstream]|User-Agent=iPhone</link>
<regex>
<name>get_sxstream</name>
<expres>src=.*[",'](.*m3u8.*?)[",']</expres>
<page>http://www.liveonlinetv247.info/embed/premiersports.php</page>
<referer>http://www.liveonlinetv247.info/</referer>
<agent>Mozilla/5.0 (Windows NT 10.0; WOW64) AppleWebKit/537.36 (KHTML, like Gecko) Chrome/48.0.2564.116 Safari/537.36</agent>
</regex>
</item>

<item>
<title>Box Nation</title>
<link>$doregex[get_sxstream]|User-Agent=iPhone</link>
<regex>
<name>get_sxstream</name>
<expres>src=.*[",'](.*m3u8.*?)[",']</expres>
<page>http://www.liveonlinetv247.info/embed/boxnation.php</page>
<referer>http://www.liveonlinetv247.info/</referer>
<agent>Mozilla/5.0 (Windows NT 10.0; WOW64) AppleWebKit/537.36 (KHTML, like Gecko) Chrome/48.0.2564.116 Safari/537.36</agent>
</regex>
</item>


<item>
<title>Fox Sport 1</title>
<link>$doregex[get_sxstream]|User-Agent=iPhone</link>
<regex>
<name>get_sxstream</name>
<expres>src=.*[",'](.*m3u8.*?)[",']</expres>
<page>http://www.liveonlinetv247.info/embed/foxsports1.php</page>
<referer>http://www.liveonlinetv247.info/</referer>
<agent>Mozilla/5.0 (Windows NT 10.0; WOW64) AppleWebKit/537.36 (KHTML, like Gecko) Chrome/48.0.2564.116 Safari/537.36</agent>
</regex>
</item>

<item>
<title>Fox Sport 2</title>
<link>$doregex[get_sxstream]|User-Agent=iPhone</link>
<regex>
<name>get_sxstream</name>
<expres>src=.*[",'](.*m3u8.*?)[",']</expres>
<page>http://www.liveonlinetv247.info/embed/foxsports2.php</page>
<referer>http://www.liveonlinetv247.info/</referer>
<agent>Mozilla/5.0 (Windows NT 10.0; WOW64) AppleWebKit/537.36 (KHTML, like Gecko) Chrome/48.0.2564.116 Safari/537.36</agent>
</regex>
</item>

<item>
<title>Bein Sports News</title>
<link>$doregex[get_sxstream]|User-Agent=iPhone</link>
<regex>
<name>get_sxstream</name>
<expres>src=.*[",'](.*m3u8.*?)[",']</expres>
<page>http://www.liveonlinetv247.info/embed/beinsportsnews.php</page>
<referer>http://www.liveonlinetv247.info/</referer>
<agent>Mozilla/5.0 (Windows NT 10.0; WOW64) AppleWebKit/537.36 (KHTML, like Gecko) Chrome/48.0.2564.116 Safari/537.36</agent>
</regex>
</item>


<item>
<title>Bein Sports 1</title>
<link>$doregex[get_sxstream]|User-Agent=iPhone</link>
<regex>
<name>get_sxstream</name>
<expres>src=.*[",'](.*m3u8.*?)[",']</expres>
<page>http://www.liveonlinetv247.info/embed/beinsports1.php</page>
<referer>http://www.liveonlinetv247.info/</referer>
<agent>Mozilla/5.0 (Windows NT 10.0; WOW64) AppleWebKit/537.36 (KHTML, like Gecko) Chrome/48.0.2564.116 Safari/537.36</agent>
</regex>
</item>


<item>
<title>Bein Sports 2</title>
<link>$doregex[get_sxstream]|User-Agent=iPhone</link>
<regex>
<name>get_sxstream</name>
<expres>src=.*[",'](.*m3u8.*?)[",']</expres>
<page>http://www.liveonlinetv247.info/embed/beinsports2.php</page>
<referer>http://www.liveonlinetv247.info/</referer>
<agent>Mozilla/5.0 (Windows NT 10.0; WOW64) AppleWebKit/537.36 (KHTML, like Gecko) Chrome/48.0.2564.116 Safari/537.36</agent>
</regex>
</item>

<item>
<title>Bein Aports 3</title>
<link>$doregex[get_sxstream]|User-Agent=iPhone</link>
<regex>
<name>get_sxstream</name>
<expres>src=.*[",'](.*m3u8.*?)[",']</expres>
<page>http://www.liveonlinetv247.info/embed/beinsports3.php</page>
<referer>http://www.liveonlinetv247.info/</referer>
<agent>Mozilla/5.0 (Windows NT 10.0; WOW64) AppleWebKit/537.36 (KHTML, like Gecko) Chrome/48.0.2564.116 Safari/537.36</agent>
</regex>
</item>

<item>
<title>Bein Sports 4</title>
<link>$doregex[get_sxstream]|User-Agent=iPhone</link>
<regex>
<name>get_sxstream</name>
<expres>src=.*[",'](.*m3u8.*?)[",']</expres>
<page>http://www.liveonlinetv247.info/embed/beinsports4.php</page>
<referer>http://www.liveonlinetv247.info/</referer>
<agent>Mozilla/5.0 (Windows NT 10.0; WOW64) AppleWebKit/537.36 (KHTML, like Gecko) Chrome/48.0.2564.116 Safari/537.36</agent>
</regex>
</item>

<item>
<title>Bein Sports 5</title>
<link>$doregex[get_sxstream]|User-Agent=iPhone</link>
<regex>
<name>get_sxstream</name>
<expres>src=.*[",'](.*m3u8.*?)[",']</expres>
<page>http://www.liveonlinetv247.info/embed/beinsports5.php</page>
<referer>http://www.liveonlinetv247.info/</referer>
<agent>Mozilla/5.0 (Windows NT 10.0; WOW64) AppleWebKit/537.36 (KHTML, like Gecko) Chrome/48.0.2564.116 Safari/537.36</agent>
</regex>
</item>


<item>
<title>Bein Sports 6</title>
<link>$doregex[get_sxstream]|User-Agent=iPhone</link>
<regex>
<name>get_sxstream</name>
<expres>src=.*[",'](.*m3u8.*?)[",']</expres>
<page>http://www.liveonlinetv247.info/embed/beinsports6.php</page>
<referer>http://www.liveonlinetv247.info/</referer>
<agent>Mozilla/5.0 (Windows NT 10.0; WOW64) AppleWebKit/537.36 (KHTML, like Gecko) Chrome/48.0.2564.116 Safari/537.36</agent>
</regex>
</item>


<item>
<title>Bein Sports 7</title>
<link>$doregex[get_sxstream]|User-Agent=iPhone</link>
<regex>
<name>get_sxstream</name>
<expres>src=.*[",'](.*m3u8.*?)[",']</expres>
<page>http://www.liveonlinetv247.info/embed/beinsports7.php</page>
<referer>http://www.liveonlinetv247.info/</referer>
<agent>Mozilla/5.0 (Windows NT 10.0; WOW64) AppleWebKit/537.36 (KHTML, like Gecko) Chrome/48.0.2564.116 Safari/537.36</agent>
</regex>
</item>

<item>
<title>Bein Sports 8</title>
<link>$doregex[get_sxstream]|User-Agent=iPhone</link>
<regex>
<name>get_sxstream</name>
<expres>src=.*[",'](.*m3u8.*?)[",']</expres>
<page>http://www.liveonlinetv247.info/embed/beinsports8.php</page>
<referer>http://www.liveonlinetv247.info/</referer>
<agent>Mozilla/5.0 (Windows NT 10.0; WOW64) AppleWebKit/537.36 (KHTML, like Gecko) Chrome/48.0.2564.116 Safari/537.36</agent>
</regex>
</item>

<item>
<title>Bein Sports 9</title>
<link>$doregex[get_sxstream]|User-Agent=iPhone</link>
<regex>
<name>get_sxstream</name>
<expres>src=.*[",'](.*m3u8.*?)[",']</expres>
<page>http://www.liveonlinetv247.info/embed/beinsports9.php</page>
<referer>http://www.liveonlinetv247.info/</referer>
<agent>Mozilla/5.0 (Windows NT 10.0; WOW64) AppleWebKit/537.36 (KHTML, like Gecko) Chrome/48.0.2564.116 Safari/537.36</agent>
</regex>
</item>

<item>
<title>Bein Sports 10</title>
<link>$doregex[get_sxstream]|User-Agent=iPhone</link>
<regex>
<name>get_sxstream</name>
<expres>src=.*[",'](.*m3u8.*?)[",']</expres>
<page>http://www.liveonlinetv247.info/embed/beinsports10.php</page>
<referer>http://www.liveonlinetv247.info/</referer>
<agent>Mozilla/5.0 (Windows NT 10.0; WOW64) AppleWebKit/537.36 (KHTML, like Gecko) Chrome/48.0.2564.116 Safari/537.36</agent>
</regex>
</item>

<item>
<title>Bein Sports 11(ENG)</title>
<link>$doregex[get_sxstream]|User-Agent=iPhone</link>
<regex>
<name>get_sxstream</name>
<expres>src=.*[",'](.*m3u8.*?)[",']</expres>
<page>http://www.liveonlinetv247.info/embed/beinsports11.php</page>
<referer>http://www.liveonlinetv247.info/</referer>
<agent>Mozilla/5.0 (Windows NT 10.0; WOW64) AppleWebKit/537.36 (KHTML, like Gecko) Chrome/48.0.2564.116 Safari/537.36</agent>
</regex>
</item>

<item>
<title>Bein Sports 12(ENG)</title>
<link>$doregex[get_sxstream]|User-Agent=iPhone</link>
<regex>
<name>get_sxstream</name>
<expres>src=.*[",'](.*m3u8.*?)[",']</expres>
<page>http://www.liveonlinetv247.info/embed/beinsports12.php</page>
<referer>http://www.liveonlinetv247.info/</referer>
<agent>Mozilla/5.0 (Windows NT 10.0; WOW64) AppleWebKit/537.36 (KHTML, like Gecko) Chrome/48.0.2564.116 Safari/537.36</agent>
</regex>
</item>

<item>
<title>Bein Sports 13(ENG)</title>
<link>$doregex[get_sxstream]|User-Agent=iPhone</link>
<regex>
<name>get_sxstream</name>
<expres>src=.*[",'](.*m3u8.*?)[",']</expres>
<page>http://www.liveonlinetv247.info/embed/beinsports13.php</page>
<referer>http://www.liveonlinetv247.info/</referer>
<agent>Mozilla/5.0 (Windows NT 10.0; WOW64) AppleWebKit/537.36 (KHTML, like Gecko) Chrome/48.0.2564.116 Safari/537.36</agent>
</regex>
</item>

<item>
<title>Bein Sports 1 France</title>
<link>$doregex[get_sxstream]|User-Agent=iPhone</link>
<regex>
<name>get_sxstream</name>
<expres>src=.*[",'](.*m3u8.*?)[",']</expres>
<page>http://www.liveonlinetv247.info/embed/beinsports1france.php</page>
<referer>http://www.liveonlinetv247.info/</referer>
<agent>Mozilla/5.0 (Windows NT 10.0; WOW64) AppleWebKit/537.36 (KHTML, like Gecko) Chrome/48.0.2564.116 Safari/537.36</agent>
</regex>
</item>


<item>
<title>Bein Sports 2 France</title>
<link>$doregex[get_sxstream]|User-Agent=iPhone</link>
<regex>
<name>get_sxstream</name>
<expres>src=.*[",'](.*m3u8.*?)[",']</expres>
<page>http://www.liveonlinetv247.info/embed/beinsports2france.php</page>
<referer>http://www.liveonlinetv247.info/</referer>
<agent>Mozilla/5.0 (Windows NT 10.0; WOW64) AppleWebKit/537.36 (KHTML, like Gecko) Chrome/48.0.2564.116 Safari/537.36</agent>
</regex>
</item>

<item>
<title>Bein Sports 3 France</title>
<link>$doregex[get_sxstream]|User-Agent=iPhone</link>
<regex>
<name>get_sxstream</name>
<expres>src=.*[",'](.*m3u8.*?)[",']</expres>
<page>http://www.liveonlinetv247.info/embed/beinsports3france.php</page>
<referer>http://www.liveonlinetv247.info/</referer>
<agent>Mozilla/5.0 (Windows NT 10.0; WOW64) AppleWebKit/537.36 (KHTML, like Gecko) Chrome/48.0.2564.116 Safari/537.36</agent>
</regex>
</item>

<item>
<title>Sky Sport 1 Italia</title>
<link>$doregex[get_sxstream]|User-Agent=iPhone</link>
<regex>
<name>get_sxstream</name>
<expres>src=.*[",'](.*m3u8.*?)[",']</expres>
<page>http://www.liveonlinetv247.info/embed/skysport1italia.php</page>
<referer>http://www.liveonlinetv247.info/</referer>
<agent>Mozilla/5.0 (Windows NT 10.0; WOW64) AppleWebKit/537.36 (KHTML, like Gecko) Chrome/48.0.2564.116 Safari/537.36</agent>
</regex>
</item>


<item>
<title>Sky Sport 2 Italia</title>
<link>$doregex[get_sxstream]|User-Agent=iPhone</link>
<regex>
<name>get_sxstream</name>
<expres>src=.*[",'](.*m3u8.*?)[",']</expres>
<page>http://www.liveonlinetv247.info/embed/skysport2italia.php</page>
<referer>http://www.liveonlinetv247.info/</referer>
<agent>Mozilla/5.0 (Windows NT 10.0; WOW64) AppleWebKit/537.36 (KHTML, like Gecko) Chrome/48.0.2564.116 Safari/537.36</agent>
</regex>
</item>

<item>
<title>Sky Sport 3 Italia</title>
<link>$doregex[get_sxstream]|User-Agent=iPhone</link>
<regex>
<name>get_sxstream</name>
<expres>src=.*[",'](.*m3u8.*?)[",']</expres>
<page>http://www.liveonlinetv247.info/embed/skysport3italia.php</page>
<referer>http://www.liveonlinetv247.info/</referer>
<agent>Mozilla/5.0 (Windows NT 10.0; WOW64) AppleWebKit/537.36 (KHTML, like Gecko) Chrome/48.0.2564.116 Safari/537.36</agent>
</regex>
</item>

<item>
<title>Sky Sport 24 Italia</title>
<link>$doregex[get_sxstream]|User-Agent=iPhone</link>
<regex>
<name>get_sxstream</name>
<expres>src=.*[",'](.*m3u8.*?)[",']</expres>
<page>http://www.liveonlinetv247.info/embed/skysport24italia.php</page>
<referer>http://www.liveonlinetv247.info/</referer>
<agent>Mozilla/5.0 (Windows NT 10.0; WOW64) AppleWebKit/537.36 (KHTML, like Gecko) Chrome/48.0.2564.116 Safari/537.36</agent>
</regex>
</item>

<item>
<title>Setanta sport</title>
<link>$doregex[get_sxstream]|User-Agent=iPhone</link>
<regex>
<name>get_sxstream</name>
<expres>src=.*[",'](.*m3u8.*?)[",']</expres>
<page>http://www.liveonlinetv247.info/embed/setantasports.php</page>
<referer>http://www.liveonlinetv247.info/</referer>
<agent>Mozilla/5.0 (Windows NT 10.0; WOW64) AppleWebKit/537.36 (KHTML, like Gecko) Chrome/48.0.2564.116 Safari/537.36</agent>
</regex>
</item>

<item>
<title>Star Sports</title>
<link>$doregex[get_sxstream]|User-Agent=iPhone</link>
<regex>
<name>get_sxstream</name>
<expres>src=.*[",'](.*m3u8.*?)[",']</expres>
<page>http://www.liveonlinetv247.info/embed/starsports.php</page>
<referer>http://www.liveonlinetv247.info/</referer>
<agent>Mozilla/5.0 (Windows NT 10.0; WOW64) AppleWebKit/537.36 (KHTML, like Gecko) Chrome/48.0.2564.116 Safari/537.36</agent>
</regex>
</item>

<item>
<title>Sport TV 1</title>
<link>$doregex[get_sxstream]|User-Agent=iPhone</link>
<regex>
<name>get_sxstream</name>
<expres>src=.*[",'](.*m3u8.*?)[",']</expres>
<page>http://www.liveonlinetv247.info/embed/sporttv1.php</page>
<referer>http://www.liveonlinetv247.info/</referer>
<agent>Mozilla/5.0 (Windows NT 10.0; WOW64) AppleWebKit/537.36 (KHTML, like Gecko) Chrome/48.0.2564.116 Safari/537.36</agent>
</regex>
</item>

<item>
<title>Sport TV 2</title>
<link>$doregex[get_sxstream]|User-Agent=iPhone</link>
<regex>
<name>get_sxstream</name>
<expres>src=.*[",'](.*m3u8.*?)[",']</expres>
<page>http://www.liveonlinetv247.info/embed/sporttv2.php</page>
<referer>http://www.liveonlinetv247.info/</referer>
<agent>Mozilla/5.0 (Windows NT 10.0; WOW64) AppleWebKit/537.36 (KHTML, like Gecko) Chrome/48.0.2564.116 Safari/537.36</agent>
</regex>
</item>

<item>
<title>Sport TV 3</title>
<link>$doregex[get_sxstream]|User-Agent=iPhone</link>
<regex>
<name>get_sxstream</name>
<expres>src=.*[",'](.*m3u8.*?)[",']</expres>
<page>http://www.liveonlinetv247.info/embed/sporttv3.php</page>
<referer>http://www.liveonlinetv247.info/</referer>
<agent>Mozilla/5.0 (Windows NT 10.0; WOW64) AppleWebKit/537.36 (KHTML, like Gecko) Chrome/48.0.2564.116 Safari/537.36</agent>
</regex>
</item>

<item>
<title>Sport TV 4</title>
<link>$doregex[get_sxstream]|User-Agent=iPhone</link>
<regex>
<name>get_sxstream</name>
<expres>src=.*[",'](.*m3u8.*?)[",']</expres>
<page>http://www.liveonlinetv247.info/embed/sporttv4.php</page>
<referer>http://www.liveonlinetv247.info/</referer>
<agent>Mozilla/5.0 (Windows NT 10.0; WOW64) AppleWebKit/537.36 (KHTML, like Gecko) Chrome/48.0.2564.116 Safari/537.36</agent>
</regex>
</item>

<item>
<title>Sport TV 5</title>
<link>$doregex[get_sxstream]|User-Agent=iPhone</link>
<regex>
<name>get_sxstream</name>
<expres>src=.*[",'](.*m3u8.*?)[",']</expres>
<page>http://www.liveonlinetv247.info/embed/sporttv5.php</page>
<referer>http://www.liveonlinetv247.info/</referer>
<agent>Mozilla/5.0 (Windows NT 10.0; WOW64) AppleWebKit/537.36 (KHTML, like Gecko) Chrome/48.0.2564.116 Safari/537.36</agent>
</regex>
</item>

<item>
<title>Live Cricket</title>
<link>$doregex[get_sxstream]|User-Agent=iPhone</link>
<regex>
<name>get_sxstream</name>
<expres>src=.*[",'](.*m3u8.*?)[",']</expres>
<page>http://www.liveonlinetv247.info/embed/livecricket.php</page>
<referer>http://www.liveonlinetv247.info/</referer>
<agent>Mozilla/5.0 (Windows NT 10.0; WOW64) AppleWebKit/537.36 (KHTML, like Gecko) Chrome/48.0.2564.116 Safari/537.36</agent>
</regex>
</item>


<item>
<title>PTV Sports</title>
<link>$doregex[get_sxstream]|User-Agent=iPhone</link>
<regex>
<name>get_sxstream</name>
<expres>src=.*[",'](.*m3u8.*?)[",']</expres>
<page>http://www.liveonlinetv247.info/embed/ptvsports.php</page>
<referer>http://www.liveonlinetv247.info/</referer>
<agent>Mozilla/5.0 (Windows NT 10.0; WOW64) AppleWebKit/537.36 (KHTML, like Gecko) Chrome/48.0.2564.116 Safari/537.36</agent>
</regex>
</item>

<item>
<title>Sports Networld</title>
<link>$doregex[get_sxstream]|User-Agent=iPhone</link>
<regex>
<name>get_sxstream</name>
<expres>src=.*[",'](.*m3u8.*?)[",']</expres>
<page>http://www.liveonlinetv247.info/embed/sportsnetworld.php</page>
<referer>http://www.liveonlinetv247.info/</referer>
<agent>Mozilla/5.0 (Windows NT 10.0; WOW64) AppleWebKit/537.36 (KHTML, like Gecko) Chrome/48.0.2564.116 Safari/537.36</agent>
</regex>
</item>

<item>
<title>WWE Network</title>
<link>$doregex[get_sxstream]|User-Agent=iPhone</link>
<regex>
<name>get_sxstream</name>
<expres>src=.*[",'](.*m3u8.*?)[",']</expres>
<page>http://www.liveonlinetv247.info/embed/wwenetwork.php</page>
<referer>http://www.liveonlinetv247.info/</referer>
<agent>Mozilla/5.0 (Windows NT 10.0; WOW64) AppleWebKit/537.36 (KHTML, like Gecko) Chrome/48.0.2564.116 Safari/537.36</agent>
</regex>
</item>

             
	</items>
	</channel>






