<?xml version="1.0" encoding="UTF-8" standalone="yes"?>
		

		<item>
		<title>======================================================</title>
		<link>http://</link>
		<thumbnail></thumbnail>
		<item>

		<item>
		<title>[COLOR red][B]******* Cần Addon Plexus & Addon Sportsdevil *******[/B][/COLOR]</title>
		<link>http://</link>
		<thumbnail>https://s24.postimg.org/mal8efoxx/plexus.jpg</thumbnail>
		<item>

		<item>
		<title>[COLOR cyan][B]THỂ THAO QUỐC TẾ TỔNG HỢP Có Bóng đá các giải ngoại hạng:Anh, Tây Ban Nha, Đức, Italya....(Auto Update hàng ngày) [/B][/COLOR]</title>
		<link>http://</link>
		<thumbnail>https://s29.postimg.org/txckqm8ev/sports.jpg</thumbnail>
		<item>
		
		<item>
		<title>=====================================================</title>
		<link>http://</link>
		<thumbnail></thumbnail>
		<item>
////////////////////////////////////////		
<item>
<title>[B][COLOR blue]>>> XEM THỂ THAO QUỐC TẾ TỔNG HỢP (Theo Giờ VN + 5 Tiếng)[/COLOR][/B]</title>
<link>$doregex[makelist]</link>
<regex>
<name>makelist</name>
<listrepeat><![CDATA[
<item><title>[COLOR lightgreen][makelist.param1] [/COLOR]  [COLOR deepskyblue][makelist.param2] [/COLOR] [COLOR lightslategray][makelist.param3] [/COLOR] [COLOR skyblue][makelist.param4] [/COLOR]  +  [COLOR lightyellow][makelist.param6] [/COLOR] [COLOR lightyellow][makelist.param8] [/COLOR] [COLOR lightyellow][makelist.param10] [/COLOR] 	[COLOR lightyellow][makelist.param12] [/COLOR]  </title>
<link>plugin://program.plexus/?url=[makelist.param5][makelist.param7][makelist.param9][makelist.param11]&amp;mode=1&amp;name=Arenavision</link>
</item>	
]]></listrepeat>
<expres><![CDATA[center'>(.*?)<[\w\W\s]{0,2}>(.*?)<[\w\W\s]{0,60}alt='(.*?)'[\w\W\s]{0,55}br>(.*?)<|[\w\W\s]{0,40}acestream://(.*?)"[\w\W\s]{0,120}flags/(.*?)png|[\w\W\s]{0,30}acestream://(.*?)"[\w\W\s]{0,120}flags/(.*?)png|[\w\W\s]{0,30}acestream://(.*?)[\w\W\s]{0,120}flags/(.*?)png|[\w\W\s]{0,30}acestream://(.*?)"[\w\W\s]{0,120}flags/(.*?)png]]></expres>
<page>https://avezy.tk/</page>
<Agent>Mozilla</Agent>
</regex><thumbnail>https://s29.postimg.org/txckqm8ev/sports.jpg</thumbnail>
</item>

///////////////////////////////////////
<item>
<title>[COLOR cyan][B]>>> KÊNH THỂ THAO VIỆT NAM[/B][/COLOR]</title>
<link>http://</link>
<thumbnail>https://s29.postimg.org/txckqm8ev/sports.jpg</thumbnail>
</item>
//////////////////
<item>
<title>THỂ THAO VIỆT 1</title>
<sportsdevil>http://www.tivi12h.net/2015/08/the-thao-tv.html</sportsdevil>
<referer>http://www.tivi12h.net</referer>
<thumbnail>http://fantazyrepo.uk/addonimages/livetv/sport.jpg</thumbnail>
<fanart></fanart>
</item>
<item>
<title>THỂ THAO VIỆT 2</title>
<sportsdevil>http://www.tivi12h.net/2015/11/kenh-vtvcab3-thao-tv-hd.html</sportsdevil>
<referer>http://www.tivi12h.net</referer>
<thumbnail>http://fantazyrepo.uk/addonimages/livetv/sport.jpg</thumbnail>
<fanart></fanart>
</item>
<item>
<title>THỂ THAO VIỆT 3</title>
<sportsdevil>http://www.tivi12h.net/2015/08/bong-da-tv.html</sportsdevil>
<referer>http://www.tivi12h.net</referer>
<thumbnail>http://fantazyrepo.uk/addonimages/livetv/sport.jpg</thumbnail>
<fanart></fanart>
</item>
<item>
<title>THỂ THAO VIỆT 4</title>
<sportsdevil>http://www.tivi12h.net/2015/11/kenh-vtvcab16-bong-da-tv-hd.html</sportsdevil>
<referer>http://www.tivi12h.net</referer>
<thumbnail>http://fantazyrepo.uk/addonimages/livetv/sport.jpg</thumbnail>
<fanart></fanart>
</item>
<item>
<title>THỂ THAO VIỆT 5/BTV5 - SSport3</title>
<sportsdevil>http://www.tivi12h.net/2015/10/kenh-btv5-online.html</sportsdevil>
<referer>http://www.tivi12h.net</referer>
<thumbnail>http://fantazyrepo.uk/addonimages/livetv/sport.jpg</thumbnail>
<fanart></fanart>
</item>
<item>
<title>THỂ THAO VIỆT 6</title>
<sportsdevil>http://www.tivi12h.net/2015/08/kenh-fox-hd.html</sportsdevil>
<referer>http://www.tivi12h.net</referer>
<thumbnail>http://fantazyrepo.uk/addonimages/livetv/sport.jpg</thumbnail>
<fanart></fanart>
</item>
<item>
<title>THỂ THAO VIỆT 7/SCTV17 - SSport</title>
<sportsdevil>http://www.tivi8k.net/2016/02/kenh-k1-truc-tiep-bong-da.html</sportsdevil>
<referer>http://www.tivi8k.net/</referer>
<thumbnail>http://fantazyrepo.uk/addonimages/livetv/sport.jpg</thumbnail>
</item>
<item>
<title>THỂ THAO VIỆT 8</title>
<sportsdevil>http://www.tivi8k.net/2016/02/kenh-k-pm-online.html</sportsdevil>
<referer>http://www.tivi8k.net/</referer>
<thumbnail>http://fantazyrepo.uk/addonimages/livetv/sport.jpg</thumbnail>
</item>
<item>
<title>THỂ THAO VIỆT 9</title>
<sportsdevil>http://www.tivi8k.net/2016/02/kenh-vtvcab16-bong-da-tv-online.html</sportsdevil>
<referer>http://www.tivi8k.net/</referer>
<thumbnail>http://fantazyrepo.uk/addonimages/livetv/sport.jpg</thumbnail>
</item>
<item>
<title>THỂ THAO VIỆT 10</title>
<sportsdevil>http://www.tivi8k.net/2016/02/kenh-vtvcab3-the-thao-tv-online.html</sportsdevil>
<referer>http://www.tivi8k.net/</referer>
<thumbnail>http://fantazyrepo.uk/addonimages/livetv/sport.jpg</thumbnail>
</item>
<item>
<title>THỂ THAO VIỆT 11</title>
<sportsdevil>http://www.tivi8k.net/2016/02/kenh-btv5-online-binh-duong-5.html</sportsdevil>
<referer>http://www.tivi8k.net/</referer>
<thumbnail>http://fantazyrepo.uk/addonimages/livetv/sport.jpg</thumbnail>
</item>
///////////////////////////////////////                 
 <item>
<title>[COLOR cyan][B]>>> KÊNH THỂ THAO (Ace stream) 1[/B][/COLOR]</title>
<link>$doregex[makelist]</link>
<regex>
<name>makelist</name>
<listrepeat><![CDATA[
	<title>[COLOR deepskyblue][makelist.param1][/COLOR]</title>
	<link>plugin://program.plexus/?url=[makelist.param2]&amp;mode=1&amp;name=Adryanlist+Arenavision</link>
	<thumbnail>https://s22.postimg.org/9vk2rbqep/ace.png</thumbnail>
]]></listrepeat>
<expres>EXTINF:-1,(.*?)\nacestream://(.*)</expres>
<page>http://super-pomoyka.us.to/trash/ttv-list/ttv.sport.player.m3u</page>
<agent>Kodi/15.2 (Windows NT 6.1) App_Bitness/32 Version/15.2-Git:20151019-02e7013</agent>
</regex>
<thumbnail>https://s22.postimg.org/9vk2rbqep/ace.png</thumbnail>
</item>		

///////////////////////////////////////	

<item>
<title>[COLOR cyan][B]>>> KÊNH THỂ THAO (Ace stream) 2 - Load hơi chậm, kiên nhẫn chờ để thưởng thức[/B][/COLOR]</title>
<link>http://ignorame</link>
<externallink>https://raw.githubusercontent.com/thanh51/repository.thanh51/master/TVplexus2.xml</externallink>
<thumbnail>https://s22.postimg.org/9vk2rbqep/ace.png</thumbnail>
</item> 

//////////////////////////////////////
            
<item>
<title>[COLOR yellow][B]>>> Thể Thao Tổng Hợp (In YoutuBe)[/B] [/COLOR]</title>
<link>$doregex[makelist]</link>
<regex>
<name>makelist</name>
<listrepeat><![CDATA[
<item>
<title>[makelist.param1]                ( [makelist.param2] )</title>
<link>$doregex[makelist2]</link>
<thumbnail>https://s29.postimg.org/ojsoj485j/sports.jpg</thumbnail>
]]></listrepeat>
<expres>span class="" >(.*?)<\/span>\n.*?\n\n.*?\n.*?;list=(.*?)"</expres>
<page>https://www.youtube.com/channel/UCEgdi0XIXXZ-qJOFPf4JSKw</page>
</regex>

<regex>
<name>makelist2</name>
<listrepeat><![CDATA[
<item>
<title>[makelist2.param2]</title>
<link>plugin://plugin.video.youtube/play/?video_id=[makelist2.param1]</link>
<thumbnail>https://s29.postimg.org/ojsoj485j/sports.jpg</thumbnail>
]]></listrepeat>
<expres>dir="ltr" href="\/watch\?v=(.*?)".*?\n(.*?)\n</expres>
<page>https://www.youtube.com/playlist?list=[makelist.param2]</page>
</regex>
<thumbnail>https://s29.postimg.org/ojsoj485j/sports.jpg</thumbnail>
</item>
/////////////////////////////

</items>
</channel>








