<?xml version="1.0" encoding="UTF-8" standalone="yes"?>

<item>
<title>[COLOR red][B]KÊNH CÓ THỂ THAY ÐỔI THEO NGUỒN PHÁT[/B][/COLOR]</title>
<link>$doregex[m3u8]</link>
<regex>
/////////////////
<item>
<title>XEM PHIM (by thegioionline)</title>
<link>$doregex[m3u8]</link>
<regex>
<name>m3u8</name>
<expres>iosUrl.+?"(.*?m3u8)"</expres>
<page>http://talktv.vn/thegioionline</page>
<cookieJar></cookieJar>
</regex>
<thumbnail>http://res1.talktv.vn/images/thegioionline/designSetting/854x480/1466402436.jpg</thumbnail>
</item>
/////////////////////////
<item>
<title>XEM PHIM (by meowdoraemon)</title>
<link>$doregex[m3u8]</link>
<regex>
<name>m3u8</name>
<expres>iosUrl.+?"(.*?m3u8)"</expres>
<page>http://talktv.vn/meowdoraemon</page>
<cookieJar></cookieJar>
</regex>
<thumbnail>http://res1.talktv.vn/images/meowdoraemon/designSetting/854x480/1466395787.jpg</thumbnail>
</items>
////////////////////////////////
 <item>
<title>XEM PHIM (by movietvdhtvh)</title>
<link>$doregex[m3u8]</link>
<regex>
<name>m3u8</name>
<expres>iosUrl.+?"(.*?m3u8)"</expres>
<page>http://talktv.vn/movietvdhtvh</page>
<cookieJar></cookieJar>
</regex>
</item> 
//////////////////

 <item>
<title>XEM PHIM (by inkerman)</title>
<link>$doregex[m3u8]</link>
<regex>
<name>m3u8</name>
<expres>iosUrl.+?"(.*?m3u8)"</expres>
<page>http://talktv.vn/inkerman</page>
<cookieJar></cookieJar>
</regex>
</item> 
//////////////////


</items>    
</channel>

