﻿<?xml version="1.0" encoding="utf-8" standalone="yes"?>

<channel>
<name>nhac paris by night</name>
<items>

<item>
<title>[COLOR lime][B]LAM ANH-Cho Em Quên Tuổi Ngọc[/B][/COLOR]</title>
<link>plugin://plugin.video.youtube/play/?video_id=V7ldATnqb28</link>
<thumbnail>https://img.youtube.com/vi/V7ldATnqb28/0.jpg</thumbnail>
</item>

<item>
<title>[COLOR lime][B]Nguyệt Anh & Lam Anh-Giọt Mưa Thu[/B][/COLOR]</title>
<link>plugin://plugin.video.youtube/play/?video_id=rwcri0CnMKI</link>
<thumbnail>https://img.youtube.com/vi/rwcri0CnMKI/0.jpg</thumbnail>
</item>

<item>
<title>[COLOR lime][B]Bằng Kiều, Lam Anh-Khói Sương Mong Manh[/B][/COLOR]</title>
<link>plugin://plugin.video.youtube/play/?video_id=5t2gl8bGEM0</link>
<thumbnail>https://img.youtube.com/vi/5t2gl8bGEM0/0.jpg</thumbnail>
</item>

<item>
<title>[COLOR lime][B]Trịnh Lam & Lam Anh-Khúc Giao Mùa[/B][/COLOR]</title>
<link>plugin://plugin.video.youtube/play/?video_id=ciEFUGiiWO4</link>
<thumbnail>https://img.youtube.com/vi/ciEFUGiiWO4/0.jpg</thumbnail>
</item>

<item>
<title>[COLOR lime][B]Mai Tiến Dũng, Tóc Tiên, Lam Anh, Như Loan, Ánh Minh-Sài Gòn, Sài Gòn[/B][/COLOR]</title>
<link>plugin://plugin.video.youtube/play/?video_id=ldGKQyr-p8U</link>
<thumbnail>https://img.youtube.com/vi/ldGKQyr-p8U/0.jpg</thumbnail>
</item>

<item>
<title>[COLOR lime][B]Lam Anh-Trái Tim Tội Lỗi[/B][/COLOR]</title>
<link>plugin://plugin.video.youtube/play/?video_id=Ok2ICaXI0yQ</link>
<thumbnail>https://img.youtube.com/vi/Ok2ICaXI0yQ/0.jpg</thumbnail>
</item>

<item>
<title>[COLOR lime][B]Lam Anh, Quỳnh Vi-Bướm Mơ[/B][/COLOR]</title>
<link>plugin://plugin.video.youtube/play/?video_id=sdoguVYYDxw</link>
<thumbnail>https://img.youtube.com/vi/sdoguVYYDxw/0.jpg</thumbnail>
</item>

<item>
<title>[COLOR lime][B]Bằng Kiều, Lam Anh,Nơi tình yêu bắt đầu[/B][/COLOR]</title>
<link>plugin://plugin.video.youtube/play/?video_id=RfZQvF45YUs</link>
<thumbnail>https://img.youtube.com/vi/RfZQvF45YUs/0.jpg</thumbnail>
</item>

<item>
<title>[COLOR lime][B]Lam Anh,Trái Tim Tội Lỗi[/B][/COLOR]</title>
<link>plugin://plugin.video.youtube/play/?video_id=IWUj8iF4Og0</link>
<thumbnail>https://img.youtube.com/vi/IWUj8iF4Og0/0.jpg</thumbnail>
</item>

<item>
<title>[COLOR lime][B]Trịnh Lam, Lam Anh,Khúc giao mùa[/B][/COLOR]</title>
<link>plugin://plugin.video.youtube/play/?video_id=IJeRTlhF9-4</link>
<thumbnail>https://img.youtube.com/vi/IJeRTlhF9-4/0.jpg</thumbnail>
</item>

<item>
<title>[COLOR lime][B]Quỳnh Vy, Nguyệt Anh,Nụ xuân[/B][/COLOR]</title>
<link>plugin://plugin.video.youtube/play/?video_id=KfnuzLVNBv0</link>
<thumbnail>https://img.youtube.com/vi/KfnuzLVNBv0/0.jpg</thumbnail>
</item>

<item>
<title>[COLOR lime][B]Nguyệt Anh & Lam Anh,Giọt Mưa Thu[/B][/COLOR]</title>
<link>plugin://plugin.video.youtube/play/?video_id=rwcri0CnMKI</link>
<thumbnail>https://img.youtube.com/vi/rwcri0CnMKI/0.jpg</thumbnail>
</item>

<item>
<title>[COLOR lime][B]Quỳnh Vi, Nguyệt Anh,Giòng An Giang[/B][/COLOR]</title>
<link>plugin://plugin.video.youtube/play/?video_id=r6KwmZ5A7oQ</link>
<thumbnail>https://img.youtube.com/vi/r6KwmZ5A7oQ/0.jpg</thumbnail>
</item>

<item>
<title>[COLOR lime][B]Quỳnh Vi, Nguyệt Anh,Nụ Xuân[/B][/COLOR]</title>
<link>plugin://plugin.video.youtube/play/?video_id=iUPgik7h64E</link>
<thumbnail>https://img.youtube.com/vi/iUPgik7h64E/0.jpg</thumbnail>
</item>

<item>
<title>[COLOR lime][B]Quỳnh Vy,Ngày tết Việt Nam[/B][/COLOR]</title>
<link>plugin://plugin.video.youtube/play/?video_id=vgTLf5-5aSI</link>
<thumbnail>https://img.youtube.com/vi/vgTLf5-5aSI/0.jpg</thumbnail>
</item>

<item>
<title>[COLOR lime][B]Quỳnh Vy,Hoang Mang[/B][/COLOR]</title>
<link>plugin://plugin.video.youtube/play/?video_id=z6C02cn1W9U</link>
<thumbnail>https://img.youtube.com/vi/z6C02cn1W9U/0.jpg</thumbnail>
</item>

<item>
<title>[COLOR lime][B]Lam Anh, Quỳnh Vi,Bướm Mơ[/B][/COLOR]</title>
<link>plugin://plugin.video.youtube/play/?video_id=sdoguVYYDxw</link>
<thumbnail>https://img.youtube.com/vi/sdoguVYYDxw/0.jpg</thumbnail>
</item>

<item>
<title>[COLOR lime][B]Ánh Minh, Mai Tiến Dũng, Quỳnh Vi, Như Loan,Tung Bay & Cò Lả[/B][/COLOR]</title>
<link>plugin://plugin.video.youtube/play/?video_id=HyOVb5tdAak</link>
<thumbnail>https://img.youtube.com/vi/HyOVb5tdAak/0.jpg</thumbnail>
</item>

<item>
<title>[COLOR lime][B]Tóc Tiên, Quỳnh Vi, Diễm Sương, Kỳ Phương Uyên,Ngày Tết Việt Nam[/B][/COLOR]</title>
<link>plugin://plugin.video.youtube/play/?video_id=4xdulPSPKqE</link>
<thumbnail>https://img.youtube.com/vi/4xdulPSPKqE/0.jpg</thumbnail>
</item>

<item>
<title>[COLOR lime][B]Trịnh Lam & Quỳnh Vi,Vì Sao Ta Mất Nhau[/B][/COLOR]</title>
<link>plugin://plugin.video.youtube/play/?video_id=oE9D216gDM8</link>
<thumbnail>https://img.youtube.com/vi/oE9D216gDM8/0.jpg</thumbnail>
</item>

<item>
<title>[COLOR lime][B]Bằng Kiều, Thế Sơn, Quang Lê, Tr,Con Đường Cái Quan[/B][/COLOR]</title>
<link>plugin://plugin.video.youtube/play/?video_id=Ja0NQrElugI</link>
<thumbnail>https://img.youtube.com/vi/Ja0NQrElugI/0.jpg</thumbnail>
</item>

<item>
<title>[COLOR lime][B]QUỲNH VI, NHƯ LOAN,Tình Đầu & Yêu Nhau Bốn Mùa[/B][/COLOR]</title>
<link>plugin://plugin.video.youtube/play/?video_id=RNqjZqPOm_E</link>
<thumbnail>https://img.youtube.com/vi/RNqjZqPOm_E/0.jpg</thumbnail>
</item>

<item>
<title>[COLOR lime][B]Quang Lê,Bài ca tết cho em[/B][/COLOR]</title>
<link>plugin://plugin.video.youtube/play/?video_id=3QoIfFUODpU</link>
<thumbnail>https://img.youtube.com/vi/3QoIfFUODpU/0.jpg</thumbnail>
</item>

<item>
<title>[COLOR lime][B]Quang Lê,Hai Chuyến Tàu Đêm[/B][/COLOR]</title>
<link>plugin://plugin.video.youtube/play/?video_id=o3aQytfvdS0</link>
<thumbnail>https://img.youtube.com/vi/o3aQytfvdS0/0.jpg</thumbnail>
</item>

<item>
<title>[COLOR lime][B]Quang Lê, Mai Thiên Vân,Ngày xưa anh nói[/B][/COLOR]</title>
<link>plugin://plugin.video.youtube/play/?video_id=tTL3rlNsXo4</link>
<thumbnail>https://img.youtube.com/vi/tTL3rlNsXo4/0.jpg</thumbnail>
</item>

<item>
<title>[COLOR lime][B]Quang Lê, Ngọc Hạ,Duyên Quê[/B][/COLOR]</title>
<link>plugin://plugin.video.youtube/play/?video_id=vWndwYmgEH0</link>
<thumbnail>https://img.youtube.com/vi/vWndwYmgEH0/0.jpg</thumbnail>
</item>

<item>
<title>[COLOR lime][B]Quang Lê, Bài Ca Tết Cho Em[/B][/COLOR]</title>
<link>plugin://plugin.video.youtube/play/?video_id=3OW02fqhf2g</link>
<thumbnail>https://img.youtube.com/vi/3OW02fqhf2g/0.jpg</thumbnail>
</item>

<item>
<title>[COLOR lime][B]Mai Thiên Vân & Quang Lê,Chuyện Tình Buồn 100 Năm[/B][/COLOR]</title>
<link>plugin://plugin.video.youtube/play/?video_id=fZ0uRAcETwg</link>
<thumbnail>https://img.youtube.com/vi/fZ0uRAcETwg/0.jpg</thumbnail>
</item>

<item>
<title>[COLOR lime][B]Quang Lê,Những Con Đường Trắng[/B][/COLOR]</title>
<link>plugin://plugin.video.youtube/play/?video_id=cmCQHLSlbbM</link>
<thumbnail>https://img.youtube.com/vi/cmCQHLSlbbM/0.jpg</thumbnail>
</item>

<item>
<title>[COLOR lime][B]Quang Lê,Xin Thời Gian Qua Mau[/B][/COLOR]</title>
<link>plugin://plugin.video.youtube/play/?video_id=6FYLEDqXGEg</link>
<thumbnail>https://img.youtube.com/vi/6FYLEDqXGEg/0.jpg</thumbnail>
</item>

<item>
<title>[COLOR lime][B]Minh Tuyết,Hát với chú ve con[/B][/COLOR]</title>
<link>plugin://plugin.video.youtube/play/?video_id=FBkWH3g6otw</link>
<thumbnail>https://img.youtube.com/vi/FBkWH3g6otw/0.jpg</thumbnail>
</item>

<item>
<title>[COLOR lime][B]Minh Tuyết,Giới hạn cuối[/B][/COLOR]</title>
<link>plugin://plugin.video.youtube/play/?video_id=QqAfY1ojJro</link>
<thumbnail>https://img.youtube.com/vi/QqAfY1ojJro/0.jpg</thumbnail>
</item>

<item>
<title>[COLOR lime][B]Minh Tuyết Quang Dũng Khánh Ly,Còn Tuổi Nào Cho Em Tuổi Đá Buồn Xin Trả Nợ Người[/B][/COLOR]</title>
<link>plugin://plugin.video.youtube/play/?video_id=g3h6l6Dxoro</link>
<thumbnail>https://img.youtube.com/vi/g3h6l6Dxoro/0.jpg</thumbnail>
</item>

<item>
<title>[COLOR lime][B]Như Quỳnh, Minh Tuyết, Tóc Tiên, Kỳ Phương Uyên,Gọi tên ngày mới[/B][/COLOR]</title>
<link>plugin://plugin.video.youtube/play/?video_id=wOScP-iedqM</link>
<thumbnail>https://img.youtube.com/vi/wOScP-iedqM/0.jpg</thumbnail>
</item>

<item>
<title>[COLOR lime][B] Bằng Kiều, Minh Tuyết, Kỳ Phương Uyên,Nhạc Kịch Tên Sở Khanh[/B][/COLOR]</title>
<link>plugin://plugin.video.youtube/play/?video_id=OS-yhcnterU</link>
<thumbnail>https://img.youtube.com/vi/OS-yhcnterU/0.jpg</thumbnail>
</item>

<item>
<title>[COLOR lime][B] Minh Tuyết,Còn Tuổi Nào Cho Em[/B][/COLOR]</title>
<link>plugin://plugin.video.youtube/play/?video_id=OS-V57-V-VXdsI</link>
<thumbnail>https://img.youtube.com/vi/V57-V-VXdsI/0.jpg</thumbnail>
</item>

<item>
<title>[COLOR lime][B]Như Quỳnh & Minh Tuyết,Mơ Một Tình Yêu[/B][/COLOR]</title>
<link>plugin://plugin.video.youtube/play/?video_id=_p7gY_RybxQ</link>
<thumbnail>https://img.youtube.com/vi/_p7gY_RybxQ/0.jpg</thumbnail>
</item>

<item>
<title>[COLOR lime][B]Minh Tuyết & Bằng Kiều,Xin Lỗi Anh[/B][/COLOR]</title>
<link>plugin://plugin.video.youtube/play/?video_id=cF_AOzF8Qoo</link>
<thumbnail>https://img.youtube.com/vi/cF_AOzF8Qoo/0.jpg</thumbnail>
</item>

<item>
<title>[COLOR lime][B]Minh Tuyết, Sàigòn Chiều Bơ Vơ[/B][/COLOR]</title>
<link>plugin://plugin.video.youtube/play/?video_id=HKUMq16sTN8</link>
<thumbnail>https://img.youtube.com/vi/HKUMq16sTN8/0.jpg</thumbnail>
</item>

<item>
<title>[COLOR lime][B]Ngọc Hạ,Thư Xuân Hải Ngoại[/B][/COLOR]</title>
<link>plugin://plugin.video.youtube/play/?video_id=Tc8vr43dnUk</link>
<thumbnail>https://img.youtube.com/vi/Tc8vr43dnUk/0.jpg</thumbnail>
</item>

<item>
<title>[COLOR lime][B]Ngọc Hạ & Trần Thái Hòa,Ngày Đó Chúng Mình[/B][/COLOR]</title>
<link>plugin://plugin.video.youtube/play/?video_id=1jvU39751ig</link>
<thumbnail>https://img.youtube.com/vi/1jvU39751ig/0.jpg</thumbnail>
</item>

<item>
<title>[COLOR lime][B]Quang Lê, Ngọc Hạ,Duyên Quê[/B][/COLOR]</title>
<link>plugin://plugin.video.youtube/play/?video_id=vWndwYmgEH0</link>
<thumbnail>https://img.youtube.com/vi/vWndwYmgEH0/0.jpg</thumbnail>
</item>

<item>
<title>[COLOR lime][B]Tú Quyên, Hương Giang, Diễm Sương,Quê tôi[/B][/COLOR]</title>
<link>plugin://plugin.video.youtube/play/?video_id=HOkw0dGxzh8</link>
<thumbnail>https://img.youtube.com/vi/HOkw0dGxzh8/0.jpg</thumbnail>
</item>

<item>
<title>[COLOR lime][B]Hương Giang, Ngày tết Việt Nam[/B][/COLOR]</title>
<link>plugin://plugin.video.youtube/play/?video_id=vgTLf5-5aSI</link>
<thumbnail>https://img.youtube.com/vi/vgTLf5-5aSI/0.jpg</thumbnail>
</item>

<item>
<title>[COLOR lime][B]Hương Giang, Sầu Khúc Mùa Đông[/B][/COLOR]</title>
<link>plugin://plugin.video.youtube/play/?video_id=fcVf98e36tc</link>
<thumbnail>https://img.youtube.com/vi/fcVf98e36tc/0.jpg</thumbnail>
</item>

<item>
<title>[COLOR lime][B]Hương Giang, Ngọc Anh, Đừng bỏ em một mình, Nếu một mai em qua đời[/B][/COLOR]</title>
<link>plugin://plugin.video.youtube/play/?video_id=DR7x6B5tafQ</link>
<thumbnail>https://img.youtube.com/vi/DR7x6B5tafQ/0.jpg</thumbnail>
</item>

<item>
<title>[COLOR lime][B]Hương Giang , Dương Triệu Vũ, Em Lụa Là[/B][/COLOR]</title>
<link>plugin://plugin.video.youtube/play/?video_id=6zgRXB7Kxu4</link>
<thumbnail>https://img.youtube.com/vi/6zgRXB7Kxu4/0.jpg</thumbnail>
</item>

<item>
<title>[COLOR lime][B]Hương Giang, Sầu Khúc Mùa Đông[/B][/COLOR]</title>
<link>plugin://plugin.video.youtube/play/?video_id=Q_wzOsACVYw</link>
<thumbnail>https://img.youtube.com/vi/Q_wzOsACVYw/0.jpg</thumbnail>
</item>

<item>
<title>[COLOR lime][B]Tóc Tiên, Quỳnh Vi, Diễm Sương, Kỳ Phương Uyên, Ngày Tết Việt Nam[/B][/COLOR]</title>
<link>plugin://plugin.video.youtube/play/?video_id=4xdulPSPKqE</link>
<thumbnail>https://img.youtube.com/vi/4xdulPSPKqE/0.jpg</thumbnail>
</item>

<item>
<title>[COLOR lime][B]Tú Quyên & Hương Giang & Diễm Sương, Quê Tôi[/B][/COLOR]</title>
<link>plugin://plugin.video.youtube/play/?video_id=oDKvsJPx4q0</link>
<thumbnail>https://img.youtube.com/vi/oDKvsJPx4q0/0.jpg</thumbnail>
</item>

<item>
<title>[COLOR lime][B]Mai Tiến Dũng & Hương Giang, Dịu Dàng Từng Phút Giây[/B][/COLOR]</title>
<link>plugin://plugin.video.youtube/play/?video_id=wJqZIAuzr28</link>
<thumbnail>https://img.youtube.com/vi/wJqZIAuzr28/0.jpg</thumbnail>
</item>

<item>
<title>[COLOR lime][B]Mai Tiến Dũng, Tóc Tiên, Người tình ơi mơ gì[/B][/COLOR]</title>
<link>plugin://plugin.video.youtube/play/?video_id=5nPY3ZqNW5w</link>
<thumbnail>https://img.youtube.com/vi/5nPY3ZqNW5w/0.jpg</thumbnail>
</item>

<item>
<title>[COLOR lime][B]Mai Tiến Dũng, Môi Xinh Nụ Cười[/B][/COLOR]</title>
<link>plugin://plugin.video.youtube/play/?video_id=qCzvv1X6-zk</link>
<thumbnail>https://img.youtube.com/vi/qCzvv1X6-zk/0.jpg</thumbnail>
</item>

<item>
<title>[COLOR lime][B]Mai Tiến Dũng, Tóc Tiên Ending Angel[/B][/COLOR]</title>
<link>plugin://plugin.video.youtube/play/?video_id=Ksj7sjyttzU</link>
<thumbnail>https://img.youtube.com/vi/Ksj7sjyttzU/0.jpg</thumbnail>
</item>

<item>
<title>[COLOR lime][B]Ánh Minh, Mai Tiến Dũng, Quỳnh Vi, Như Loan, Tung Bay & Cò Lả[/B][/COLOR]</title>
<link>plugin://plugin.video.youtube/play/?video_id=HyOVb5tdAak</link>
<thumbnail>https://img.youtube.com/vi/HyOVb5tdAak/0.jpg</thumbnail>
</item>

<item>
<title>[COLOR lime][B]Mai Tiến Dũng, Môi Xinh Nụ Cười[/B][/COLOR]</title>
<link>plugin://plugin.video.youtube/play/?video_id=ruwaiP_LVzA</link>
<thumbnail>https://img.youtube.com/vi/ruwaiP_LVzA/0.jpg</thumbnail>
</item>

<item>
<title>[COLOR lime][B] Mai Tiến Dũng, Tóc Tiên, Lam Anh, Như Loan, Ánh Minh, Sài Gòn, Sài Gòn[/B][/COLOR]</title>
<link>plugin://plugin.video.youtube/play/?video_id=ldGKQyr-p8U</link>
<thumbnail>https://img.youtube.com/vi/ldGKQyr-p8U/0.jpg</thumbnail>
</item>

<item>
<title>[COLOR lime][B]Mai Tiến Dũng & Hương Giang, Dịu Dàng Từng Phút Giây[/B][/COLOR]</title>
<link>plugin://plugin.video.youtube/play/?video_id=wJqZIAuzr28</link>
<thumbnail>https://img.youtube.com/vi/wJqZIAuzr28/0.jpg</thumbnail>
</item>

<item>
<title>[COLOR lime][B]Hồ Lệ Thu, Khánh Ly,Những kiếp hoa xuân, Cánh hoa xưa[/B][/COLOR]</title>
<link>plugin://plugin.video.youtube/play/?video_id=Di06l-Zk7Ms</link>
<thumbnail>https://img.youtube.com/vi/Di06l-Zk7Ms/0.jpg</thumbnail>
</item>

<item>
<title>[COLOR lime][B]Hồ Lệ Thu, Chén Đắng[/B][/COLOR]</title>
<link>plugin://plugin.video.youtube/play/?video_id=YKPrCZ6n2y4</link>
<thumbnail>https://img.youtube.com/vi/YKPrCZ6n2y4/0.jpg</thumbnail>
</item>

<item>
<title>[COLOR lime][B]Trịnh Lam & Hồ Lệ Thu, Trong Cơn Say[/B][/COLOR]</title>
<link>plugin://plugin.video.youtube/play/?video_id=F4tuDYubh2w</link>
<thumbnail>https://img.youtube.com/vi/F4tuDYubh2w/0.jpg</thumbnail>
</item>

<item>
<title>[COLOR lime][B]Hồ Lệ Thu, Chén Đắng[/B][/COLOR]</title>
<link>plugin://plugin.video.youtube/play/?video_id=6sfyTRC23bc</link>
<thumbnail>https://img.youtube.com/vi/6sfyTRC23bc/0.jpg</thumbnail>
</item>

<item>
<title>[COLOR lime][B]Lương Tùng Quang & Hồ Lệ Thu, Tình Chết Theo Mùa Đông[/B][/COLOR]</title>
<link>plugin://plugin.video.youtube/play/?video_id=KI1kD-_42-Y</link>
<thumbnail>https://img.youtube.com/vi/KI1kD-_42-Y/0.jpg</thumbnail>
</item>

<item>
<title>[COLOR lime][B]Hồ Lệ Thu, Bảo Hân, Thùy Vân, Đêm Đô Thị Sàigòn[/B][/COLOR]</title>
<link>plugin://plugin.video.youtube/play/?video_id=QhrleOgxKtM</link>
<thumbnail>https://img.youtube.com/vi/QhrleOgxKtM/0.jpg</thumbnail>
</item>

<item>
<title>[COLOR lime][B]Hồ Lệ Thu, Như Loan, Thanh Trúc, Tôi Yêu[/B][/COLOR]</title>
<link>plugin://plugin.video.youtube/play/?video_id=mIv1vfLmPt4</link>
<thumbnail>https://img.youtube.com/vi/mIv1vfLmPt4/0.jpg</thumbnail>
</item>

<item>
<title>[COLOR lime][B]Hồ Lệ Thu, Khánh Ly, Những kiếp hoa xuân, Cánh hoa xưa[/B][/COLOR]</title>
<link>plugin://plugin.video.youtube/play/?video_id=Di06l-Zk7Ms</link>
<thumbnail>https://img.youtube.com/vi/Di06l-Zk7Ms/0.jpg</thumbnail>
</item>

<item>
<title>[COLOR lime][B]Minh Tuyết, Quang Dũng, Khánh Ly,Còn Tuổi Nào Cho Em, Tuổi Đá Buồn, Xin Trả Nợ Người[/B][/COLOR]</title>
<link>plugin://plugin.video.youtube/play/?video_id=g3h6l6Dxoro</link>
<thumbnail>https://img.youtube.com/vi/g3h6l6Dxoro/0.jpg</thumbnail>
</item>

<item>
<title>[COLOR lime][B]Khánh Ly & Nguyễn Ngọc Ngạn,Về đây nghe em[/B][/COLOR]</title>
<link>plugin://plugin.video.youtube/play/?video_id=LH3rQ2APc0A</link>
<thumbnail>https://img.youtube.com/vi/LH3rQ2APc0A/0.jpg</thumbnail>
</item>

<item>
<title>[COLOR lime][B]Khánh Ly, Xin Trả Nợ Người[/B][/COLOR]</title>
<link>plugin://plugin.video.youtube/play/?video_id=oEiE96J19uM</link>
<thumbnail>https://img.youtube.com/vi/oEiE96J19uM/0.jpg</thumbnail>
</item>

<item>
<title>[COLOR lime][B]Khánh Ly & Thanh Tuyền, Tiễn Đưa Về Mái Nhà Xưa[/B][/COLOR]</title>
<link>plugin://plugin.video.youtube/play/?video_id=QzUq-2I7-KE</link>
<thumbnail>https://img.youtube.com/vi/QzUq-2I7-KE/0.jpg</thumbnail>
</item>

<item>
<title>[COLOR lime][B]Khánh Ly, Bài Ca Trên Những Xác Người[/B][/COLOR]</title>
<link>plugin://plugin.video.youtube/play/?video_id=phaNp9sSgVo</link>
<thumbnail>https://img.youtube.com/vi/phaNp9sSgVo/0.jpg</thumbnail>
</item>

<item>
<title>[COLOR lime][B]Thanh Hà, Như Loan, Mộng chiều xuân, Phố hoa[/B][/COLOR]</title>
<link>plugin://plugin.video.youtube/play/?video_id=3jxbtWDnpkU</link>
<thumbnail>https://img.youtube.com/vi/3jxbtWDnpkU/0.jpg</thumbnail>
</item>


<item>
<title>[COLOR lime][B]Như Loan, Diễm Sương,Yêu[/B][/COLOR]</title>
<link>plugin://plugin.video.youtube/play/?video_id=OSHDljd498c</link>
<thumbnail>https://img.youtube.com/vi/OSHDljd498c/0.jpg</thumbnail>
</item>

<item>
<title>[COLOR lime][B]Như Loan, Quên đi hạnh phúc ban đầu[/B][/COLOR]</title>
<link>plugin://plugin.video.youtube/play/?video_id=iDPtSitToNU</link>
<thumbnail>https://img.youtube.com/vi/iDPtSitToNU/0.jpg</thumbnail>
</item>

<item>
<title>[COLOR lime][B]Như Loan, Lương Tùng Quang,Em Phải Tin Vào Điều Đó[/B][/COLOR]</title>
<link>plugin://plugin.video.youtube/play/?video_id=gT4CUsgGrzI</link>
<thumbnail>https://img.youtube.com/vi/gT4CUsgGrzI/0.jpg</thumbnail>
</item>

<item>
<title>[COLOR lime][B]Ánh Minh, Mai Tiến Dũng, Quỳnh Vi, Như Loan, Tung Bay & Cò Lả[/B][/COLOR]</title>
<link>plugin://plugin.video.youtube/play/?video_id=HyOVb5tdAak</link>
<thumbnail>https://img.youtube.com/vi/HyOVb5tdAak/0.jpg</thumbnail>
</item>

<item>
<title>[COLOR lime][B]Mai Tiến Dũng, Tóc Tiên, Lam Anh, Như Loan, Ánh Minh,Sài Gòn, Sài Gòn[/B][/COLOR]</title>
<link>plugin://plugin.video.youtube/play/?video_id=ldGKQyr-p8U</link>
<thumbnail>https://img.youtube.com/vi/ldGKQyr-p8U/0.jpg</thumbnail>
</item>

<item>
<title>[COLOR lime][B]Như Loan,Phố Hoa[/B][/COLOR]</title>
<link>plugin://plugin.video.youtube/play/?video_id=ghdj57KKOYA</link>
<thumbnail>https://img.youtube.com/vi/ghdj57KKOYA/0.jpg</thumbnail>
</item>

<item>
<title>[COLOR lime][B]Tóc Tiên & Như Loan, Tình Còn Đam Mê[/B][/COLOR]</title>
<link>plugin://plugin.video.youtube/play/?video_id=YswiXvpmUEo</link>
<thumbnail>https://img.youtube.com/vi/YswiXvpmUEo/0.jpg</thumbnail>
</item>

<item>
<title>[COLOR lime][B]Hồ Lệ Thu, Như Loan, Thanh Trúc,Tôi Yêu[/B][/COLOR]</title>
<link>plugin://plugin.video.youtube/play/?video_id=mIv1vfLmPt4</link>
<thumbnail>https://img.youtube.com/vi/mIv1vfLmPt4/0.jpg</thumbnail>
</item>

<item>
<title>[COLOR lime][B]Phi Nhung, Quê Hương mùa xuân[/B][/COLOR]</title>
<link>plugin://plugin.video.youtube/play/?video_id=PXc6xZF-as0</link>
<thumbnail>https://img.youtube.com/vi/PXc6xZF-as0/0.jpg</thumbnail>
</item>

<item>
<title>[COLOR lime][B]Mạnh Quỳnh & Phi Nhung, Tân cổ Ngày Buồn[/B][/COLOR]</title>
<link>plugin://plugin.video.youtube/play/?video_id=zlrgD4Hf7uc</link>
<thumbnail>https://img.youtube.com/vi/zlrgD4Hf7uc/0.jpg</thumbnail>
</item>

<item>
<title>[COLOR lime][B]PHI NHUNG, DUY TRƯỜNG,LK Khóc Thầm, Buồn Chi Em Ơi[/B][/COLOR]</title>
<link>plugin://plugin.video.youtube/play/?video_id=Y2vgh5rrCRg</link>
<thumbnail>https://img.youtube.com/vi/Y2vgh5rrCRg/0.jpg</thumbnail>
</item>

<item>
<title>[COLOR lime][B]Trịnh Lam, Lam Anh, Khúc giao mùa[/B][/COLOR]</title>
<link>plugin://plugin.video.youtube/play/?video_id=IJeRTlhF9-4</link>
<thumbnail>https://img.youtube.com/vi/IJeRTlhF9-4/0.jpg</thumbnail>
</item>

<item>
<title>[COLOR lime][B]Trịnh Lam, Diễm Sương, Mai một mối tình đầu[/B][/COLOR]</title>
<link>plugin://plugin.video.youtube/play/?video_id=8r4n77CUvJ0</link>
<thumbnail>https://img.youtube.com/vi/8r4n77CUvJ0/0.jpg</thumbnail>
</item>

<item>
<title>[COLOR lime][B]Trịnh Lam & Hồ Lệ Thu,Trong Cơn Say[/B][/COLOR]</title>
<link>plugin://plugin.video.youtube/play/?video_id=F4tuDYubh2w</link>
<thumbnail>https://img.youtube.com/vi/F4tuDYubh2w/0.jpg</thumbnail>
</item>

<item>
<title>[COLOR lime][B]Trịnh Lam, Sàigòn Niềm Thương Nỗi Nhớ [/B][/COLOR]</title>
<link>plugin://plugin.video.youtube/play/?video_id=s2FPhMRTd_k</link>
<thumbnail>https://img.youtube.com/vi/s2FPhMRTd_k/0.jpg</thumbnail>
</item>

<item>
<title>[COLOR lime][B]Mai Thiên Vân, Nghĩ chuyện ngày xuân [/B][/COLOR]</title>
<link>plugin://plugin.video.youtube/play/?video_id=S4AF6w9A_RE</link>
<thumbnail>https://img.youtube.com/vi/S4AF6w9A_RE/0.jpg</thumbnail>
</item>

<item>
<title>[COLOR lime][B]Mai Thiên Vân,Ngày tết Việt Nam[/B][/COLOR]</title>
<link>plugin://plugin.video.youtube/play/?video_id=vgTLf5-5aSI</link>
<thumbnail>https://img.youtube.com/vi/vgTLf5-5aSI/0.jpg</thumbnail>
</item>

<item>
<title>[COLOR lime][B]Mai Thiên Vân, Nếu Đời Không Có Anh[/B][/COLOR]</title>
<link>plugin://plugin.video.youtube/play/?video_id=d-dxW_hoqik</link>
<thumbnail>https://img.youtube.com/vi/d-dxW_hoqik/0.jpg</thumbnail>
</item>

<item>
<title>[COLOR lime][B]Quang Lê, Mai Thiên Vân, Ngày xưa anh nói[/B][/COLOR]</title>
<link>plugin://plugin.video.youtube/play/?video_id=tTL3rlNsXo4</link>
<thumbnail>https://img.youtube.com/vi/tTL3rlNsXo4/0.jpg</thumbnail>
</item>

<item>
<title>[COLOR lime][B]Mai Thiên Vân, Trường Vũ, Anh Hãy Về Đi Sang Đông[/B][/COLOR]</title>
<link>plugin://plugin.video.youtube/play/?video_id=Ili13G-qLG8</link>
<thumbnail>https://img.youtube.com/vi/Ili13G-qLG8/0.jpg</thumbnail>
</item>

<item>
<title>[COLOR lime][B]Mai Thiên Vân, Nếu Đời Không Có Anh[/B][/COLOR]</title>
<link>plugin://plugin.video.youtube/play/?video_id=KgPmOg8ne2U</link>
<thumbnail>https://img.youtube.com/vi/KgPmOg8ne2U/0.jpg</thumbnail>
</item>

<item>
<title>[COLOR lime][B]Mai Thiên Vân, Duy Trường, Tân Cổ “Mừng Tuổi Mẹ”[/B][/COLOR]</title>
<link>plugin://plugin.video.youtube/play/?video_id=nXo62S7Ludc</link>
<thumbnail>https://img.youtube.com/vi/nXo62S7Ludc/0.jpg</thumbnail>
</item>

<item>
<title>[COLOR lime][B]Mai Thiên Vân, Nghĩ Chuyện Ngày Xuân[/B][/COLOR]</title>
<link>plugin://plugin.video.youtube/play/?video_id=RQynAOmwGaA</link>
<thumbnail>https://img.youtube.com/vi/RQynAOmwGaA/0.jpg</thumbnail>
</item>

<item>
<title>[COLOR lime][B]Mai Thiên Vân, Tuấn Quỳnh, Cảm Ơn[/B][/COLOR]</title>
<link>plugin://plugin.video.youtube/play/?video_id=hsq9Ae4LnMU</link>
<thumbnail>https://img.youtube.com/vi/hsq9Ae4LnMU/0.jpg</thumbnail>
</item>

<item>
<title>[COLOR lime][B]Mai Thiên Vân & Quang Lê, Chuyện Tình Buồn 100 Năm[/B][/COLOR]</title>
<link>plugin://plugin.video.youtube/play/?video_id=fZ0uRAcETwg</link>
<thumbnail>https://img.youtube.com/vi/fZ0uRAcETwg/0.jpg</thumbnail>
</item>

<item>
<title>[COLOR lime][B]Mai Thiên Vân, Tiếng Sông Hương[/B][/COLOR]</title>
<link>plugin://plugin.video.youtube/play/?video_id=5MwcQvKOZhA</link>
<thumbnail>https://img.youtube.com/vi/5MwcQvKOZhA/0.jpg</thumbnail>
</item>

<item>
<title>[COLOR lime][B]Thế Sơn, Một Đời Yêu Em[/B][/COLOR]</title>
<link>plugin://plugin.video.youtube/play/?video_id=gLo7psRsREI</link>
<thumbnail>https://img.youtube.com/vi/gLo7psRsREI/0.jpg</thumbnail>
</item>

<item>
<title>[COLOR lime][B]Thế Sơn,Hỏi Người Còn Nhớ Đến Ta[/B][/COLOR]</title>
<link>plugin://plugin.video.youtube/play/?video_id=ZLbHW8Vdu8I</link>
<thumbnail>https://img.youtube.com/vi/ZLbHW8Vdu8I/0.jpg</thumbnail>
</item>

<item>
<title>[COLOR lime][B]Thế Sơn, Thanh Hà,Tình đầu tình cuối[/B][/COLOR]</title>
<link>plugin://plugin.video.youtube/play/?video_id=DZWkSDcxjSQ</link>
<thumbnail>https://img.youtube.com/vi/DZWkSDcxjSQ/0.jpg</thumbnail>
</item>

<item>
<title>[COLOR lime][B]Thế Sơn, Một Đời Yêu Em[/B][/COLOR]</title>
<link>plugin://plugin.video.youtube/play/?video_id=ytEN3jLy_3c</link>
<thumbnail>https://img.youtube.com/vi/ytEN3jLy_3c/0.jpg</thumbnail>
</item>

<item>
<title>[COLOR lime][B]Trần Thái Hòa, Thế Sơn, Trịnh Lam, Belle[/B][/COLOR]</title>
<link>plugin://plugin.video.youtube/play/?video_id=wqsloAoeOQU</link>
<thumbnail>https://img.youtube.com/vi/wqsloAoeOQU/0.jpg</thumbnail>
</item>

<item>
<title>[COLOR lime][B]Thu Phương & Thế Sơn,LK Lời Cuối Cho Em, Nhìn Nhau Lần Cuối[/B][/COLOR]</title>
<link>plugin://plugin.video.youtube/play/?video_id=Z0SKFMggcxU</link>
<thumbnail>https://img.youtube.com/vi/Z0SKFMggcxU/0.jpg</thumbnail>
</item>

<item>
<title>[COLOR lime][B]Thế Sơn, Hà Nội Mùa Vắng Những Cơn Mưa[/B][/COLOR]</title>
<link>plugin://plugin.video.youtube/play/?video_id=H51LWBpbztg</link>
<thumbnail>https://img.youtube.com/vi/H51LWBpbztg/0.jpg</thumbnail>
</item>

<item>
<title>[COLOR lime][B]Thu Phương, Nghìn Trùng Xa Cách[/B][/COLOR]</title>
<link>plugin://plugin.video.youtube/play/?video_id=_5fNNOqU95I</link>
<thumbnail>https://img.youtube.com/vi/_5fNNOqU95I/0.jpg</thumbnail>
</item>

<item>
<title>[COLOR lime][B]Thu Phương, LK Một Thoáng Tây Hồ & Chiều Phủ Tây Hồ[/B][/COLOR]</title>
<link>plugin://plugin.video.youtube/play/?video_id=H8wO8ogadsk</link>
<thumbnail>https://img.youtube.com/vi/H8wO8ogadsk/0.jpg</thumbnail>
</item>

<item>
<title>[COLOR lime][B]Thu Phương, Nghìn Trùng Xa Cách[/B][/COLOR]</title>
<link>plugin://plugin.video.youtube/play/?video_id=X_vuvtaCKxM</link>
<thumbnail>https://img.youtube.com/vi/X_vuvtaCKxM/0.jpg</thumbnail>
</item>

<item>
<title>[COLOR lime][B]Thu Phương, Dạ Khúc Cho Tình Nhân[/B][/COLOR]</title>
<link>plugin://plugin.video.youtube/play/?video_id=89gODDCSEdM</link>
<thumbnail>https://img.youtube.com/vi/89gODDCSEdM/0.jpg</thumbnail>
</item>

<item>
<title>[COLOR lime][B]Thu Phương & Thế Sơn, LK Lời Cuối Cho Em, Nhìn Nhau Lần Cuối[/B][/COLOR]</title>
<link>plugin://plugin.video.youtube/play/?video_id=Z0SKFMggcxU</link>
<thumbnail>https://img.youtube.com/vi/Z0SKFMggcxU/0.jpg</thumbnail>
</item>

<item>
<title>[COLOR lime][B]Thu Phương, Hướng Về Hà Nội[/B][/COLOR]</title>
<link>plugin://plugin.video.youtube/play/?video_id=gBIYtM0-v9I</link>
<thumbnail>https://img.youtube.com/vi/gBIYtM0-v9I/0.jpg</thumbnail>
</item>

<item>
<title>[COLOR lime][B]Lương Tùng Quang,Anh và Em[/B][/COLOR]</title>
<link>plugin://plugin.video.youtube/play/?video_id=iHqknhWAbWw</link>
<thumbnail>https://img.youtube.com/vi/iHqknhWAbWw/0.jpg</thumbnail>
</item>

<item>
<title>[COLOR lime][B]Lương Tùng Quang & Hồ Lệ Thu,Anh và Em[/B][/COLOR]</title>
<link>plugin://plugin.video.youtube/play/?video_id=KI1kD-_42-Y</link>
<thumbnail>https://img.youtube.com/vi/KI1kD-_42-Y/0.jpg</thumbnail>
</item>

<item>
<title>[COLOR lime][B]Lương Tùng Quang, Chân Tình[/B][/COLOR]</title>
<link>plugin://plugin.video.youtube/play/?video_id=Ip_nCWWkux0</link>
<thumbnail>https://img.youtube.com/vi/Ip_nCWWkux0/0.jpg</thumbnail>
</item>

<item>
<title>[COLOR lime][B]Hương Thủy, Họp Mặt Lần Cuối[/B][/COLOR]</title>
<link>plugin://plugin.video.youtube/play/?video_id=PBmflCVSgFY</link>
<thumbnail>https://img.youtube.com/vi/PBmflCVSgFY/0.jpg</thumbnail>
</item>

<item>
<title>[COLOR lime][B]Hương Lan, Hương Thủy, Vọng cổ thiêng liêng tình mẹ[/B][/COLOR]</title>
<link>plugin://plugin.video.youtube/play/?video_id=Fwm6_DNQqkc</link>
<thumbnail>https://img.youtube.com/vi/Fwm6_DNQqkc/0.jpg</thumbnail>
</item>

<item>
<title>[COLOR lime][B]Hương Thủy,Hương Tình Gái Quê[/B][/COLOR]</title>
<link>plugin://plugin.video.youtube/play/?video_id=tSs7NXkMDYs</link>
<thumbnail>https://img.youtube.com/vi/tSs7NXkMDYs/0.jpg</thumbnail>
</item>

<item>
<title>[COLOR lime][B]Hương Thủy,Ước Nguyện Đầu Xuân[/B][/COLOR]</title>
<link>plugin://plugin.video.youtube/play/?video_id=lzzeLOEO2No</link>
<thumbnail>https://img.youtube.com/vi/lzzeLOEO2No/0.jpg</thumbnail>
</item>

<item>
<title>[COLOR lime][B]Hương Thủy,Mẹ Từ Bi[/B][/COLOR]</title>
<link>plugin://plugin.video.youtube/play/?video_id=lWoURhbVdzg</link>
<thumbnail>https://img.youtube.com/vi/lWoURhbVdzg/0.jpg</thumbnail>
</item>

<item>
<title>[COLOR lime][B]Hương Thủy, Thế Sơn, Quang Lê,Con Đường Cái Quan[/B][/COLOR]</title>
<link>plugin://plugin.video.youtube/play/?video_id=YUCbIAOtb50</link>
<thumbnail>https://img.youtube.com/vi/YUCbIAOtb50/0.jpg</thumbnail>
</item>

<item>
<title>[COLOR lime][B]Ý Lan,Như chưa bắt đầu[/B][/COLOR]</title>
<link>plugin://plugin.video.youtube/play/?video_id=ra1VPZy77TU</link>
<thumbnail>https://img.youtube.com/vi/ra1VPZy77TU/0.jpg</thumbnail>
</item>

<item>
<title>[COLOR lime][B]Ý Lan, Ngọc Anh,LK Mùa Thu Không Trở Lại & Lá Thu Vàng[/B][/COLOR]</title>
<link>plugin://plugin.video.youtube/play/?video_id=koU8-Hj9-jw</link>
<thumbnail>https://img.youtube.com/vi/koU8-Hj9-jw/0.jpg</thumbnail>
</item>

<item>
<title>[COLOR lime][B]Ý Lan, Suối Tóc[/B][/COLOR]</title>
<link>plugin://plugin.video.youtube/play/?video_id=pZGLzWeLqVg</link>
<thumbnail>https://img.youtube.com/vi/pZGLzWeLqVg/0.jpg</thumbnail>
</item>

<item>
<title>[COLOR lime][B]Ý Lan & Elvis Phương,Trăm Nhớ Ngàn Thương & 10 Năm Tình Cũ[/B][/COLOR]</title>
<link>plugin://plugin.video.youtube/play/?video_id=eDaKnq2FEAU</link>
<thumbnail>https://img.youtube.com/vi/eDaKnq2FEAU/0.jpg</thumbnail>
</item>

<item>
<title>[COLOR lime][B]Ý Lan, Trở Về Huế & 10 Năm Tình Cũ[/B][/COLOR]</title>
<link>plugin://plugin.video.youtube/play/?video_id=7WUoBGPuS-Q</link>
<thumbnail>https://img.youtube.com/vi/7WUoBGPuS-Q/0.jpg</thumbnail>
</item>

<item>
<title>[COLOR lime][B]Hương Lan, Hương Thủy, Vọng cổ thiêng liêng tình mẹ[/B][/COLOR]</title>
<link>plugin://plugin.video.youtube/play/?video_id=Fwm6_DNQqkc</link>
<thumbnail>https://img.youtube.com/vi/Fwm6_DNQqkc/0.jpg</thumbnail>
</item>

<item>
<title>[COLOR lime][B]Hương Lan, Giang Tử,Hoa Nở Về Đêm[/B][/COLOR]</title>
<link>plugin://plugin.video.youtube/play/?video_id=01u3WgxmgFk</link>
<thumbnail>https://img.youtube.com/vi/01u3WgxmgFk/0.jpg</thumbnail>
</item>

<item>
<title>[COLOR lime][B]Hương Lan & Thái Châu,Chân Trời Tím[/B][/COLOR]</title>
<link>plugin://plugin.video.youtube/play/?video_id=o0Z4-GsDnu0</link>
<thumbnail>https://img.youtube.com/vi/o0Z4-GsDnu0/0.jpg</thumbnail>
</item>

<item>
<title>[COLOR lime][B]Hương Lan, Minh Vương,Tân cổ "Tiếng Hò Miền Nam"[/B][/COLOR]</title>
<link>plugin://plugin.video.youtube/play/?video_id=tYCbvEPWDaI</link>
<thumbnail>https://img.youtube.com/vi/tYCbvEPWDaI/0.jpg</thumbnail>
</item>

<item>
<title>[COLOR lime][B]Nguyễn Hưng, Lynda Trang Đài,Singing In The Rain Rhythm Of The Rain[/B][/COLOR]</title>
<link>plugin://plugin.video.youtube/play/?video_id=19Jrdm9z6VI</link>
<thumbnail>https://img.youtube.com/vi/19Jrdm9z6VI/0.jpg</thumbnail>
</item>

<item>
<title>[COLOR lime][B]Lynda Trang Đài, Tommy Ngô,Chỉ Còn Đêm Nay[/B][/COLOR]</title>
<link>plugin://plugin.video.youtube/play/?video_id=CRMtM8DDTh0</link>
<thumbnail>https://img.youtube.com/vi/CRMtM8DDTh0/0.jpg</thumbnail>
</item>

<item>
<title>[COLOR lime][B]Ánh Minh, Bắt đầu một kết thúc[/B][/COLOR]</title>
<link>plugin://plugin.video.youtube/play/?video_id=_Z-Fl5Gx1Vs</link>
<thumbnail>https://img.youtube.com/vi/_Z-Fl5Gx1Vs/0.jpg</thumbnail>
</item>

<item>
<title>[COLOR lime][B]Ánh Minh, Mai Tiến Dũng, Quỳnh Vi, Như Loan, Tung Bay & Cò Lả[/B][/COLOR]</title>
<link>plugin://plugin.video.youtube/play/?video_id=HyOVb5tdAak</link>
<thumbnail>https://img.youtube.com/vi/HyOVb5tdAak/0.jpg</thumbnail>
</item>

<item>
<title>[COLOR lime][B]Mai Tiến Dũng, Tóc Tiên, Lam Anh, Như Loan, Ánh Minh,Sài Gòn, Sài Gòn [/B][/COLOR]</title>
<link>plugin://plugin.video.youtube/play/?video_id=ldGKQyr-p8U</link>
<thumbnail>https://img.youtube.com/vi/ldGKQyr-p8U/0.jpg</thumbnail>
</item>

<item>
<title>[COLOR lime][B]Ánh Minh,Tôi Là Người Việt Nam [/B][/COLOR]</title>
<link>plugin://plugin.video.youtube/play/?video_id=k4S2w5z2X7A</link>
<thumbnail>https://img.youtube.com/vi/k4S2w5z2X7A/0.jpg</thumbnail>
</item>

<item>
<title>[COLOR lime][B]Hương Giang , Dương Triệu Vũ,Em Lụa Là[/B][/COLOR]</title>
<link>plugin://plugin.video.youtube/play/?video_id=6zgRXB7Kxu4</link>
<thumbnail>https://img.youtube.com/vi/6zgRXB7Kxu4/0.jpg</thumbnail>
</item>

<item>
<title>[COLOR lime][B]Mai Thiên Vân, Dương Triệu Vũ,Con Đường Cái Quan[/B][/COLOR]</title>
<link>plugin://plugin.video.youtube/play/?video_id=VcmpAGm-JOs</link>
<thumbnail>https://img.youtube.com/vi/VcmpAGm-JOs/0.jpg</thumbnail>
</item>

<item>
<title>[COLOR lime][B]Dương Triệu Vũ,Đêm Lang Thang[/B][/COLOR]</title>
<link>plugin://plugin.video.youtube/play/?video_id=8b-pAICH__E</link>
<thumbnail>https://img.youtube.com/vi/8b-pAICH__E/0.jpg</thumbnail>
</item>

<item>
<title>[COLOR lime][B]Ngọc Anh,Xuân với đời sống mới[/B][/COLOR]</title>
<link>plugin://plugin.video.youtube/play/?video_id=ZSP69PwqkWo</link>
<thumbnail>https://img.youtube.com/vi/ZSP69PwqkWo/0.jpg</thumbnail>
</item>

<item>
<title>[COLOR lime][B]Ngọc Anh, Bài Không Tên Cuối Cùng[/B][/COLOR]</title>
<link>plugin://plugin.video.youtube/play/?video_id=EK--Xc_-RWQ</link>
<thumbnail>https://img.youtube.com/vi/EK--Xc_-RWQ/0.jpg</thumbnail>
</item>

<item>
<title>[COLOR lime][B]Hương Giang, Ngọc Anh,Đừng bỏ em một mình, Nếu một mai em qua đời[/B][/COLOR]</title>
<link>plugin://plugin.video.youtube/play/?video_id=DR7x6B5tafQ</link>
<thumbnail>https://img.youtube.com/vi/DR7x6B5tafQ/0.jpg</thumbnail>
</item>

<item>
<title>[COLOR lime][B]Ý Lan, Ngọc Anh,LK Mùa Thu Không Trở Lại & Lá Thu Vàng[/B][/COLOR]</title>
<link>plugin://plugin.video.youtube/play/?video_id=koU8-Hj9-jw</link>
<thumbnail>https://img.youtube.com/vi/koU8-Hj9-jw/0.jpg</thumbnail>
</item>

<item>
<title>[COLOR lime][B]Ngọc Anh,Bài Không Tên Cuối Cùng[/B][/COLOR]</title>
<link>plugin://plugin.video.youtube/play/?video_id=Sk65yZy-xHs</link>
<thumbnail>https://img.youtube.com/vi/Sk65yZy-xHs/0.jpg</thumbnail>
</item>

<item>
<title>[COLOR lime][B]Nguyễn Hưng, Tôi Muốn Quên Người,Nửa Hồn Thương Đau [/B][/COLOR]</title>
<link>plugin://plugin.video.youtube/play/?video_id=I5fZB2JIxnw</link>
<thumbnail>https://img.youtube.com/vi/I5fZB2JIxnw/0.jpg</thumbnail>
</item>

<item>
<title>[COLOR lime][B]Như Quỳnh,Xuân đẹp làm sao[/B][/COLOR]</title>
<link>plugin://plugin.video.youtube/play/?video_id=iTKJxJU_gm0</link>
<thumbnail>https://img.youtube.com/vi/iTKJxJU_gm0/0.jpg</thumbnail>
</item>

<item>
<title>[COLOR lime][B]Như Quỳnh,Trả Lại Thời Gian[/B][/COLOR]</title>
<link>plugin://plugin.video.youtube/play/?video_id=f3Usa6MW6l0</link>
<thumbnail>https://img.youtube.com/vi/f3Usa6MW6l0/0.jpg</thumbnail>
</item>

<item>
<title>[COLOR lime][B]Như Quỳnh, Mạnh Quỳnh,LK phượng buồn , kỉ niệm nào buồn[/B][/COLOR]</title>
<link>plugin://plugin.video.youtube/play/?video_id=TahIynujb_8</link>
<thumbnail>https://img.youtube.com/vi/TahIynujb_8/0.jpg</thumbnail>
</item>

<item>
<title>[COLOR lime][B]Như Quỳnh, Minh Tuyết, Tóc Tiên, Kỳ Phương Uyên,Gọi tên ngày mới [/B][/COLOR]</title>
<link>plugin://plugin.video.youtube/play/?video_id=wOScP-iedqM</link>
<thumbnail>https://img.youtube.com/vi/wOScP-iedqM/0.jpg</thumbnail>
</item>

<item>
<title>[COLOR lime][B]Như Quỳnh, Chút Kỷ Niệm Buồn[/B][/COLOR]</title>
<link>plugin://plugin.video.youtube/play/?video_id=by-PV9yrQOw</link>
<thumbnail>https://img.youtube.com/vi/by-PV9yrQOw/0.jpg</thumbnail>
</item>

<item>
<title>[COLOR lime][B]Như Quỳnh,Trả Lại Thời Gian[/B][/COLOR]</title>
<link>plugin://plugin.video.youtube/play/?video_id=X0ygzLiB5HE</link>
<thumbnail>https://img.youtube.com/vi/X0ygzLiB5HE/0.jpg</thumbnail>
</item>

<item>
<title>[COLOR lime][B]Như Quỳnh,Xuân Đẹp Làm Sao[/B][/COLOR]</title>
<link>plugin://plugin.video.youtube/play/?video_id=3AEBRa56VX8</link>
<thumbnail>https://img.youtube.com/vi/3AEBRa56VX8/0.jpg</thumbnail>
</item>

<item>
<title>[COLOR lime][B]Như Quỳnh & Minh Tuyết,Mơ Một Tình Yêu[/B][/COLOR]</title>
<link>plugin://plugin.video.youtube/play/?video_id=_p7gY_RybxQ</link>
<thumbnail>https://img.youtube.com/vi/_p7gY_RybxQ/0.jpg</thumbnail>
</item>

<item>
<title>[COLOR lime][B]Như Quỳnh & Trường Vũ,Con Đường Mang Tên Em[/B][/COLOR]</title>
<link>plugin://plugin.video.youtube/play/?video_id=8YMDAaT9_wk</link>
<thumbnail>https://img.youtube.com/vi/8YMDAaT9_wk/0.jpg</thumbnail>
</item>

<item>
<title>[COLOR lime][B] Nguyễn Hưng,Tình có như không[/B][/COLOR]</title>
<link>plugin://plugin.video.youtube/play/?video_id=3qQJoQ2SF2w</link>
<thumbnail>https://img.youtube.com/vi/3qQJoQ2SF2w/0.jpg</thumbnail>
</item>

<item>
<title>[COLOR lime][B] Nguyễn Hưng,Thuở ban đầu[/B][/COLOR]</title>
<link>plugin://plugin.video.youtube/play/?video_id=COtIEf3N7Jk</link>
<thumbnail>https://img.youtube.com/vi/COtIEf3N7Jk/0.jpg</thumbnail>
</item>

<item>
<title>[COLOR lime][B]Nguyễn Hưng, Lynda Trang Đài,Singing In The Rain Rhythm Of The Rain[/B][/COLOR]</title>
<link>plugin://plugin.video.youtube/play/?video_id=19Jrdm9z6VI</link>
<thumbnail>https://img.youtube.com/vi/19Jrdm9z6VI/0.jpg</thumbnail>
</item>

<item>
<title>[COLOR lime][B]Nguyễn Hưng,Tình Yêu Không Có Lỗi[/B][/COLOR]</title>
<link>plugin://plugin.video.youtube/play/?video_id=pzBzxXLDkZA</link>
<thumbnail>https://img.youtube.com/vi/pzBzxXLDkZA/0.jpg</thumbnail>
</item>

<item>
<title>[COLOR lime][B]Nguyễn Hưng,Tôi Muốn Quên Người,Nửa Hồn Thương Đau[/B][/COLOR]</title>
<link>plugin://plugin.video.youtube/play/?video_id=I5fZB2JIxnw</link>
<thumbnail>https://img.youtube.com/vi/I5fZB2JIxnw/0.jpg</thumbnail>
</item>

<item>
<title>[COLOR lime][B]Trần Thái Hòa,Nụ cười sơn cước[/B][/COLOR]</title>
<link>plugin://plugin.video.youtube/play/?video_id=JYBoj0-h5mE</link>
<thumbnail>https://img.youtube.com/vi/JYBoj0-h5mE/0.jpg</thumbnail>
</item>

<item>
<title>[COLOR lime][B]Trần Thái Hòa, Thế Sơn, Trịnh Lam,Belle [/B][/COLOR]</title>
<link>plugin://plugin.video.youtube/play/?video_id=wqsloAoeOQU</link>
<thumbnail>https://img.youtube.com/vi/wqsloAoeOQU/0.jpg</thumbnail>
</item>

<item>
<title>[COLOR lime][B]Duy Trường, Quỳnh Dung,Ngày xuân thăm nhau[/B][/COLOR]</title>
<link>plugin://plugin.video.youtube/play/?video_id=Vr50hR5xfv4</link>
<thumbnail>https://img.youtube.com/vi/Vr50hR5xfv4/0.jpg</thumbnail>
</item>

<item>
<title>[COLOR lime][B]Duy Trường, Tội Tình [/B][/COLOR]</title>
<link>plugin://plugin.video.youtube/play/?video_id=0tPS2g13nm4</link>
<thumbnail>https://img.youtube.com/vi/0tPS2g13nm4/0.jpg</thumbnail>
</item>

<item>
<title>[COLOR lime][B]Hạ Vy, Duy Trường, Chuyến đò không em [/B][/COLOR]</title>
<link>plugin://plugin.video.youtube/play/?video_id=wM0m7vM9wzs</link>
<thumbnail>https://img.youtube.com/vi/wM0m7vM9wzs/0.jpg</thumbnail>
</item>

<item>
<title>[COLOR lime][B]Tuấn Vũ, Duy Trường, Khánh Lâm, LK Nghèo [/B][/COLOR]</title>
<link>plugin://plugin.video.youtube/play/?video_id=5xXdfrI7sZ8</link>
<thumbnail>https://img.youtube.com/vi/5xXdfrI7sZ8/0.jpg</thumbnail>
</item>

<item>
<title>[COLOR lime][B]Mai Thiên Vân, Duy Trường, Tân Cổ “Mừng Tuổi Mẹ”[/B][/COLOR]</title>
<link>plugin://plugin.video.youtube/play/?video_id=nXo62S7Ludc</link>
<thumbnail>https://img.youtube.com/vi/nXo62S7Ludc/0.jpg</thumbnail>
</item>

<item>
<title>[COLOR lime][B]Duy Trường & Quỳnh Dung,Ngày Xuân Thăm Nhau[/B][/COLOR]</title>
<link>plugin://plugin.video.youtube/play/?video_id=dfiZtN8PImI</link>
<thumbnail>https://img.youtube.com/vi/dfiZtN8PImI/0.jpg</thumbnail>
</item>

<item>
<title>[COLOR lime][B] Duy Trường Quỳnh Dung Thành An, Nó Và Tôi,Những Ngày Xưa Thân Ái[/B][/COLOR]</title>
<link>plugin://plugin.video.youtube/play/?video_id=Ucg9Nvs5A1o</link>
<thumbnail>https://img.youtube.com/vi/Ucg9Nvs5A1o/0.jpg</thumbnail>
</item>

<item>
<title>[COLOR lime][B]Duy Trường, Quỳnh Dung, Quen Nhau Trên Đường Về[/B][/COLOR]</title>
<link>plugin://plugin.video.youtube/play/?video_id=6HZWmmiMGIg</link>
<thumbnail>https://img.youtube.com/vi/6HZWmmiMGIg/0.jpg</thumbnail>
</item>

<item>
<title>[COLOR lime][B]Quang Dũng, Mùa xuân trên đỉnh bình yên[/B][/COLOR]</title>
<link>plugin://plugin.video.youtube/play/?video_id=YkCoe6U6T2E</link>
<thumbnail>https://img.youtube.com/vi/YkCoe6U6T2E/0.jpg</thumbnail>
</item>

<item>
<title>[COLOR lime][B]Minh Tuyết Quang Dũng Khánh Ly,Còn Tuổi Nào Cho Em Tuổi Đá Buồn Xin Trả Nợ Người[/B][/COLOR]</title>
<link>plugin://plugin.video.youtube/play/?video_id=g3h6l6Dxoro</link>
<thumbnail>https://img.youtube.com/vi/g3h6l6Dxoro/0.jpg</thumbnail>
</item>

<item>
<title>[COLOR lime][B]Don Hồ, Quang Dũng,Lời Tình Buồn & Một Lần Nào Cho Tôi Gặp Lại Em[/B][/COLOR]</title>
<link>plugin://plugin.video.youtube/play/?video_id=7l7hev1eQqc</link>
<thumbnail>https://img.youtube.com/vi/7l7hev1eQqc/0.jpg</thumbnail>
</item>

<item>
<title>[COLOR lime][B]Quang Dũng, Tuổi Đá Buồn[/B][/COLOR]</title>
<link>plugin://plugin.video.youtube/play/?video_id=sJNenqTScjw</link>
<thumbnail>https://img.youtube.com/vi/sJNenqTScjw/0.jpg</thumbnail>
</item>

<item>
<title>[COLOR lime][B]Quang Dũng,Hà Nội Ngày Trở Về [/B][/COLOR]</title>
<link>plugin://plugin.video.youtube/play/?video_id=gJ25SRF11Oo</link>
<thumbnail>https://img.youtube.com/vi/gJ25SRF11Oo/0.jpg</thumbnail>
</item>

<item>
<title>[COLOR lime][B]Mạnh Quỳnh, Trường Vũ,Giọt Cafe đầu tiên[/B][/COLOR]</title>
<link>plugin://plugin.video.youtube/play/?video_id=9k9YlGGP7Rw</link>
<thumbnail>https://img.youtube.com/vi/9k9YlGGP7Rw/0.jpg</thumbnail>
</item>

<item>
<title>[COLOR lime][B]Như Quỳnh, Mạnh Quỳnh,LK phượng buồn , kỉ niệm nào buồn[/B][/COLOR]</title>
<link>plugin://plugin.video.youtube/play/?video_id=TahIynujb_8</link>
<thumbnail>https://img.youtube.com/vi/TahIynujb_8/0.jpg</thumbnail>
</item>

<item>
<title>[COLOR lime][B]Hạ Vy & Mạnh Quỳnh,LK Trót Dại & Tình Chỉ Đẹp[/B][/COLOR]</title>
<link>plugin://plugin.video.youtube/play/?video_id=KfYzE0DgCCA</link>
<thumbnail>https://img.youtube.com/vi/KfYzE0DgCCA/0.jpg</thumbnail>
</item>

<item>
<title>[COLOR lime][B]Mạnh Quỳnh & Phi Nhung,Tân cổ Ngày Buồn[/B][/COLOR]</title>
<link>plugin://plugin.video.youtube/play/?video_id=zlrgD4Hf7uc</link>
<thumbnail>https://img.youtube.com/vi/zlrgD4Hf7uc/0.jpg</thumbnail>
</item>

<item>
<title>[COLOR lime][B]Mai Thiên Vân, Trường Vũ, Anh Hãy Về Đi Sang Đông[/B][/COLOR]</title>
<link>plugin://plugin.video.youtube/play/?video_id=Ili13G-qLG8</link>
<thumbnail>https://img.youtube.com/vi/Ili13G-qLG8/0.jpg</thumbnail>
</item>

<item>
<title>[COLOR lime][B]Như Quỳnh & Trường Vũ,Con Đường Mang Tên Em[/B][/COLOR]</title>
<link>plugin://plugin.video.youtube/play/?video_id=8YMDAaT9_wk</link>
<thumbnail>https://img.youtube.com/vi/8YMDAaT9_wk/0.jpg</thumbnail>
</item>

<item>
<title>[COLOR lime][B]Mai Tiến Dũng, Tóc Tiên,Người tình ơi mơ gì[/B][/COLOR]</title>
<link>plugin://plugin.video.youtube/play/?video_id=5nPY3ZqNW5w</link>
<thumbnail>https://img.youtube.com/vi/5nPY3ZqNW5w/0.jpg</thumbnail>
</item>

<item>
<title>[COLOR lime][B]Khánh Hà,Em đã thấy mùa xuân chưa[/B][/COLOR]</title>
<link>plugin://plugin.video.youtube/play/?video_id=4OvjqyTs_lw</link>
<thumbnail>https://img.youtube.com/vi/4OvjqyTs_lw/0.jpg</thumbnail>
</item>

<item>
<title>[COLOR lime][B]Khánh Hà, Elvis Phương,Liên khúc nhạc pháp[/B][/COLOR]</title>
<link>plugin://plugin.video.youtube/play/?video_id=3xRn6Wyi0lE</link>
<thumbnail>https://img.youtube.com/vi/3xRn6Wyi0lE/0.jpg</thumbnail>
</item>

<item>
<title>[COLOR lime][B]Khánh Hà & Tuấn Ngọc,LK Nhạc Swing[/B][/COLOR]</title>
<link>plugin://plugin.video.youtube/play/?video_id=rrKscXeQHXM</link>
<thumbnail>https://img.youtube.com/vi/rrKscXeQHXM/0.jpg</thumbnail>
</item>

<item>
<title>[COLOR lime][B]Khánh Hà & Tuấn Ngọc,The Prayer[/B][/COLOR]</title>
<link>plugin://plugin.video.youtube/play/?video_id=pinsdyo3mSI</link>
<thumbnail>https://img.youtube.com/vi/pinsdyo3mSI/0.jpg</thumbnail>
</item>

<item>
<title>[COLOR lime][B]Khánh Hà, Giấc Mơ Hồi Hương [/B][/COLOR]</title>
<link>plugin://plugin.video.youtube/play/?video_id=gAoV-X_4JCU</link>
<thumbnail>https://img.youtube.com/vi/gAoV-X_4JCU/0.jpg</thumbnail>
</item>

<item>
<title>[COLOR lime][B]Don Hồ, Kỳ Phương Uyên, Ca khúc mừng xuân[/B][/COLOR]</title>
<link>plugin://plugin.video.youtube/play/?video_id=UI0FU1zV9_U</link>
<thumbnail>https://img.youtube.com/vi/UI0FU1zV9_U/0.jpg</thumbnail>
</item>

<item>
<title>[COLOR lime][B]Don Hồ,Đời Không Còn Nhau[/B][/COLOR]</title>
<link>plugin://plugin.video.youtube/play/?video_id=6QU91tcuO8c</link>
<thumbnail>https://img.youtube.com/vi/6QU91tcuO8c/0.jpg</thumbnail>
</item>

<item>
<title>[COLOR lime][B]Don Hồ, Ngọc Liên,Giấc mơ tuổi hai mươi, Về lại phố xưa[/B][/COLOR]</title>
<link>plugin://plugin.video.youtube/play/?video_id=UBdTpXykHuk</link>
<thumbnail>https://img.youtube.com/vi/UBdTpXykHuk/0.jpg</thumbnail>
</item>

<item>
<title>[COLOR lime][B]Don Hồ, Quang Dũng,Lời Tình Buồn & Một Lần Nào Cho Tôi Gặp Lại Em[/B][/COLOR]</title>
<link>plugin://plugin.video.youtube/play/?video_id=7l7hev1eQqc</link>
<thumbnail>https://img.youtube.com/vi/7l7hev1eQqc/0.jpg</thumbnail>
</item>

<item>
<title>[COLOR lime][B]Don Hồ & Kỳ Phương Uyên,Ca Khúc Mừng Xuân[/B][/COLOR]</title>
<link>plugin://plugin.video.youtube/play/?video_id=11WVxvf_fEc</link>
<thumbnail>https://img.youtube.com/vi/11WVxvf_fEc/0.jpg</thumbnail>
</item>

<item>
<title>[COLOR lime][B]Thanh Hà & Don Hồ, Tại Sao Là Không?[/B][/COLOR]</title>
<link>plugin://plugin.video.youtube/play/?video_id=WKNfLy4rKEg</link>
<thumbnail>https://img.youtube.com/vi/WKNfLy4rKEg/0.jpg</thumbnail>
</item>

<item>
<title>[COLOR lime][B]Don Hồ, Kỳ Phương Uyên,Ca khúc mừng xuân[/B][/COLOR]</title>
<link>plugin://plugin.video.youtube/play/?video_id=UI0FU1zV9_U</link>
<thumbnail>https://img.youtube.com/vi/UI0FU1zV9_U/0.jpg</thumbnail>
</item>

<item>
<title>[COLOR lime][B]Kỳ Phương Uyên,Ngày tết Việt Nam[/B][/COLOR]</title>
<link>plugin://plugin.video.youtube/play/?video_id=vgTLf5-5aSI</link>
<thumbnail>https://img.youtube.com/vi/vgTLf5-5aSI/0.jpg</thumbnail>
</item>

<item>
<title>[COLOR lime][B]Kỳ Phương Uyên,Một Mình Trong Đêm[/B][/COLOR]</title>
<link>plugin://plugin.video.youtube/play/?video_id=GethvK0b8VE</link>
<thumbnail>https://img.youtube.com/vi/GethvK0b8VE/0.jpg</thumbnail>
</item>

<item>
<title>[COLOR lime][B]Lương Tùng Quang, Kỳ Phương Uyên,Hỏi người hỏi tình[/B][/COLOR]</title>
<link>plugin://plugin.video.youtube/play/?video_id=hpbc5CjxL2Y</link>
<thumbnail>https://img.youtube.com/vi/hpbc5CjxL2Y/0.jpg</thumbnail>
</item>

<item>
<title>[COLOR lime][B]Như Quỳnh, Minh Tuyết, Tóc Tiên, Kỳ Phương Uyên,Gọi tên ngày mới[/B][/COLOR]</title>
<link>plugin://plugin.video.youtube/play/?video_id=wOScP-iedqM</link>
<thumbnail>https://img.youtube.com/vi/wOScP-iedqM/0.jpg</thumbnail>
</item>

<item>
<title>[COLOR lime][B]Bằng Kiều, Minh Tuyết, Kỳ Phương Uyên, Nhạc Kịch Tên Sở Khanh[/B][/COLOR]</title>
<link>plugin://plugin.video.youtube/play/?video_id=OS-yhcnterU</link>
<thumbnail>https://img.youtube.com/vi/OS-yhcnterU/0.jpg</thumbnail>
</item>

<item>
<title>[COLOR lime][B]Tú Quyên, Hương Giang, Diễm Sương, Quê tôi[/B][/COLOR]</title>
<link>plugin://plugin.video.youtube/play/?video_id=HOkw0dGxzh8</link>
<thumbnail>https://img.youtube.com/vi/HOkw0dGxzh8/0.jpg</thumbnail>
</item>

<item>
<title>[COLOR lime][B]Diễm Sương,Ngày tết Việt Nam[/B][/COLOR]</title>
<link>plugin://plugin.video.youtube/play/?video_id=vgTLf5-5aSI</link>
<thumbnail>https://img.youtube.com/vi/vgTLf5-5aSI/0.jpg</thumbnail>
</item>

<item>
<title>[COLOR lime][B]Như Loan, Diễm Sương,Yêu[/B][/COLOR]</title>
<link>plugin://plugin.video.youtube/play/?video_id=OSHDljd498c</link>
<thumbnail>https://img.youtube.com/vi/OSHDljd498c/0.jpg</thumbnail>
</item>

<item>
<title>[COLOR lime][B]Trịnh Lam, Diễm Sương,Mai một mối tình đầu[/B][/COLOR]</title>
<link>plugin://plugin.video.youtube/play/?video_id=8r4n77CUvJ0</link>
<thumbnail>https://img.youtube.com/vi/8r4n77CUvJ0/0.jpg</thumbnail>
</item>

<item>
<title>[COLOR lime][B]Diễm Sương, Lưu Bích,Hai Người Bạn & Tình Yêu Đánh Rơi[/B][/COLOR]</title>
<link>plugin://plugin.video.youtube/play/?video_id=w-NkpwHyKqA</link>
<thumbnail>https://img.youtube.com/vi/w-NkpwHyKqA/0.jpg</thumbnail>
</item>

<item>
<title>[COLOR lime][B]Tú Quyên & Hương Giang & Diễm Sương, Quê Tôi[/B][/COLOR]</title>
<link>plugin://plugin.video.youtube/play/?video_id=oDKvsJPx4q0</link>
<thumbnail>https://img.youtube.com/vi/oDKvsJPx4q0/0.jpg</thumbnail>
</item>

<item>
<title>[COLOR lime][B]Tú Quyên & Diễm Sương, Cho Em Mãi Được Yêu[/B][/COLOR]</title>
<link>plugin://plugin.video.youtube/play/?video_id=j8sFqWBJg9M</link>
<thumbnail>https://img.youtube.com/vi/j8sFqWBJg9M/0.jpg</thumbnail>
</item>

<item>
<title>[COLOR lime][B]Tóc Tiên,Gục Ngã[/B][/COLOR]</title>
<link>plugin://plugin.video.youtube/play/?video_id=HqC_TkOILVk</link>
<thumbnail>https://img.youtube.com/vi/HqC_TkOILVk/0.jpg</thumbnail>
</item>

<item>
<title>[COLOR lime][B]Mai Tiến Dũng, Tóc Tiên, Ending Angel[/B][/COLOR]</title>
<link>plugin://plugin.video.youtube/play/?video_id=Ksj7sjyttzU</link>
<thumbnail>https://img.youtube.com/vi/Ksj7sjyttzU/0.jpg</thumbnail>
</item>

<item>
<title>[COLOR lime][B]Như Quỳnh, Minh Tuyết, Tóc Tiên, Kỳ Phương Uyên,Gọi tên ngày mới[/B][/COLOR]</title>
<link>plugin://plugin.video.youtube/play/?video_id=wOScP-iedqM</link>
<thumbnail>https://img.youtube.com/vi/wOScP-iedqM/0.jpg</thumbnail>
</item>

<item>
<title>[COLOR lime][B]Tóc Tiên, Tiễn Anh Về Nơi Xa[/B][/COLOR]</title>
<link>plugin://plugin.video.youtube/play/?video_id=j08WWTfqf2U</link>
<thumbnail>https://img.youtube.com/vi/j08WWTfqf2U/0.jpg</thumbnail>
</item>

<item>
<title>[COLOR lime][B]Tóc Tiên, Gục Ngã[/B][/COLOR]</title>
<link>plugin://plugin.video.youtube/play/?video_id=nRItk30ppTk</link>
<thumbnail>https://img.youtube.com/vi/nRItk30ppTk/0.jpg</thumbnail>
</item>

<item>
<title>[COLOR lime][B]Mai Tiến Dũng, Tóc Tiên, Lam Anh, Như Loan, Ánh Minh,Sài Gòn, Sài Gòn[/B][/COLOR]</title>
<link>plugin://plugin.video.youtube/play/?video_id=ldGKQyr-p8U</link>
<thumbnail>https://img.youtube.com/vi/ldGKQyr-p8U/0.jpg</thumbnail>
</item>

<item>
<title>[COLOR lime][B]Tóc Tiên, Quỳnh Vi, Diễm Sương, Kỳ Phương Uyên, Ngày Tết Việt Nam[/B][/COLOR]</title>
<link>plugin://plugin.video.youtube/play/?video_id=4xdulPSPKqE</link>
<thumbnail>https://img.youtube.com/vi/4xdulPSPKqE/0.jpg</thumbnail>
</item>

<item>
<title>[COLOR lime][B]Tóc Tiên & Mai Tiến Dũng,Người Tình Ơi! Mơ Gì[/B][/COLOR]</title>
<link>plugin://plugin.video.youtube/play/?video_id=LwDNl1aFIRs</link>
<thumbnail>https://img.youtube.com/vi/LwDNl1aFIRs/0.jpg</thumbnail>
</item>

<item>
<title>[COLOR lime][B]Tóc Tiên & Như Loan, Tình Còn Đam Mê[/B][/COLOR]</title>
<link>plugin://plugin.video.youtube/play/?video_id=YswiXvpmUEo</link>
<thumbnail>https://img.youtube.com/vi/YswiXvpmUEo/0.jpg</thumbnail>
</item>

<item>
<title>[COLOR lime][B]Lưu Bích, Trần Quang Vũ,Giao mùa[/B][/COLOR]</title>
<link>plugin://plugin.video.youtube/play/?video_id=rCgDVJOe9Tg</link>
<thumbnail>https://img.youtube.com/vi/rCgDVJOe9Tg/0.jpg</thumbnail>
</item>

<item>
<title>[COLOR lime][B]Lưu Bích,Muộn[/B][/COLOR]</title>
<link>plugin://plugin.video.youtube/play/?video_id=GaYXITTWI-Q</link>
<thumbnail>https://img.youtube.com/vi/GaYXITTWI-Q/0.jpg</thumbnail>
</item>

<item>
<title>[COLOR lime][B]Lưu Bích,Tình tuyệt diệu[/B][/COLOR]</title>
<link>plugin://plugin.video.youtube/play/?video_id=eyRKgbuLogo</link>
<thumbnail>https://img.youtube.com/vi/eyRKgbuLogo-Q/0.jpg</thumbnail>
</item>

<item>
<title>[COLOR lime][B]Diễm Sương, Lưu Bích,Hai Người Bạn & Tình Yêu Đánh Rơi[/B][/COLOR]</title>
<link>plugin://plugin.video.youtube/play/?video_id=w-NkpwHyKqA</link>
<thumbnail>https://img.youtube.com/vi/w-NkpwHyKqA/0.jpg</thumbnail>
</item>

<item>
<title>[COLOR lime][B]Thủy Tiên Lưu Bích,Một Ngày Không Có Anh Nếu Một Ngày[/B][/COLOR]</title>
<link>plugin://plugin.video.youtube/play/?video_id=xHdwqN1-oF0</link>
<thumbnail>https://img.youtube.com/vi/xHdwqN1-oF0/0.jpg</thumbnail>
</item>

<item>
<title>[COLOR lime][B]Thanh Hà, Như Loan,Mộng chiều xuân, Phố hoa[/B][/COLOR]</title>
<link>plugin://plugin.video.youtube/play/?video_id=3jxbtWDnpkU</link>
<thumbnail>https://img.youtube.com/vi/3jxbtWDnpkU/0.jpg</thumbnail>
</item>

<item>
<title>[COLOR lime][B]Thanh Hà, Gọi Người Yêu Dấu[/B][/COLOR]</title>
<link>plugin://plugin.video.youtube/play/?video_id=p2VB7GBybg8</link>
<thumbnail>https://img.youtube.com/vi/p2VB7GBybg8/0.jpg</thumbnail>
</item>

<item>
<title>[COLOR lime][B]Thế Sơn, Thanh Hà,Tình đầu tình cuối [/B][/COLOR]</title>
<link>plugin://plugin.video.youtube/play/?video_id=DZWkSDcxjSQ</link>
<thumbnail>https://img.youtube.com/vi/DZWkSDcxjSQ/0.jpg</thumbnail>
</item>

<item>
<title>[COLOR lime][B] Trần Thái Hòa, Thanh Hà,Vũng Lầy Của Chúng Ta[/B][/COLOR]</title>
<link>plugin://plugin.video.youtube/play/?video_id=QUj3DhtXAhw</link>
<thumbnail>https://img.youtube.com/vi/QUj3DhtXAhw/0.jpg</thumbnail>
</item>

<item>
<title>[COLOR lime][B]Thanh Hà, Thiên Tôn, Hẹn Hò[/B][/COLOR]</title>
<link>plugin://plugin.video.youtube/play/?video_id=VaQ_sJ64x9E</link>
<thumbnail>https://img.youtube.com/vi/VaQ_sJ64x9E/0.jpg</thumbnail>
</item>

<item>
<title>[COLOR lime][B] Thanh Hà & Don Hồ,Tại Sao Là Không?[/B][/COLOR]</title>
<link>plugin://plugin.video.youtube/play/?video_id=WKNfLy4rKEg</link>
<thumbnail>https://img.youtube.com/vi/WKNfLy4rKEg/0.jpg</thumbnail>
</item>

<item>
<title>[COLOR lime][B]Giáng Ngọc - Bằng Kiều[/B][/COLOR]</title>
<link>plugin://plugin.video.youtube/play/?video_id=gdJ9bBOLGV4</link>
<thumbnail>https://img.youtube.com/vi/gdJ9bBOLGV4/0.jpg</thumbnail>
</item>

<item>
<title>[COLOR lime][B]Chí Tài, Việt Hương, Thúy Nga, Hoài Tâm, Bằng Kiều, Hài[/B][/COLOR]</title>
<link>plugin://plugin.video.youtube/play/?video_id=CqQ31b94Loc</link>
<thumbnail>https://img.youtube.com/vi/CqQ31b94Loc/0.jpg</thumbnail>
</item>

<item>
<title>[COLOR lime][B]Bằng Kiều, Lam Anh, Nơi tình yêu bắt đầu[/B][/COLOR]</title>
<link>plugin://plugin.video.youtube/play/?video_id=RfZQvF45YUs</link>
<thumbnail>https://img.youtube.com/vi/RfZQvF45YUs/0.jpg</thumbnail>
</item>

<item>
<title>[COLOR lime][B]Bằng Kiều, Đình Bảo, Thiên Tôn, Rồi Mai Tôi Đưa Em[/B][/COLOR]</title>
<link>plugin://plugin.video.youtube/play/?video_id=9HG_Fuo9J6Y</link>
<thumbnail>https://img.youtube.com/vi/9HG_Fuo9J6Y/0.jpg</thumbnail>
</item>

<item>
<title>[COLOR lime][B]Bằng Kiều, Bông Hồng Cài Áo[/B][/COLOR]</title>
<link>plugin://plugin.video.youtube/play/?video_id=8rKPfNqZByk</link>
<thumbnail>https://img.youtube.com/vi/8rKPfNqZByk/0.jpg</thumbnail>
</item>

<item>
<title>[COLOR lime][B]Bằng Kiều, Lam Anh,Khói Sương Mong Manh[/B][/COLOR]</title>
<link>plugin://plugin.video.youtube/play/?video_id=5t2gl8bGEM0</link>
<thumbnail>https://img.youtube.com/vi/5t2gl8bGEM0/0.jpg</thumbnail>
</item>

<item>
<title>[COLOR lime][B]Bằng Kiều Thúy Nga,Hài Đệ Tử Chân Truyền[/B][/COLOR]</title>
<link>plugin://plugin.video.youtube/play/?video_id=y-jDqCR1hOw</link>
<thumbnail>https://img.youtube.com/vi/y-jDqCR1hOw/0.jpg</thumbnail>
</item>

<item>
<title>[COLOR lime][B]Minh Tuyết & Bằng Kiều,Xin Lỗi Anh[/B][/COLOR]</title>
<link>plugin://plugin.video.youtube/play/?video_id=cF_AOzF8Qoo</link>
<thumbnail>https://img.youtube.com/vi/cF_AOzF8Qoo/0.jpg</thumbnail>
</item>

<item>
<title>[COLOR lime][B]Bằng Kiều,Em Ơi Hà Nội Phố[/B][/COLOR]</title>
<link>plugin://plugin.video.youtube/play/?video_id=b-k8e0WGoUI</link>
<thumbnail>https://img.youtube.com/vi/b-k8e0WGoUI/0.jpg</thumbnail>
</item>

<item>
<title>[COLOR lime][B]Trần Thái Hòa,Người Đi Qua Đời Tôi[/B][/COLOR]</title>
<link>plugin://plugin.video.youtube/play/?video_id=E3WJ_SaLOGQ</link>
<thumbnail>https://img.youtube.com/vi/E3WJ_SaLOGQ/0.jpg</thumbnail>
</item>

<item>
<title>[COLOR lime][B]Trần Thái Hòa, Mười năm yêu em[/B][/COLOR]</title>
<link>plugin://plugin.video.youtube/play/?video_id=7j_cKleP9qA</link>
<thumbnail>https://img.youtube.com/vi/7j_cKleP9qA/0.jpg</thumbnail>
</item>

<item>
<title>[COLOR lime][B]Trần Thái Hòa, Thanh Hà,Vũng Lầy Của Chúng Ta[/B][/COLOR]</title>
<link>plugin://plugin.video.youtube/play/?video_id=QUj3DhtXAhw</link>
<thumbnail>https://img.youtube.com/vi/QUj3DhtXAhw/0.jpg</thumbnail>
</item>

<item>
<title>[COLOR lime][B]Trần Thái Hòa, Nụ Cười Sơn Cước[/B][/COLOR]</title>
<link>plugin://plugin.video.youtube/play/?video_id=Bvudkj6pb4M</link>
<thumbnail>https://img.youtube.com/vi/Bvudkj6pb4M/0.jpg</thumbnail>
</item>

<item>
<title>[COLOR lime][B]Ngọc Hạ & Trần Thái Hòa, Ngày Đó Chúng Mình[/B][/COLOR]</title>
<link>plugin://plugin.video.youtube/play/?video_id=1jvU39751ig</link>
<thumbnail>https://img.youtube.com/vi/1jvU39751ig/0.jpg</thumbnail>
</item>

<item>
<title>[COLOR lime][B]Trần Thái Hòa, Trở Về[/B][/COLOR]</title>
<link>plugin://plugin.video.youtube/play/?video_id=CUylFQRuu4o</link>
<thumbnail>https://img.youtube.com/vi/CUylFQRuu4o/0.jpg</thumbnail>
</item>

<item>
<title>[COLOR lime][B]Kỳ Phương Uyên, Lương Tùng Quang, Hỏi người hỏi tình[/B][/COLOR]</title>
<link>plugin://plugin.video.youtube/play/?video_id=hpbc5CjxL2Y</link>
<thumbnail>https://img.youtube.com/vi/hpbc5CjxL2Y/0.jpg</thumbnail>
</item>

<item>
<title>[COLOR lime][B]Như Loan, Lương Tùng Quang, Em Phải Tin Vào Điều Đó[/B][/COLOR]</title>
<link>plugin://plugin.video.youtube/play/?video_id=gT4CUsgGrzI</link>
<thumbnail>https://img.youtube.com/vi/gT4CUsgGrzI/0.jpg</thumbnail>
</item>

<item>
<title>[COLOR lime][B]Lương Tùng Quang, Anh và Em[/B][/COLOR]</title>
<link>plugin://plugin.video.youtube/play/?video_id=JJU_6g3YSY0</link>
<thumbnail>https://img.youtube.com/vi/JJU_6g3YSY0/0.jpg</thumbnail>
</item>

<item>
<title>[COLOR lime][B]Lương Tùng Quang, Chân Tình[/B][/COLOR]</title>
<link>plugin://plugin.video.youtube/play/?video_id=Ip_nCWWkux0</link>
<thumbnail>https://img.youtube.com/vi/Ip_nCWWkux0/0.jpg</thumbnail>
</item>

<item>
<title>[COLOR lime][B]Lương Tùng Quang & Hồ Lệ Thu,Tình Chết Theo Mùa Đông[/B][/COLOR]</title>
<link>plugin://plugin.video.youtube/play/?video_id=KI1kD-_42-Y</link>
<thumbnail>https://img.youtube.com/vi/KI1kD-_42-Y/0.jpg</thumbnail>
</item>

<item>
<title>[COLOR lime][B]Khánh Hà, Elvis Phương,Liên khúc nhạc pháp[/B][/COLOR]</title>
<link>plugin://plugin.video.youtube/play/?video_id=3xRn6Wyi0lE</link>
<thumbnail>https://img.youtube.com/vi/3xRn6Wyi0lE/0.jpg</thumbnail>
</item>

<item>
<title>[COLOR lime][B]Họa Mi, Elvis Phương,LK Lam Phương[/B][/COLOR]</title>
<link>plugin://plugin.video.youtube/play/?video_id=96DO6OMzy80</link>
<thumbnail>https://img.youtube.com/vi/96DO6OMzy80/0.jpg</thumbnail>
</item>

<item>
<title>[COLOR lime][B]Ý Lan & Elvis Phương,Trăm Nhớ Ngàn Thương & 10 Năm Tình Cũ[/B][/COLOR]</title>
<link>plugin://plugin.video.youtube/play/?video_id=eDaKnq2FEAU</link>
<thumbnail>https://img.youtube.com/vi/eDaKnq2FEAU/0.jpg</thumbnail>
</item>

<item>
<title>[COLOR lime][B]Bằng Kiều, Đình Bảo, Thiên Tôn, Rồi Mai Tôi Đưa Em[/B][/COLOR]</title>
<link>plugin://plugin.video.youtube/play/?video_id=9HG_Fuo9J6Y</link>
<thumbnail>https://img.youtube.com/vi/9HG_Fuo9J6Y/0.jpg</thumbnail>
</item>

<item>
<title>[COLOR lime][B]Thanh Hà, Thiên Tôn,Hẹn Hò [/B][/COLOR]</title>
<link>plugin://plugin.video.youtube/play/?video_id=VaQ_sJ64x9E</link>
<thumbnail>https://img.youtube.com/vi/VaQ_sJ64x9E/0.jpg</thumbnail>
</item>

<item>
<title>[COLOR lime][B]Khánh Hà & Tuấn Ngọc,LK Nhạc Swing[/B][/COLOR]</title>
<link>plugin://plugin.video.youtube/play/?video_id=rrKscXeQHXM</link>
<thumbnail>https://img.youtube.com/vi/rrKscXeQHXM/0.jpg</thumbnail>
</item>

<item>
<title>[COLOR lime][B]Khánh Hà & Tuấn Ngọc,The Prayer[/B][/COLOR]</title>
<link>plugin://plugin.video.youtube/play/?video_id=pinsdyo3mSI</link>
<thumbnail>https://img.youtube.com/vi/pinsdyo3mSI/0.jpg</thumbnail>
</item>

<item>
<title>[COLOR lime][B]Thái Châu, Thế Sơn với Duy Quang trên màn ảnh, LK Phạm Duy[/B][/COLOR]</title>
<link>plugin://plugin.video.youtube/play/?video_id=ZsfGTtQM7tM</link>
<thumbnail>https://img.youtube.com/vi/ZsfGTtQM7tM/0.jpg</thumbnail>
</item>

<item>
<title>[COLOR lime][B]Hương Lan & Thái Châu,Chân Trời Tím[/B][/COLOR]</title>
<link>plugin://plugin.video.youtube/play/?video_id=o0Z4-GsDnu0</link>
<thumbnail>https://img.youtube.com/vi/o0Z4-GsDnu0/0.jpg</thumbnail>
</item>

<item>
<title>[COLOR lime][B] Duy Quang & Phi Khanh,Giọt Lệ Cho Ngàn Sau[/B][/COLOR]</title>
<link>plugin://plugin.video.youtube/play/?video_id=OUkuCy8fWqQ</link>
<thumbnail>https://img.youtube.com/vi/OUkuCy8fWqQ/0.jpg</thumbnail>
</item>

<item>
<title>[COLOR lime][B]Nguyên Lê, Quỳnh Dung,Phút đầu tiên[/B][/COLOR]</title>
<link>plugin://plugin.video.youtube/play/?video_id=X8TaID-6u00</link>
<thumbnail>https://img.youtube.com/vi/X8TaID-6u00/0.jpg</thumbnail>
</item>

<item>
<title>[COLOR lime][B]Bằng Kiều, Đình Bảo, Thiên Tôn,Rồi Mai Tôi Đưa Em[/B][/COLOR]</title>
<link>plugin://plugin.video.youtube/play/?video_id=9HG_Fuo9J6Y</link>
<thumbnail>https://img.youtube.com/vi/9HG_Fuo9J6Y/0.jpg</thumbnail>
</item>

<item>
<title>[COLOR lime][B]Họa Mi, Elvis Phương, LK Lam Phương[/B][/COLOR]</title>
<link>plugin://plugin.video.youtube/play/?video_id=96DO6OMzy80</link>
<thumbnail>https://img.youtube.com/vi/96DO6OMzy80/0.jpg</thumbnail>
</item>

<item>
<title>[COLOR lime][B]Hương Lan, Giang Tử,Hoa Nở Về Đêm[/B][/COLOR]</title>
<link>plugin://plugin.video.youtube/play/?video_id=01u3WgxmgFk</link>
<thumbnail>https://img.youtube.com/vi/01u3WgxmgFk/0.jpg</thumbnail>
</item>

<item>
<title>[COLOR lime][B]Hạ Vy & Mạnh Quỳnh,LK Trót Dại & Tình Chỉ Đẹp[/B][/COLOR]</title>
<link>plugin://plugin.video.youtube/play/?video_id=KfYzE0DgCCA</link>
<thumbnail>https://img.youtube.com/vi/KfYzE0DgCCA/0.jpg</thumbnail>
</item>

<item>
<title>[COLOR lime][B]Hạ Vy, Em Về Với Người[/B][/COLOR]</title>
<link>plugin://plugin.video.youtube/play/?video_id=exPB-P51-P0</link>
<thumbnail>https://img.youtube.com/vi/exPB-P51-P0/0.jpg</thumbnail>
</item>

<item>
<title>[COLOR lime][B]Tuấn Vũ, Duy Trường, Khánh Lâm,LK Nghèo[/B][/COLOR]</title>
<link>plugin://plugin.video.youtube/play/?video_id=5xXdfrI7sZ8</link>
<thumbnail>https://img.youtube.com/vi/5xXdfrI7sZ8/0.jpg</thumbnail>
</item>

</items>
</channel>
