﻿<item>
<title>[COLOR lime]ArenaVision EZY[/COLOR][COLOR blue][I] Addon ArenaVision EZY Necesario[/I][/COLOR]</title>
<link>http://Ignoreme</link>
<jsonrpc>plugin://plugin.video.arenavisionezy/</jsonrpc>
<thumbnail>http://i.imgur.com/204VXAA.png</thumbnail>
<fanart>http://i.imgur.com/hftJKqk.jpg</fanart>
</item>

<item>
<title>[COLOR lime][B] MyTube 1[/B][/COLOR]</title>
<premium>True</premium>
<link>ignorme</link>
<jsonrpc>plugin://plugin.video.youtube/kodion/search/list/</jsonrpc>
<thumbnail>http://ajbuilds.uk/art/660b4b8cb1d2131398912ee6cd46bdecyou-1920x1080-400x400.png</thumbnail>
<fanart>http://ajbuilds.uk/art/falconblue.jpg</fanart>
</item>

<item>
<title>[COLOR pink][B] MyTube 2[/B][/COLOR]</title>
<premium>True</premium>
<link>ignorme</link>
<jsonrpc>plugin://plugin.video.youtube/kodion/search/input/</jsonrpc>
<thumbnail>http://xbmc.itvplus.net/LOGO/MENU-SEARCH/TIM-TUBE2017.png</thumbnail>
</item>

<item>
<title>[COLOR lime]HD Viet[/COLOR][COLOR blue][I] Addon HDViet[/I][/COLOR]</title>
<link>http://Ignoreme</link>
<jsonrpc>plugin://plugin.video.hdviet</jsonrpc>
<thumbnail></thumbnail>
<fanart></fanart>
</item>
<item>
<title>[COLOR lime]USA TV [/COLOR][COLOR blue][I] Addon Playklub [/I][/COLOR]</title>
<link>http://Ignoreme</link>
<jsonrpc>plugin://plugin.video.playklub</jsonrpc>
<thumbnail></thumbnail>
<fanart></fanart>
</item>
<item>
<title>[COLOR lime]HD Play [/COLOR][COLOR blue][I] Addon HDPlay [/I][/COLOR]</title>
<link>http://Ignoreme</link>
<jsonrpc>plugin://plugin.video.tnp.hdplay</jsonrpc>
<thumbnail></thumbnail>
<fanart></fanart>
</item>
<item>
<title>[COLOR lime]MediaShare[/COLOR][COLOR blue][I] Addon MediaShare [/I][/COLOR]</title>
<link>http://Ignoreme</link>
<jsonrpc>plugin://plugin.video.tnp.mediashare</jsonrpc>
<thumbnail></thumbnail>
<fanart></fanart>
</item>

<item>
<title>[COLOR lime]VietmediaF[/COLOR][COLOR blue][I] Addon VietmediaF [/I][/COLOR]</title>
<link>http://Ignoreme</link>
<jsonrpc>plugin://plugin.video.vietmediaF</jsonrpc>
<thumbnail></thumbnail>
<fanart></fanart>
</item>
</item>
<item>
<title>[COLOR lime]ZemTV[/COLOR][COLOR blue][I] Addon ZemTV [/I][/COLOR]</title>
<link>http://Ignoreme</link>
<jsonrpc>plugin://plugin.video.ZemTV-shani</jsonrpc>
<thumbnail></thumbnail>
<fanart></fanart>
</item>

<item>
<title>[COLOR lime]VNplaylist[/COLOR][COLOR blue][I] Addon vnplaylist[/I][/COLOR]</title>
<link>http://Ignoreme</link>
<jsonrpc>plugin://plugin.video.thongld.vnplaylist</jsonrpc>
<thumbnail></thumbnail>
<fanart></fanart>
</item>

<item>
<title>[COLOR lime]kodi4vn.launcher[/COLOR][COLOR blue][I] Addon kodi4vn.launcher[/I][/COLOR]</title>
<link>http://Ignoreme</link>
<jsonrpc>plugin://plugin.video.kodi4vn.launcher</jsonrpc>
<thumbnail></thumbnail>
<fanart></fanart>
</item>

<item>
<title>[COLOR lime]Adryanlist[/COLOR][COLOR blue][I] Addon Adryanlist[/I][/COLOR]</title>
<link>http://Ignoreme</link>
<jsonrpc>plugin://plugin.video.adryanlist</jsonrpc>
<thumbnail></thumbnail>
<fanart></fanart>
</item>






