
<item>
<title>Tom & Jerry Collection</title>
<link>NoURL</link>
<thumbnail>ImageHere</thumbnail>
</item>

<item>
<title>[COLOR yellow] TV Show - Various Episodes - Feature Length [/COLOR]</title>
<link>NoURL</link>
<thumbnail>ImageHere</thumbnail>
</item>

<item>
<title>[COLOR red] Compilations [/COLOR]</title>
<link>NoURL</link>
<thumbnail>ImageHere</thumbnail>
</item>

<item>
<title>Tom & Jerry Classic Cartoons 1930 to 1953</title>
<link>http://vk.com/video_ext.php?oid=-27153864&id=161837238&hash=769fdb48c8fffc30&hd=1</link>
<thumbnail>ImageHere</thumbnail>
</item>

<item>
<title>Tom & Jerry Classic Cartoons 1930 to 1953 (ALT)</title>
<link>http://vk.com/video_ext.php?oid=-33015605&id=161846472&hash=a0c273c1cf02a4bd&hd=1</link>
<thumbnail>ImageHere</thumbnail>
</item>

<item>
<title>[COLOR red] Feature Length Episodes [/COLOR]</title>
<link>NoURL</link>
<thumbnail>ImageHere</thumbnail>
</item>

<item>
<title>Tom & Jerry - Spy Quest (2015)</title>
<link>http://vidzi.tv/re4b56oxauuq.html</link>
<thumbnail>ImageHere</thumbnail>
</item>

<item>
<title>Tom & Jerry - The Lost Dragon (2014)</title>
<link>http://thevideo.me/dayeebzecytk</link>
<thumbnail>ImageHere</thumbnail>
</item>

<item>
<title>Tom & Jerry - Giant Adventure (2013)</title>
<link>http://thevideo.me/8zhr679jp5p2</link>
<thumbnail>ImageHere</thumbnail>
</item>

<item>
<title>Tom & Jerry - Robin Hood &  His Merry Mouse (2012)</title>
<link>http://vk.com/video_ext.php?oid=202800771&id=167552806&hash=72733fed639e17d8</link>
<thumbnail>ImageHere</thumbnail>
</item>

<item>
<title>Tom & Jerry - The Wizard of Oz (2011)</title>
<link>http://vidzi.tv/e5siayhj8xuh.html</link>
<thumbnail>ImageHere</thumbnail>
</item>

<item>
<title>Tom and Jerry Meet Sherlock Holmes (2010)</title>
<link>http://vk.com/video_ext.php?oid=-9690339&id=165984332&hash=0a6762f5d454c987</link>
<thumbnail>ImageHere</thumbnail>
</item>

<item>
<title>Tom & Jerry- Fun & Jerry - Fun & Speed Extreme (2010)</title>
<link>http://gorillavid.in/64jklj6sj4ou</link>
<thumbnail>ImageHere</thumbnail>
</item>

<item>
<title>Tom & Jerry - The Space Collectiion (2010)</title>
<link>http://vidzi.tv/d3gbmfsbkaz5.html</link>
<thumbnail>ImageHere</thumbnail>
</item>

<item>
<title>Tom & Jerry - A Nutcracker Tale (2007)</title>
<link>http://streamin.to/f820fd4vix11</link>
<thumbnail>ImageHere</thumbnail>
</item>

<item>
<title>Tom & Jerry - Shiver Me Whiskers (2006)</title>
<link>http://vk.com/video_ext.php?oid=169869814&id=163563288&hash=0ba5f1e2abe8323a</link>
<thumbnail>ImageHere</thumbnail>
</item>

<item>
<title>Tom & Jerry - The Fast & the Furry (2005)</title>
<link>http://vidzi.tv/w87nacl182uj.html</link>
<thumbnail>ImageHere</thumbnail>
</item>

<item>
<title>Tom & Jerry - The Magic Ring (2005)</title>
<link>http://vodlocker.com/l1fdy13j90h9</link>
<thumbnail>ImageHere</thumbnail>
</item>

<item>
<title>Tom & Jerry - Blast off to Mars (2005)</title>
<link>http://vidto.me/yzerffd8ammi.html</link>
<thumbnail>ImageHere</thumbnail>
</item>

<item>
<title>Tom & Jerry - Mouse Trouble PT 1 (2004)</title>
<link>http://vidto.me/sjulm61drqvq.html</link>
<thumbnail>ImageHere</thumbnail>
</item>

<item>
<title>Tom & Jerry - Mouse Trouble PT 2 (2004)</title>
<link>http://vidto.me/09kj0mcy0ei2.html</link>
<thumbnail>ImageHere</thumbnail>
</item>

<item>
<title>The Tom & Jerry Movie (1992)</title>
<link>http://www.thevideo.me/sof5mju42sgx</link>
<thumbnail>ImageHere</thumbnail>
</item>

<item>
<title>[COLOR red] TV Show 2014 [/COLOR]</title>
<link>NoURL</link>
<thumbnail>ImageHere</thumbnail>
</item>

<item>
<title>Tom & Jerry TV Show - S01E01</title>
<link>http://vidzi.tv/f0jp1mhiebzh.html</link>
<thumbnail>ImageHere</thumbnail>
</item>

<item>
<title>Tom & Jerry TV Show - S01E02</title>
<link>http://thevideo.me/vkz0qten5buo</link>
<thumbnail>ImageHere</thumbnail>
</item>

<item>
<title>Tom & Jerry TV Show - S01E03</title>
<link>http://vidto.me/yw3zjh0l2jgt.html</link>
<thumbnail>ImageHere</thumbnail>
</item>

<item>
<title>Tom & Jerry TV Show - S01E04</title>
<link>http://vidzi.tv/6kfg4vtds47z.html</link>
<thumbnail>ImageHere</thumbnail>
</item>

<item>
<title>Tom & Jerry TV Show - S01E05</title>
<link>http://vidzi.tv/blprudb9y6tt.html</link>
<thumbnail>ImageHere</thumbnail>
</item>

<item>
<title>Tom & Jerry TV Show - S01E06</title>
<link>http://vidzi.tv/rcd42gblffyi.html</link>
<thumbnail>ImageHere</thumbnail>
</item>

<item>
<title>Tom & Jerry TV Show - S01E07</title>
<link>http://vidzi.tv/q3jx3toqo7wg.html</link>
<thumbnail>ImageHere</thumbnail>
</item>

<item>
<title>Tom & Jerry TV Show - S01E08</title>
<link>http://vidzi.tv/re08tkja3o4q.html</link>
<thumbnail>ImageHere</thumbnail>
</item>

<item>
<title>Tom & Jerry TV Show - S01E09</title>
<link>http://vidzi.tv/65hh5cieachs.html</link>
<thumbnail>ImageHere</thumbnail>
</item>

<item>
<title>Tom & Jerry TV Show - S01E10</title>
<link>http://vidzi.tv/ol748xbwc3xt.html</link>
<thumbnail>ImageHere</thumbnail>
</item>

<item>
<title>Tom & Jerry TV Show - S01E11</title>
<link>http://vidzi.tv/ftseoczpruv4.html</link>
<thumbnail>ImageHere</thumbnail>
</item>

<item>
<title>Tom & Jerry TV Show - S01E12</title>
<link>http://vidzi.tv/zukk0lbm6glu.html</link>
<thumbnail>ImageHere</thumbnail>
</item>

<item>
<title>Tom & Jerry TV Show - S01E13</title>
<link>http://vidzi.tv/3ri8yqjvrn6j.html</link>
<thumbnail>ImageHere</thumbnail>
</item>

<item>
<title>Tom & Jerry TV Show - S01E14</title>
<link>http://vidzi.tv/8gdi6dkq4kn2.html</link>
<thumbnail>ImageHere</thumbnail>
</item>

<item>
<title>Tom & Jerry TV Show - S01E15</title>
<link>http://vidzi.tv/f63f9d4eoxuq.html</link>
<thumbnail>ImageHere</thumbnail>
</item>

<item>
<title>Tom & Jerry TV Show - S01E16</title>
<link>http://vidzi.tv/ybfttqsj9hjo.html</link>
<thumbnail>ImageHere</thumbnail>
</item>

<item>
<title>Tom & Jerry TV Show - S01E17</title>
<link>http://vidzi.tv/w36m9nawbrim.html</link>
<thumbnail>ImageHere</thumbnail>
</item>

<item>
<title>Tom & Jerry TV Show - S01E18</title>
<link>http://vidzi.tv/th5ilppbjw5q.html</link>
<thumbnail>ImageHere</thumbnail>
</item>

<item>
<title>Tom & Jerry TV Show - S01E19</title>
<link>http://vidzi.tv/yzvc32rpzwie.html</link>
<thumbnail>ImageHere</thumbnail>
</item>

<item>
<title>Tom & Jerry TV Show - S01E20</title>
<link>http://vidzi.tv/92xk9jmboqnq.html</link>
<thumbnail>ImageHere</thumbnail>
</item>

<item>
<title>Tom & Jerry TV Show - S01E21</title>
<link>http://vidzi.tv/f7vdrv0w351t.html</link>
<thumbnail>ImageHere</thumbnail>
</item>

<item>
<title>Tom & Jerry TV Show - S01E22</title>
<link>http://vidto.me/zq0nt8zjibsr.html</link>
<thumbnail>ImageHere</thumbnail>
</item>

<item>
<title>Tom & Jerry TV Show - S01E23</title>
<link>http://vidto.me/t0l1yh3jwmz2.html</link>
<thumbnail>ImageHere</thumbnail>
</item>

<item>
<title>Tom & Jerry TV Show - S01E24</title>
<link>http://vidto.me/044j8fibq13k.html</link>
<thumbnail>ImageHere</thumbnail>
</item>

<item>
<title>Tom & Jerry TV Show - S01E25</title>
<link>http://vidto.me/9x1zlhrb1bpo.html</link>
<thumbnail>ImageHere</thumbnail>
</item>

<item>
<title>Tom & Jerry TV Show - S01E26</title>
<link>http://vidto.me/2cea35ssab6q.html</link>
<thumbnail>ImageHere</thumbnail>
</item>

<item>
<title>[COLOR red] Tom & Jerry Tales [/COLOR]</title>
<link>NoURL</link>
<thumbnail>ImageHere</thumbnail>
</item>

<item>
<title>[COLOR yellow] Season 1 [/COLOR]</title>
<link>NoURL</link>
<thumbnail>ImageHere</thumbnail>
</item>

<item>
<title>Tom & Jerry Tales S01E01</title>
<link>http://vidto.me/h366qzxv53ii.html</link>
<thumbnail>ImageHere</thumbnail>
</item>

<item>
<title>Tom & Jerry Tales S01E02</title>
<link>http://vidzi.tv/qwevmmus0rx4.html</link>
<thumbnail>ImageHere</thumbnail>
</item>

<item>
<title>Tom & Jerry Tales S01E03</title>
<link>http://vidzi.tv/mvte8863z2z9.html</link>
<thumbnail>ImageHere</thumbnail>
</item>

<item>
<title>Tom & Jerry Tales S01E04</title>
<link>http://vidzi.tv/g22kpaw0yipx.html</link>
<thumbnail>ImageHere</thumbnail>
</item>

<item>
<title>Tom & Jerry Tales S01E05</title>
<link>http://vidzi.tv/bd1r8qz44rai.html</link>
<thumbnail>ImageHere</thumbnail>
</item>

<item>
<title>Tom & Jerry Tales S01E06</title>
<link>http://vidzi.tv/51hgh24b1arf.html</link>
<thumbnail>ImageHere</thumbnail>
</item>

<item>
<title>Tom & Jerry Tales S01E07</title>
<link>http://vidzi.tv/78tjb4m37b9v.html</link>
<thumbnail>ImageHere</thumbnail>
</item>

<item>
<title>Tom & Jerry Tales S01E08</title>
<link>http://vidto.me/igsgfwxpyibb.html</link>
<thumbnail>ImageHere</thumbnail>
</item>

<item>
<title>Tom & Jerry Tales S01E09</title>
<link>http://vidto.me/8ps6ecnp9bvh.html</link>
<thumbnail>ImageHere</thumbnail>
</item>

<item>
<title>Tom & Jerry Tales S01E10</title>
<link>http://vidzi.tv/8qd3r79jjw0a.html</link>
<thumbnail>ImageHere</thumbnail>
</item>

<item>
<title>Tom & Jerry Tales S01E11</title>
<link>http://vidzi.tv/hppjaxed6tln.html</link>
<thumbnail>ImageHere</thumbnail>
</item>

<item>
<title>Tom & Jerry Tales S01E12</title>
<link>http://vidzi.tv/oem8hudq2dft.html</link>
<thumbnail>ImageHere</thumbnail>
</item>

<item>
<title>Tom & Jerry Tales S01E13</title>
<link>http://vidzi.tv/t9ie7vc26q73.html</link>
<thumbnail>ImageHere</thumbnail>
</item>

<item>
<title>[COLOR yellow] Season 2 [/COLOR]</title>
<link>NoURL</link>
<thumbnail>ImageHere</thumbnail>
</item>

<item>
<title>Tom & Jerry Tales S02E01</title>
<link>http://vidzi.tv/b17065b69wik.html</link>
<thumbnail>ImageHere</thumbnail>
</item>

<item>
<title>Tom & Jerry Tales S02E02</title>
<link>http://vidzi.tv/pvnmr3y5o2k8.html</link>
<thumbnail>ImageHere</thumbnail>
</item>

<item>
<title>Tom & Jerry Tales S02E03</title>
<link>http://vidzi.tv/bm9n6otb6wmy.html</link>
<thumbnail>ImageHere</thumbnail>
</item>

<item>
<title>Tom & Jerry Tales S02E04</title>
<link>http://vidzi.tv/r2yka96d4bxu.html</link>
<thumbnail>ImageHere</thumbnail>
</item>

<item>
<title>Tom & Jerry Tales S02E05</title>
<link>http://vidzi.tv/ljtwypzvfjji.html</link>
<thumbnail>ImageHere</thumbnail>
</item>

<item>
<title>Tom & Jerry Tales S02E06</title>
<link>http://vidzi.tv/1zx3kge9eh2o.html</link>
<thumbnail>ImageHere</thumbnail>
</item>

<item>
<title>Tom & Jerry Tales S02E07</title>
<link>http://vidzi.tv/q29d76e0vkj9.html</link>
<thumbnail>ImageHere</thumbnail>
</item>

<item>
<title>Tom & Jerry Tales S02E08</title>
<link>http://vidto.me/epgbv35j3h3b.html</link>
<thumbnail>ImageHere</thumbnail>
</item>

<item>
<title>Tom & Jerry Tales S02E09</title>
<link>http://vidto.me/enarvqt7cmo9.html</link>
<thumbnail>ImageHere</thumbnail>
</item>

<item>
<title>Tom & Jerry Tales S02E10</title>
<link>http://vidto.me/0hu648wz2qbt.html</link>
<thumbnail>ImageHere</thumbnail>
</item>

<item>
<title>Tom & Jerry Tales S02E11</title>
<link>http://vidto.me/0qxt4tzvrocl.html</link>
<thumbnail>ImageHere</thumbnail>
</item>

<item>
<title>Tom & Jerry Tales S02E12</title>
<link>http://vidto.me/83cz2l43s66z.html</link>
<thumbnail>ImageHere</thumbnail>
</item>

<item>
<title>[COLOR red] Various Classic Episodes [/COLOR]</title>
<link>NoURL</link>
<thumbnail>ImageHere</thumbnail>
</item>

<item>
<title>Tom & Jerry 1</title>
<link>http://stagevu.com/video/kgbxunzzdtpi</link>
<thumbnail>ImageHere</thumbnail>
</item>

<item>
<title>Tom & Jerry 2</title>
<link>http://stagevu.com/video/vpneoyrxrgzy</link>
<thumbnail>ImageHere</thumbnail>
</item>

<item>
<title>Tom & Jerry 3</title>
<link>http://vidzi.tv/08gyz7brm8q1.html</link>
<thumbnail>ImageHere</thumbnail>
</item>

<item>
<title>Tom & Jerry 4</title>
<link>http://vidzi.tv/5hpt8je106pq.html</link>
<thumbnail>ImageHere</thumbnail>
</item>

<item>
<title>Tom & Jerry 5</title>
<link>http://vidzi.tv/a3jiabcdig7f.html</link>
<thumbnail>ImageHere</thumbnail>
</item>

<item>
<title>Tom & Jerry 6</title>
<link>http://vidzi.tv/980azdrmuh0f.html</link>
<thumbnail>ImageHere</thumbnail>
</item>

<item>
<title>Tom & Jerry 7</title>
<link>http://vidzi.tv/6dqctw5s0anb.html</link>
<thumbnail>ImageHere</thumbnail>
</item>

<item>
<title>Tom & Jerry 8</title>
<link>http://vidzi.tv/m06ypqolqqnf.html</link>
<thumbnail>ImageHere</thumbnail>
</item>

<item>
<title>Tom & Jerry 9</title>
<link>http://www.nowvideo.sx/video/rhbnec9chwpmp</link>
<thumbnail>ImageHere</thumbnail>
</item>

<item>
<title>Tom & Jerry 10</title>
<link>http://stagevu.com/video/cfyjvloljybc</link>
<thumbnail>ImageHere</thumbnail>
</item>

<item>
<title>Tom & Jerry 11</title>
<link>http://vidzi.tv/cf25yd39hq4i.html</link>
<thumbnail>ImageHere</thumbnail>
</item>

<item>
<title>Tom & Jerry 12</title>
<link>http://www.videoweed.es/file/02b7c7599337c</link>
<thumbnail>ImageHere</thumbnail>
</item>

<item>
<title>Tom & Jerry 13</title>
<link>http://vidzi.tv/hys5cokg7dk2.html</link>
<thumbnail>ImageHere</thumbnail>
</item>

<item>
<title>Tom & Jerry 14</title>
<link>http://stagevu.com/video/qohhkjlmsvfo</link>
<thumbnail>ImageHere</thumbnail>
</item>

<item>
<title>Tom & Jerry 15</title>
<link>http://stagevu.com/video/yizxzjldudez</link>
<thumbnail>ImageHere</thumbnail>
</item>

<item>
<title>Tom & Jerry 16</title>
<link>http://stagevu.com/video/mwdecsrssyuw</link>
<thumbnail>ImageHere</thumbnail>
</item>

<item>
<title>Tom & Jerry 17</title>
<link>http://stagevu.com/video/oepthdfptpeb</link>
<thumbnail>ImageHere</thumbnail>
</item>

<item>
<title>Tom & Jerry 18</title>
<link>http://stagevu.com/video/fleuikikptnz</link>
<thumbnail>ImageHere</thumbnail>
</item>

<item>
<title>Tom & Jerry 19</title>
<link>http://stagevu.com/video/rtgrxzzusdxt</link>
<thumbnail>ImageHere</thumbnail>
</item>

<item>
<title>Tom & Jerry 20</title>
<link>http://stagevu.com/video/wsihafobmmwo</link>
<thumbnail>ImageHere</thumbnail>
</item>

<item>
<title>Tom & Jerry 21</title>
<link>http://vidzi.tv/nrxyzk5qrqck.html</link>
<thumbnail>ImageHere</thumbnail>
</item>

<item>
<title>Tom & Jerry 22</title>
<link>http://vidzi.tv/eu7he1ld0dk2.html</link>
<thumbnail>ImageHere</thumbnail>
</item>

<item>
<title>Tom & Jerry 23</title>
<link>http://vidzi.tv/0dipd851d1ti.html</link>
<thumbnail>ImageHere</thumbnail>
</item>

<item>
<title>Tom & Jerry 24</title>
<link>http://vidzi.tv/d05lz8be1pgq.html</link>
<thumbnail>ImageHere</thumbnail>
</item>

<item>
<title>Tom & Jerry 25</title>
<link>http://vidzi.tv/t24rf63t9cya.html</link>
<thumbnail>ImageHere</thumbnail>
</item>

<item>
<title>Tom & Jerry 26</title>
<link>http://vidzi.tv/86qk4ws44gat.html</link>
<thumbnail>ImageHere</thumbnail>
</item>
