<item>
<title> [COLOR yellow][B]XEM THỂ THAO QUỐC TẾ TH:Bóng đá, bóng rổ, tenis...(Auto Update) - Theo Giờ VN+6 Tiếng[/B][/COLOR]</title>
<link>$doregex[makelist]</link>
<regex>
<name>makelist</name>
<listrepeat><![CDATA[
<item><title>[COLOR lightyellow][makelist.param1][/COLOR] [COLOR lightblue][makelist.param2][/COLOR] [COLOR lightgreen][makelist.param4][/COLOR][COLOR skyblue] [makelist.param5][/COLOR] ([makelist.param6])  </title>
<link>plugin://program.plexus/?url=$doregex[hash]&amp;mode=1&amp;name=Adryanlist+[makelist.param3]+Arenavision</link>
			<regex>
			<name>hash</name> 
			<expres>this.loadPlayer\("(.*?)"</expres>
			<page>http://www.arenavision.in/AV[makelist.param6]</page>
			<referer>http://www.arenavision.in</referer>
			<setcookie>beget=begetok</setcookie>
			</regex>
			<thumbnail>https://s24.postimg.org/k5bimyrpx/sport.jpg</thumbnail>
</item>	
]]></listrepeat>
<expres>190px">(.*?)<[\w\W\s]{0,45}182px">(.*?)<[\w\W\s]{0,45}188px">(.*?)<[\w\W\s]{0,45}283px">(.*?)<[\w\W\s]{0,45}685px">(.*?)<[\w\W\s]{0,80}317px">([0-9]+)</expres>
<page>http://arenavision.in/schedule</page>
<Agent>Mozilla</Agent>
</regex><thumbnail>https://s24.postimg.org/k5bimyrpx/sport.jpg</thumbnail>
</item>







