<?xml version="1.0" encoding="UTF-8" standalone="yes"?>

	<channel>
	<items>

		<item>
		<title>[COLOR red][B]ONETV CHO MẠNG FPT[/B][/COLOR]</title></title>
		<link>http://ignorame</link>
		<externallink>https://raw.githubusercontent.com/thanh51/repository.thanh51/master/ONETV.m3u</externallink>
		<thumbnail>https://s22.postimg.org/x6nxgolyp/fpt.png</thumbnail>
		</item>
		//////////////////////////////////////

		<item>
		<title>[COLOR pink][B]MyTV CHO MẠNG VNPT[/B][/COLOR]</title></title>
		<link>http://ignorame</link>
		<externallink>https://www.dropbox.com/s/3g9091hvriwxvk9/MyTV%28udp%29.xml?dl=1</externallink>
		<thumbnail>https://s1.postimg.org/9ceuwm06bj/mytv.png</thumbnail>
		</item>
		//////////////////////////////////////
		
		<item>
		<title>[COLOR cyan][B]TV XEM CHUNG CÁC MẠNG INTERNET[/B][/COLOR]</title></title>
		<link>http://ignorame</link>
		<externallink>https://www.dropbox.com/s/4axfzgy7m5ld9wo/Thanh51.xml?dl=1</externallink>
		<thumbnail>https://s4.postimg.org/oeb54omct/chungchocacmang.png</thumbnail>
		</item>
		//////////////////////////////////////

		

		
	</items>
	</channel>
