<item>
<title>[COLOR red][B]Kênh TV Cần Addon Plexus[/B][/COLOR]</title>
<link>http://</link>
<thumbnail>https://s18.postimg.org/g1nyy1ugp/plexus.jpg</thumbnail>
</item>

///////////////////////////////
<item>
<title> [COLOR lime]•[/COLOR]  [COLOR deepskyblue][B]Acestreams - SPORTS[/B][/COLOR]</title>
<link>$doregex[makelist]</link>
<regex>
<name>makelist</name>
<listrepeat><![CDATA[
	<title>[COLOR deepskyblue][makelist.param1][/COLOR]</title>
	<link>plugin://program.plexus/?url=[makelist.param2]&amp;mode=1&amp;name=Adryanlist+Arenavision</link>
	<thumbnail>https://s22.postimg.org/9vk2rbqep/ace.png</thumbnail>
]]></listrepeat>
<expres>EXTINF:-1,(.*?)\nacestream://(.*)</expres>
<page>http://super-pomoyka.us.to/trash/ttv-list/ttv.sport.player.m3u</page>
<agent>Kodi/15.2 (Windows NT 6.1) App_Bitness/32 Version/15.2-Git:20151019-02e7013</agent>
</regex>
<thumbnail>https://s22.postimg.org/9vk2rbqep/ace.png</thumbnail>
</item>		
/////////////////////////////////	