<?xml version="1.0" encoding="UTF-8" standalone="yes"?>

				
			
			<item>
			<title>ArenaVision 1</title>
			<link>plugin://program.plexus/?url=$doregex[hash]&amp;mode=1&amp;name=Arenavision</link>
			<regex>
			<name>hash</name> 
			<expres>this.loadPlayer\("(.*?)"</expres>
			<page>http://www.arenavision.in/av1</page>
			<referer>http://www.arenavision.in</referer>
			<setcookie>beget=begetok</setcookie>
			</regex>
			</item>
			
			<item>
			<title>ArenaVision 2</title>
			<link>plugin://program.plexus/?url=$doregex[hash]&amp;mode=1&amp;name=Arenavision</link>
			<regex>
			<name>hash</name> 
			<expres>this.loadPlayer\("(.*?)"</expres>
			<page>http://www.arenavision.in/av2</page>
			<referer>http://www.arenavision.in</referer>
			<setcookie>beget=begetok</setcookie>
			</regex>
			</item>
			
			<item>
			<title>ArenaVision 3</title>
			<link>plugin://program.plexus/?url=$doregex[hash]&amp;mode=1&amp;name=Arenavision</link>
			<regex>
			<name>hash</name> 
			<expres>this.loadPlayer\("(.*?)"</expres>
			<page>http://www.arenavision.in/av3</page>
			<referer>http://www.arenavision.in</referer>
			<setcookie>beget=begetok</setcookie>
			</regex>
			</item>
			
			<item>
			<title>ArenaVision 4</title>
			<link>plugin://program.plexus/?url=$doregex[hash]&amp;mode=1&amp;name=Arenavision</link>
			<regex>
			<name>hash</name> 
			<expres>this.loadPlayer\("(.*?)"</expres>
			<page>http://www.arenavision.in/av4</page>
			<referer>http://www.arenavision.in</referer>
			<setcookie>beget=begetok</setcookie>
			</regex>
			</item>
			
			<item>
			<title>ArenaVision 5</title>
			<link>plugin://program.plexus/?url=$doregex[hash]&amp;mode=1&amp;name=Arenavision</link>
			<regex>
			<name>hash</name> 
			<expres>this.loadPlayer\("(.*?)"</expres>
			<page>http://www.arenavision.in/av5</page>
			<referer>http://www.arenavision.in</referer>
			<setcookie>beget=begetok</setcookie>
			</regex>
			</item>
			
			<item>
			<title>ArenaVision 6</title>
			<link>plugin://program.plexus/?url=$doregex[hash]&amp;mode=1&amp;name=Arenavision</link>
			<regex>
			<name>hash</name> 
			<expres>this.loadPlayer\("(.*?)"</expres>
			<page>http://www.arenavision.in/av6</page>
			<referer>http://www.arenavision.in</referer>
			<setcookie>beget=begetok</setcookie>
			</regex>
			</item>
			
			<item>
			<title>ArenaVision 7</title>
			<link>plugin://program.plexus/?url=$doregex[hash]&amp;mode=1&amp;name=Arenavision</link>
			<regex>
			<name>hash</name> 
			<expres>this.loadPlayer\("(.*?)"</expres>
			<page>http://www.arenavision.in/av7</page>
			<referer>http://www.arenavision.in</referer>
			<setcookie>beget=begetok</setcookie>
			</regex>
			</item>
			
			<item>
			<title>ArenaVision 8</title>
			<link>plugin://program.plexus/?url=$doregex[hash]&amp;mode=1&amp;name=Arenavision</link>
			<regex>
			<name>hash</name> 
			<expres>this.loadPlayer\("(.*?)"</expres>
			<page>http://www.arenavision.in/av8</page>
			<referer>http://www.arenavision.in</referer>
			<setcookie>beget=begetok</setcookie>
			</regex>
			</item>
			
			<item>
			<title>ArenaVision 9</title>
			<link>plugin://program.plexus/?url=$doregex[hash]&amp;mode=1&amp;name=Arenavision</link>
			<regex>
			<name>hash</name> 
			<expres>this.loadPlayer\("(.*?)"</expres>
			<page>http://www.arenavision.in/av9</page>
			<referer>http://www.arenavision.in</referer>
			<setcookie>beget=begetok</setcookie>
			</regex>
			</item>
			
			<item>
			<title>ArenaVision 10</title>
			<link>plugin://program.plexus/?url=$doregex[hash]&amp;mode=1&amp;name=Arenavision</link>
			<regex>
			<name>hash</name> 
			<expres>this.loadPlayer\("(.*?)"</expres>
			<page>http://www.arenavision.in/av10</page>
			<referer>http://www.arenavision.in</referer>
			<setcookie>beget=begetok</setcookie>
			</regex>
			</item>
			
			<item>
			<title>ArenaVision 11</title>
			<link>plugin://program.plexus/?url=$doregex[hash]&amp;mode=1&amp;name=Arenavision</link>
			<regex>
			<name>hash</name> 
			<expres>this.loadPlayer\("(.*?)"</expres>
			<page>http://www.arenavision.in/av11</page>
			<referer>http://www.arenavision.in</referer>
			<setcookie>beget=begetok</setcookie>
			</regex>
			</item>
			
			
			<item>
			<title>ArenaVision 12</title>
			<link>plugin://program.plexus/?url=$doregex[hash]&amp;mode=1&amp;name=Arenavision</link>
			<regex>
			<name>hash</name> 
			<expres>this.loadPlayer\("(.*?)"</expres>
			<page>http://www.arenavision.in/av12</page>
			<referer>http://www.arenavision.in</referer>
			<setcookie>beget=begetok</setcookie>
			</regex>
			</item>			
			
			<item>
			<title>ArenaVision 13</title>
			<link>plugin://program.plexus/?url=$doregex[hash]&amp;mode=1&amp;name=Arenavision</link>
			<regex>
			<name>hash</name> 
			<expres>this.loadPlayer\("(.*?)"</expres>
			<page>http://www.arenavision.in/av13</page>
			<referer>http://www.arenavision.in</referer>
			<setcookie>beget=begetok</setcookie>
			</regex>
			</item>			
			
			<item>
			<title>ArenaVision 14</title>
			<link>plugin://program.plexus/?url=$doregex[hash]&amp;mode=1&amp;name=Arenavision</link>
			<regex>
			<name>hash</name> 
			<expres>this.loadPlayer\("(.*?)"</expres>
			<page>http://www.arenavision.in/av14</page>
			<referer>http://www.arenavision.in</referer>
			<setcookie>beget=begetok</setcookie>
			</regex>
			</item>		
			
			
			<item>
			<title>ArenaVision 15</title>
			<link>plugin://program.plexus/?url=$doregex[hash]&amp;mode=1&amp;name=Arenavision</link>
			<regex>
			<name>hash</name> 
			<expres>this.loadPlayer\("(.*?)"</expres>
			<page>http://www.arenavision.in/av15</page>
			<referer>http://www.arenavision.in</referer>
			<setcookie>beget=begetok</setcookie>
			</regex>
			</item>		
			
			
			<item>
			<title>ArenaVision 16</title>
			<link>plugin://program.plexus/?url=$doregex[hash]&amp;mode=1&amp;name=Arenavision</link>
			<regex>
			<name>hash</name> 
			<expres>this.loadPlayer\("(.*?)"</expres>
			<page>http://www.arenavision.in/av16</page>
			<referer>http://www.arenavision.in</referer>
			<setcookie>beget=begetok</setcookie>
			</regex>
			</item>			
			
			
			<item>
			<title>ArenaVision 17</title>
			<link>plugin://program.plexus/?url=$doregex[hash]&amp;mode=1&amp;name=Arenavision</link>
			<regex>
			<name>hash</name> 
			<expres>this.loadPlayer\("(.*?)"</expres>
			<page>http://www.arenavision.in/av17</page>
			<referer>http://www.arenavision.in</referer>
			<setcookie>beget=begetok</setcookie>
			</regex>
			</item>			
			
			
			<item>
			<title>ArenaVision 18</title>
			<link>plugin://program.plexus/?url=$doregex[hash]&amp;mode=1&amp;name=Arenavision</link>
			<regex>
			<name>hash</name> 
			<expres>this.loadPlayer\("(.*?)"</expres>
			<page>http://www.arenavision.in/av18</page>
			<referer>http://www.arenavision.in</referer>
			<setcookie>beget=begetok</setcookie>
			</regex>
			</item>
						
			
			<item>
			<title>ArenaVision 19</title>
			<link>plugin://program.plexus/?url=$doregex[hash]&amp;mode=1&amp;name=Arenavision</link>
			<regex>
			<name>hash</name> 
			<expres>this.loadPlayer\("(.*?)"</expres>
			<page>http://www.arenavision.in/av19</page>
			<referer>http://www.arenavision.in</referer>
			<setcookie>beget=begetok</setcookie>
			</regex>
			</item>
						
			
			<item>
			<title>ArenaVision 20</title>
			<link>plugin://program.plexus/?url=$doregex[hash]&amp;mode=1&amp;name=Arenavision</link>
			<regex>
			<name>hash</name> 
			<expres>this.loadPlayer\("(.*?)"</expres>
			<page>http://www.arenavision.in/av20</page>
			<referer>http://www.arenavision.in</referer>
			<setcookie>beget=begetok</setcookie>
			</regex>
			</item>
			
			
			
			<item>
			<title>ArenaVision 21</title>
			<link>plugin://program.plexus/?url=$doregex[hash]&amp;mode=1&amp;name=Arenavision</link>
			<regex>
			<name>hash</name> 
			<expres>this.loadPlayer\("(.*?)"</expres>
			<page>http://www.arenavision.in/av21</page>
			<referer>http://www.arenavision.in</referer>
			<setcookie>beget=begetok</setcookie>
			</regex>
			</item>			
	
			
			<item>
			<title>ArenaVision 22</title>
			<link>plugin://program.plexus/?url=$doregex[hash]&amp;mode=1&amp;name=Arenavision</link>
			<regex>
			<name>hash</name> 
			<expres>this.loadPlayer\("(.*?)"</expres>
			<page>http://www.arenavision.in/av22</page>
			<referer>http://www.arenavision.in</referer>
			<setcookie>beget=begetok</setcookie>
			</regex>
			</item>			
			
			<item>
			<title>ArenaVision 23</title>
			<link>plugin://program.plexus/?url=$doregex[hash]&amp;mode=1&amp;name=Arenavision</link>
			<regex>
			<name>hash</name> 
			<expres>this.loadPlayer\("(.*?)"</expres>
			<page>http://www.arenavision.in/av23</page>
			<referer>http://www.arenavision.in</referer>
			<setcookie>beget=begetok</setcookie>
			</regex>
			</item>
			
			
			<item>
			<title>ArenaVision 24</title>
			<link>plugin://program.plexus/?url=$doregex[hash]&amp;mode=1&amp;name=Arenavision</link>
			<regex>
			<name>hash</name> 
			<expres>this.loadPlayer\("(.*?)"</expres>
			<page>http://www.arenavision.in/av24</page>
			<referer>http://www.arenavision.in</referer>
			<setcookie>beget=begetok</setcookie>
			</regex>
			</item>
			
			
			<item>
			<title>ArenaVision 25</title>
			<link>plugin://program.plexus/?url=$doregex[hash]&amp;mode=1&amp;name=Arenavision</link>
			<regex>
			<name>hash</name> 
			<expres>this.loadPlayer\("(.*?)"</expres>
			<page>http://www.arenavision.in/av25</page>
			<referer>http://www.arenavision.in</referer>
			<setcookie>beget=begetok</setcookie>
			</regex>
			</item>
			
			
			<item>
			<title>ArenaVision 26</title>
			<link>plugin://program.plexus/?url=$doregex[hash]&amp;mode=1&amp;name=Arenavision</link>
			<regex>
			<name>hash</name> 
			<expres>this.loadPlayer\("(.*?)"</expres>
			<page>http://www.arenavision.in/av26</page>
			<referer>http://www.arenavision.in</referer>
			<setcookie>beget=begetok</setcookie>
			</regex>
			</item>
			
			<item>
			<title>ArenaVision 27</title>
			<link>plugin://program.plexus/?url=$doregex[hash]&amp;mode=1&amp;name=Arenavision</link>
			<regex>
			<name>hash</name> 
			<expres>this.loadPlayer\("(.*?)"</expres>
			<page>http://www.arenavision.in/av27</page>
			<referer>http://www.arenavision.in</referer>
			<setcookie>beget=begetok</setcookie>
			</regex>
			</item>
			
			<item>
			<title>ArenaVision 28</title>
			<link>plugin://program.plexus/?url=$doregex[hash]&amp;mode=1&amp;name=Arenavision</link>
			<regex>
			<name>hash</name> 
			<expres>this.loadPlayer\("(.*?)"</expres>
			<page>http://www.arenavision.in/av28</page>
			<referer>http://www.arenavision.in</referer>
			<setcookie>beget=begetok</setcookie>
			</regex>
			</item>
			
			<item>
			<title>ArenaVision 29</title>
			<link>plugin://program.plexus/?url=$doregex[hash]&amp;mode=1&amp;name=Arenavision</link>
			<regex>
			<name>hash</name> 
			<expres>this.loadPlayer\("(.*?)"</expres>
			<page>http://www.arenavision.in/av29</page>
			<referer>http://www.arenavision.in</referer>
			<setcookie>beget=begetok</setcookie>
			</regex>
			</item>
			
						
			<item>
			<title>ArenaVision 30</title>
			<link>plugin://program.plexus/?url=$doregex[hash]&amp;mode=1&amp;name=Arenavision</link>
			<regex>
			<name>hash</name> 
			<expres>this.loadPlayer\("(.*?)"</expres>
			<page>http://www.arenavision.in/av30</page>
			<referer>http://www.arenavision.in</referer>
			<setcookie>beget=begetok</setcookie>
			</regex>
			</item>
						
			
			
