﻿<?xml version="1.0" encoding="utf-8" standalone="yes"?>

<channel>
<name>VS</name>
<items>


<item>
<title>[COLOR lime][B]Kỳ Phùng Địch Thủ[/B][/COLOR]</title>
<link>plugin://plugin.video.youtube/play/?video_id=DUNwxt3vvro</link>
<thumbnail>https://img.youtube.com/vi/DUNwxt3vvro/0.jpg</thumbnail>
</item>

<item>
<title>[COLOR lime][B]Dưới quê mới lên[/B][/COLOR]</title>
<link>plugin://plugin.video.youtube/play/?video_id=EeSBAK0P2dQ</link>
<thumbnail>https://img.youtube.com/vi/EeSBAK0P2dQ/0.jpg</thumbnail>
</item>

<item>
<title>[COLOR lime][B]Nhớ Con[/B][/COLOR]</title>
<link>plugin://plugin.video.youtube/play/?video_id=tdCACS02qkI</link>
<thumbnail>https://img.youtube.com/vi/tdCACS02qkI/0.jpg</thumbnail>
</item>

<item>
<title>[COLOR lime][B]Tình Đổi Chiều[/B][/COLOR]</title>
<link>plugin://plugin.video.youtube/play/?video_id=gD2cHAbGzyI</link>
<thumbnail>https://img.youtube.com/vi/gD2cHAbGzyI/0.jpg</thumbnail>
</item>
</item>

<item>
<title>[COLOR lime][B]Lấy chồng xứ lạ[/B][/COLOR]</title>
<link>plugin://plugin.video.youtube/play/?video_id=Be5zCTOjYpY</link>
<thumbnail>https://img.youtube.com/vi/Be5zCTOjYpY/0.jpg</thumbnail>
</item>

<item>
<title>[COLOR lime][B]Kỵ Rơ[/B][/COLOR]</title>
<link>plugin://plugin.video.youtube/play/?video_id=umnrGAWpMeI</link>
<thumbnail>https://img.youtube.com/vi/umnrGAWpMeI/0.jpg</thumbnail>
</item>

<item>
<title>[COLOR lime][B]Thăm Quê[/B][/COLOR]</title>
<link>plugin://plugin.video.youtube/play/?video_id=raMHTR4MavE</link>
<thumbnail>https://img.youtube.com/vi/raMHTR4MavE/0.jpg</thumbnail>
</item>

<item>
<title>[COLOR lime][B]Lột Mặt Nạ[/B][/COLOR]</title>
<link>plugin://plugin.video.youtube/play/?video_id=OK5zmWGpSRU</link>
<thumbnail>https://img.youtube.com/vi/OK5zmWGpSRU/0.jpg</thumbnail>
</item>

<item>
<title>[COLOR lime][B]Làm Ăn[/B][/COLOR]</title>
<link>plugin://plugin.video.youtube/play/?video_id=_hKG_RQFTQ8</link>
<thumbnail>https://img.youtube.com/vi/_hKG_RQFTQ8/0.jpg</thumbnail>
</item>

<item>
<title>[COLOR lime][B]Chuyện Sui Gia[/B][/COLOR]</title>
<link>plugin://plugin.video.youtube/play/?video_id=OUbv8VJTd6c</link>
<thumbnail>https://img.youtube.com/vi/OUbv8VJTd6c/0.jpg</thumbnail>
</item>

<item>
<title>[COLOR lime][B]Một Góc Cuộc Đời[/B][/COLOR]</title>
<link>plugin://plugin.video.youtube/play/?video_id=TcVGgD-RwMk</link>
<thumbnail>https://img.youtube.com/vi/TcVGgD-RwMk/0.jpg</thumbnail>
</item>

<item>
<title>[COLOR lime][B]Ghen[/B][/COLOR]</title>
<link>plugin://plugin.video.youtube/play/?video_id=fQ3PbxwSfCI</link>
<thumbnail>https://img.youtube.com/vi/fQ3PbxwSfCI/0.jpg</thumbnail>
</item>

<item>
<title>[COLOR lime][B]Tống Hổ Nghinh Mẹo[/B][/COLOR]</title>
<link>plugin://plugin.video.youtube/play/?video_id=nALuG_isWTQ</link>
<thumbnail>https://img.youtube.com/vi/nALuG_isWTQ/0.jpg</thumbnail>
</item>

<item>
<title>[COLOR lime][B]Dương Quý Phi Thời Đại[/B][/COLOR]</title>
<link>plugin://plugin.video.youtube/play/?video_id=uvryK6-CBYc</link>
<thumbnail>https://img.youtube.com/vi/uvryK6-CBYc/0.jpg</thumbnail>
</item>

<item>
<title>[COLOR lime][B] Nhịp Cầu Tri Âm[/B][/COLOR]</title>
<link>plugin://plugin.video.youtube/play/?video_id=YEMTc3npYok</link>
<thumbnail>https://img.youtube.com/vi/YEMTc3npYok/0.jpg</thumbnail>
</item>

<item>
<title>[COLOR lime][B] Hoa Hậu Châu Á[/B][/COLOR]</title>
<link>plugin://plugin.video.youtube/play/?video_id=uJ2nQ8Cgi5U</link>
<thumbnail>https://img.youtube.com/vi/uJ2nQ8Cgi5U/0.jpg</thumbnail>
</item>

<item>
<title>[COLOR lime][B]Hoa Hậu 3 Miền[/B][/COLOR]</title>
<link>plugin://plugin.video.youtube/play/?video_id=2Yfp8gl3Wa8</link>
<thumbnail>https://img.youtube.com/vi/2Yfp8gl3Wa8/0.jpg</thumbnail>
</item>

<item>
<title>[COLOR lime][B]Ba Giai Tú Xuất[/B][/COLOR]</title>
<link>plugin://plugin.video.youtube/play/?video_id=cGpQzHmNjHc</link>
<thumbnail>https://img.youtube.com/vi/cGpQzHmNjHc/0.jpg</thumbnail>
</item>

<item>
<title>[COLOR lime][B]2 Chàng Cua Gái[/B][/COLOR]</title>
<link>plugin://plugin.video.youtube/play/?video_id=ikYUiCjO7r8</link>
<thumbnail>https://img.youtube.com/vi/ikYUiCjO7r8/0.jpg</thumbnail>
</item>

<item>
<title>[COLOR lime][B] Tết [/B][/COLOR]</title>
<link>plugin://plugin.video.youtube/play/?video_id=8SK6daWrHLo</link>
<thumbnail>https://img.youtube.com/vi/8SK6daWrHLo/0.jpg</thumbnail>
</item>


<item>
<title>[COLOR lime][B]Tình Già - Vân Sơn, Hoài Linh[/B][/COLOR]</title>
<link>plugin://plugin.video.youtube/play/?video_id=0LKHHJ43iAE</link>
<thumbnail>https://img.youtube.com/vi/0LKHHJ43iAE/0.jpg</thumbnail>
</item>


<item>
<title>[COLOR lime][B]Tình Già 2 [/B][/COLOR]</title>
<link>plugin://plugin.video.youtube/play/?video_id=AdTaVMbNAiU</link>
<thumbnail>https://img.youtube.com/vi/AdTaVMbNAiU/0.jpg</thumbnail>
</item>

<item>
<title>[COLOR lime][B]Con Gái Bây Giờ[/B][/COLOR]</title>
<link>plugin://plugin.video.youtube/play/?video_id=3tKQ422EYzg</link>
<thumbnail>https://img.youtube.com/vi/3tKQ422EYzg/0.jpg</thumbnail>
</item>


<item>
<title>[COLOR lime][B]Chồng Ơi Là Chồng - Vân Sơn ft Bảo Liêm ft Lê Huỳnh[/B][/COLOR]</title>
<link>plugin://plugin.video.youtube/play/?video_id=6FACipyvWEs</link>
<thumbnail>https://img.youtube.com/vi/6FACipyvWEs/0.jpg</thumbnail>
</item>


<item>
<title>[COLOR lime][B]Chuyện Tình Vào Hạ[/B][/COLOR]</title>
<link>plugin://plugin.video.youtube/play/?video_id=yVrb7vijGIc</link>
<thumbnail>https://img.youtube.com/vi/yVrb7vijGIc/0.jpg</thumbnail>
</item>


<item>
<title>[COLOR lime][B]Tuổi Hạc[/B][/COLOR]</title>
<link>plugin://plugin.video.youtube/play/?video_id=HHizu5_c7Pg</link>
<thumbnail>https://img.youtube.com/vi/HHizu5_c7Pg/0.jpg</thumbnail>
</item>


<item>
<title>[COLOR lime][B]Ngày Sinh Nhật[/B][/COLOR]</title>
<link>plugin://plugin.video.youtube/play/?video_id=eIdygHO09rA</link>
<thumbnail>https://img.youtube.com/vi/eIdygHO09rA/0.jpg</thumbnail>
</item>


<item>
<title>[COLOR lime][B]Bánh Xe Lãng Tử[/B][/COLOR]</title>
<link>plugin://plugin.video.youtube/play/?video_id=Ow6JO1WF00I</link>
<thumbnail>https://img.youtube.com/vi/Ow6JO1WF00I/0.jpg</thumbnail>
</item>


<item>
<title>[COLOR lime][B]Ảo Thuật Hột Gà[/B][/COLOR]</title>
<link>plugin://plugin.video.youtube/play/?video_id=xJz0KVKdlwg</link>
<thumbnail>https://img.youtube.com/vi/xJz0KVKdlwg/0.jpg</thumbnail>
</item>


<item>
<title>[COLOR lime][B]Lương Sơn Bá, Chúc Anh Đài[/B][/COLOR]</title>
<link>plugin://plugin.video.youtube/play/?video_id=p0iy1wUzFj0</link>
<thumbnail>https://img.youtube.com/vi/p0iy1wUzFj0/0.jpg</thumbnail>
</item>


<item>
<title>[COLOR lime][B]Tiên Việt Nam[/B][/COLOR]</title>
<link>plugin://plugin.video.youtube/play/?video_id=wntWHMdGO0k</link>
<thumbnail>https://img.youtube.com/vi/wntWHMdGO0k/0.jpg</thumbnail>
</item>


<item>
<title>[COLOR lime][B]Ai Là Triệu Phú[/B][/COLOR]</title>
<link>plugin://plugin.video.youtube/play/?video_id=Mm1tT-CMlZg</link>
<thumbnail>https://img.youtube.com/vi/Mm1tT-CMlZg/0.jpg</thumbnail>
</item>


<item>
<title>[COLOR lime][B]Welcome to America[/B][/COLOR]</title>
<link>plugin://plugin.video.youtube/play/?video_id=MBF9bwqEiOs</link>
<thumbnail>https://img.youtube.com/vi/MBF9bwqEiOs/0.jpg</thumbnail>
</item>


<item>
<title>[COLOR lime][B]Vùng Trời Kỷ Niệm[/B][/COLOR]</title>
<link>plugin://plugin.video.youtube/play/?video_id=wLZzMV1YnDk</link>
<thumbnail>https://img.youtube.com/vi/wLZzMV1YnDk/0.jpg</thumbnail>
</item>


<item>
<title>[COLOR lime][B]Vợ Ơi Là Vợ[/B][/COLOR]</title>
<link>plugin://plugin.video.youtube/play/?video_id=LJK527bpgj8</link>
<thumbnail>https://img.youtube.com/vi/LJK527bpgj8/0.jpg</thumbnail>
</item>


<item>
<title>[COLOR lime][B]Hai Đất Ba Ruộng[/B][/COLOR]</title>
<link>plugin://plugin.video.youtube/play/?video_id=Ut5sWmSZImg</link>
<thumbnail>https://img.youtube.com/vi/Ut5sWmSZImg/0.jpg</thumbnail>
</item>


<item>
<title>[COLOR lime][B]Hài Kịch Hắc Bạch Công Tử[/B][/COLOR]</title>
<link>plugin://plugin.video.youtube/play/?video_id=HtBma4__oHc</link>
<thumbnail>https://img.youtube.com/vi/HtBma4__oHc/0.jpg</thumbnail>
</item>


<item>
<title>[COLOR lime][B]Giờ Tý Canh 3[/B][/COLOR]</title>
<link>plugin://plugin.video.youtube/play/?video_id=ySzBkXMs864</link>
<thumbnail>https://img.youtube.com/vi/ySzBkXMs864/0.jpg</thumbnail>
</item>

<item>
<title>[COLOR lime][B]Di Truyền[/B][/COLOR]</title>
<link>plugin://plugin.video.youtube/play/?video_id=-Hatmh_HLck</link>
<thumbnail>https://img.youtube.com/vi/-Hatmh_HLck/0.jpg</thumbnail>
</item>

<item>
<title>[COLOR lime][B]Căn Bện Trầm Kha[/B][/COLOR]</title>
<link>plugin://plugin.video.youtube/play/?video_id=ASN8aAVWlIk</link>
<thumbnail>https://img.youtube.com/vi/ASN8aAVWlIk/0.jpg</thumbnail>
</item>

<item>
<title>[COLOR lime][B]Trách Nhiệm[/B][/COLOR]</title>
<link>plugin://plugin.video.youtube/play/?video_id=2RQnyooI3mQ</link>
<thumbnail>https://img.youtube.com/vi/2RQnyooI3mQ/0.jpg</thumbnail>
</item>

<item>
<title>[COLOR lime][B]Con Riêng[/B][/COLOR]</title>
<link>plugin://plugin.video.youtube/play/?video_id=x06uJ9SCHOE</link>
<thumbnail>https://img.youtube.com/vi/x06uJ9SCHOE/0.jpg</thumbnail>
</item>

<item>
<title>[COLOR lime][B]Vợ Chồng Mộng Mơ[/B][/COLOR]</title>
<link>plugin://plugin.video.youtube/play/?video_id=2R22h3EkjHg</link>
<thumbnail>https://img.youtube.com/vi/2R22h3EkjHg/0.jpg</thumbnail>
</item>

<item>
<title>[COLOR lime][B]Hậu Ăn Khế Trả Vàng[/B][/COLOR]</title>
<link>plugin://plugin.video.youtube/play/?video_id=tx-kwkWgPs0</link>
<thumbnail>https://img.youtube.com/vi/tx-kwkWgPs0/0.jpg</thumbnail>
</item>

<item>
<title>[COLOR lime][B]Việt Kiều Hội Họp[/B][/COLOR]</title>
<link>plugin://plugin.video.youtube/play/?video_id=zm5wnwctwAk</link>
<thumbnail>https://img.youtube.com/vi/zm5wnwctwAk/0.jpg</thumbnail>
</item>

<item>
<title>[COLOR lime][B]Lỡ Thời[/B][/COLOR]</title>
<link>plugin://plugin.video.youtube/play/?video_id=sRKqh2aUGvQ</link>
<thumbnail>https://img.youtube.com/vi/sRKqh2aUGvQ/0.jpg</thumbnail>
</item>

<item>
<title>[COLOR lime][B]Hậu Sinh Khả Ố[/B][/COLOR]</title>
<link>plugin://plugin.video.youtube/play/?video_id=NQBkfYwBR58</link>
<thumbnail>https://img.youtube.com/vi/NQBkfYwBR58/0.jpg</thumbnail>
</item>

<item>
<title>[COLOR lime][B]Tai Nạn Radio[/B][/COLOR]</title>
<link>plugin://plugin.video.youtube/play/?video_id=atc304HsYcU</link>
<thumbnail>https://img.youtube.com/vi/atc304HsYcU/0.jpg</thumbnail>
</item>

<item>
<title>[COLOR lime][B]Nhất Nghệ Tinh[/B][/COLOR]</title>
<link>plugin://plugin.video.youtube/play/?video_id=ZkE99OUEDa0</link>
<thumbnail>https://img.youtube.com/vi/ZkE99OUEDa0/0.jpg</thumbnail>
</item>

<item>
<title>[COLOR lime][B]Táo Quân[/B][/COLOR]</title>
<link>plugin://plugin.video.youtube/play/?video_id=Vd8Heg0wXkE</link>
<thumbnail>https://img.youtube.com/vi/Vd8Heg0wXkE/0.jpg</thumbnail>
</item>

<item>
<title>[COLOR lime][B]Cha Con[/B][/COLOR]</title>
<link>plugin://plugin.video.youtube/play/?video_id=XLMknSg7BjY</link>
<thumbnail>https://img.youtube.com/vi/XLMknSg7BjY/0.jpg</thumbnail>
</item>

<item>
<title>[COLOR lime][B]Ông Ninh Ông Nang[/B][/COLOR]</title>
<link>plugin://plugin.video.youtube/play/?video_id=d3R_zVyjs9k</link>
<thumbnail>https://img.youtube.com/vi/d3R_zVyjs9k/0.jpg</thumbnail>
</item>

<item>
<title>[COLOR lime][B]Song Tấu Chơi Chữ[/B][/COLOR]</title>
<link>plugin://plugin.video.youtube/play/?video_id=uSO5uPe2OW8</link>
<thumbnail>https://img.youtube.com/vi/uSO5uPe2OW8/0.jpg</thumbnail>
</item>

<item>
<title>[COLOR lime][B]Táo Quân[/B][/COLOR]</title>
<link>plugin://plugin.video.youtube/play/?video_id=UZUimIKeMCI</link>
<thumbnail>https://img.youtube.com/vi/UZUimIKeMCI/0.jpg</thumbnail>
</item>

<item>
<title>[COLOR lime][B]Một Chuyến Đi Về[/B][/COLOR]</title>
<link>plugin://plugin.video.youtube/play/?video_id=KbWx7I_7JOM</link>
<thumbnail>https://img.youtube.com/vi/KbWx7I_7JOM/0.jpg</thumbnail>
</item>

<item>
<title>[COLOR lime][B]Hài Kịch Người Bạn Tốt [/B][/COLOR]</title>
<link>plugin://plugin.video.youtube/play/?video_id=1Ko5SDrbXc8</link>
<thumbnail>https://img.youtube.com/vi/1Ko5SDrbXc8/0.jpg</thumbnail>
</item>

<item>
<title>[COLOR lime][B]Người Đẹp Trong Tranh[/B][/COLOR]</title>
<link>plugin://plugin.video.youtube/play/?video_id=9s2r1jsJXkc</link>
<thumbnail>https://img.youtube.com/vi/9s2r1jsJXkc/0.jpg</thumbnail>
</item>


<item>
<title>[COLOR lime][B]Chuyện Vợ, Chuyện Chồng - Quang Minh, Hồng Đào[/B][/COLOR]</title>
<link>plugin://plugin.video.youtube/play/?video_id=GaO02HlAzfY</link>
<thumbnail>https://img.youtube.com/vi/GaO02HlAzfY/0.jpg</thumbnail>
</item>

<item>
<title>[COLOR lime][B]Thi Hoa Hậu Đồng Phục[/B][/COLOR]</title>
<link>plugin://plugin.video.youtube/play/?video_id=6C6sw9IFbH4</link>
<thumbnail>https://img.youtube.com/vi/6C6sw9IFbH4/0.jpg</thumbnail>
</item>

<item>
<title>[COLOR lime][B]Lạy Anh Em Đi Lấy Chồng[/B][/COLOR]</title>
<link>plugin://plugin.video.youtube/play/?video_id=pK4T94Kvtcw</link>
<thumbnail>https://img.youtube.com/vi/pK4T94Kvtcw/0.jpg</thumbnail>
</item>


<item>
<title>[COLOR lime][B]Tìm Bạn Bốn Phương[/B][/COLOR]</title>
<link>plugin://plugin.video.youtube/play/?video_id=rUng83U98y4</link>
<thumbnail>https://img.youtube.com/vi/rUng83U98y4/0.jpg</thumbnail>
</item>


<item>
<title>[COLOR lime][B]Võ Tắc Thiên[/B][/COLOR]</title>
<link>plugin://plugin.video.youtube/play/?video_id=7_EUChTlw-8</link>
<thumbnail>https://img.youtube.com/vi/7_EUChTlw-8/0.jpg</thumbnail>
</item>

<item>
<title>[COLOR lime][B]Hành trình trên đất phù sa[/B][/COLOR]</title>
<link>plugin://plugin.video.youtube/play/?video_id=FCklsdSeZWc</link>
<thumbnail>https://img.youtube.com/vi/FCklsdSeZWc/0.jpg</thumbnail>
</item>

<item>
<title>[COLOR lime][B]Bạn Già[/B][/COLOR]</title>
<link>plugin://plugin.video.youtube/play/?video_id=yXKLvzHd9b8</link>
<thumbnail>https://img.youtube.com/vi/yXKLvzHd9b8/0.jpg</thumbnail>
</item>

<item>
<title>[COLOR lime][B]Ước Gì[/B][/COLOR]</title>
<link>plugin://plugin.video.youtube/play/?video_id=3JqCDUHcf-c</link>
<thumbnail>https://img.youtube.com/vi/3JqCDUHcf-c/0.jpg</thumbnail>
</item>

<item>
<title>[COLOR lime][B]Người Giàu Cũng Khóc[/B][/COLOR]</title>
<link>plugin://plugin.video.youtube/play/?video_id=xQ2pmgmPBi8</link>
<thumbnail>https://img.youtube.com/vi/xQ2pmgmPBi8/0.jpg</thumbnail>
</item>

<item>
<title>[COLOR lime][B]Hai Bà Mẹ[/B][/COLOR]</title>
<link>plugin://plugin.video.youtube/play/?video_id=2qhzDQxKCiM</link>
<thumbnail>https://img.youtube.com/vi/2qhzDQxKCiM/0.jpg</thumbnail>
</item>

<item>
<title>[COLOR lime][B]P1-Vật đổi sao dời[/B][/COLOR]</title>
<link>plugin://plugin.video.youtube/play/?video_id=YadsYgZvbcw</link>
<thumbnail>https://img.youtube.com/vi/YadsYgZvbcw/0.jpg</thumbnail>
</item>

<item>
<title>[COLOR lime][B]P2-Vật đổi sao dời[/B][/COLOR]</title>
<link>plugin://plugin.video.youtube/play/?video_id=CfIE3CJJ5wU</link>
<thumbnail>https://img.youtube.com/vi/CfIE3CJJ5wU/0.jpg</thumbnail>
</item>

<item>
<title>[COLOR lime][B]Phần 1-Hà Nội Ký Sự[/B][/COLOR]</title>
<link>plugin://plugin.video.youtube/play/?video_id=eaj3UCRSfbU</link>
<thumbnail>https://img.youtube.com/vi/eaj3UCRSfbU/0.jpg</thumbnail>
</item>

<item>
<title>[COLOR lime][B]Phần 2-Hà Nội Ký Sự[/B][/COLOR]</title>
<link>plugin://plugin.video.youtube/play/?video_id=ygc58u-r86w</link>
<thumbnail>https://img.youtube.com/vi/ygc58u-r86w/0.jpg</thumbnail>
</item>

<item>
<title>[COLOR lime][B]Phần 3-Hà Nội Ký Sự[/B][/COLOR]</title>
<link>plugin://plugin.video.youtube/play/?video_id=vBcr_MERBZM</link>
<thumbnail>https://img.youtube.com/vi/vBcr_MERBZM/0.jpg</thumbnail>
</item>

<item>
<title>[COLOR lime][B]Phần 4-Hà Nội Ký Sự[/B][/COLOR]</title>
<link>plugin://plugin.video.youtube/play/?video_id=0Tq2k8t34Io</link>
<thumbnail>https://img.youtube.com/vi/0Tq2k8t34Io/0.jpg</thumbnail>
</item>

<item>
<title>[COLOR lime][B]Phần 1-Vân Sơn 12 Nụ Cười & Âm Nhạc[/B][/COLOR]</title>
<link>plugin://plugin.video.youtube/play/?video_id=QfRA4ZuwyUc</link>
<thumbnail>https://img.youtube.com/vi/QfRA4ZuwyUc/0.jpg</thumbnail>
</item>

<item>
<title>[COLOR lime][B]Phần 2-Vân Sơn 12 Nụ Cười & Âm Nhạc[/B][/COLOR]</title>
<link>plugin://plugin.video.youtube/play/?video_id=DfdyiThXJpo</link>
<thumbnail>https://img.youtube.com/vi/DfdyiThXJpo/0.jpg</thumbnail>
</item>

<item>
<title>[COLOR lime][B]Phần 3-Vân Sơn 12 Nụ Cười & Âm Nhạc[/B][/COLOR]</title>
<link>plugin://plugin.video.youtube/play/?video_id=ewWn38zB4uM</link>
<thumbnail>https://img.youtube.com/vi/ewWn38zB4uM/0.jpg</thumbnail>
</item>


<item>
<title>[COLOR lime][B]Phần 1-Vân Sơn 11 Nụ Cười & Âm Nhạc[/B][/COLOR]</title>
<link>plugin://plugin.video.youtube/play/?video_id=DfSlbN82ZJU</link>
<thumbnail>https://img.youtube.com/vi/DfSlbN82ZJU/0.jpg</thumbnail>
</item>

<item>
<title>[COLOR lime][B]Phần 2-Vân Sơn 11 Nụ Cười & Âm Nhạc[/B][/COLOR]</title>
<link>plugin://plugin.video.youtube/play/?video_id=TqztkvJ1yS0</link>
<thumbnail>https://img.youtube.com/vi/TqztkvJ1yS0/0.jpg</thumbnail>
</item>

<item>
<title>[COLOR lime][B]Phần 3-Vân Sơn 11 Nụ Cười & Âm Nhạc[/B][/COLOR]</title>
<link>plugin://plugin.video.youtube/play/?video_id=l75SnByM8Vk</link>
<thumbnail>https://img.youtube.com/vi/l75SnByM8Vk/0.jpg</thumbnail>
</item>

<item>
<title>[COLOR lime][B]Phần 1-Vân Sơn 10 Sân Khấu & Nụ Cười[/B][/COLOR]</title>
<link>plugin://plugin.video.youtube/play/?video_id=SdNRgZpIIt0</link>
<thumbnail>https://img.youtube.com/vi/SdNRgZpIIt0/0.jpg</thumbnail>
</item>

<item>
<title>[COLOR lime][B]Phần 2-Vân Sơn 10 Sân Khấu & Nụ Cười[/B][/COLOR]</title>
<link>plugin://plugin.video.youtube/play/?video_id=py5xHyBdleE</link>
<thumbnail>https://img.youtube.com/vi/py5xHyBdleE/0.jpg</thumbnail>
</item>

<item>
<title>[COLOR lime][B]Phần 3-Vân Sơn 10 Sân Khấu & Nụ Cười[/B][/COLOR]</title>
<link>plugin://plugin.video.youtube/play/?video_id=ZS1RZ9GJfyQ</link>
<thumbnail>https://img.youtube.com/vi/ZS1RZ9GJfyQ/0.jpg</thumbnail>
</item>

<item>
<title>[COLOR lime][B]Phần 1-Vân Sơn 9 Nụ Cười & Âm Nhạc[/B][/COLOR]</title>
<link>plugin://plugin.video.youtube/play/?video_id=S2sGIHBY3Yk</link>
<thumbnail>https://img.youtube.com/vi/S2sGIHBY3Yk/0.jpg</thumbnail>
</item>

<item>
<title>[COLOR lime][B]Phần 2-Vân Sơn 9 Nụ Cười & Âm Nhạc[/B][/COLOR]</title>
<link>plugin://plugin.video.youtube/play/?video_id=6x0_wPmdB1A</link>
<thumbnail>https://img.youtube.com/vi/6x0_wPmdB1A/0.jpg</thumbnail>
</item>

<item>
<title>[COLOR lime][B]Phần 3-Vân Sơn 9 Nụ Cười & Âm Nhạc[/B][/COLOR]</title>
<link>plugin://plugin.video.youtube/play/?video_id=Cmom8sP4B_c</link>
<thumbnail>https://img.youtube.com/vi/Cmom8sP4B_c/0.jpg</thumbnail>
</item>

<item>
<title>[COLOR lime][B] Phần 1-Vân Sơn 8 In Australia[/B][/COLOR]</title>
<link>plugin://plugin.video.youtube/play/?video_id=qEQBhFJ_bvg</link>
<thumbnail>https://img.youtube.com/vi/qEQBhFJ_bvg/0.jpg</thumbnail>
</item>

<item>
<title>[COLOR lime][B] Phần 2-Vân Sơn 8 In Australia[/B][/COLOR]</title>
<link>plugin://plugin.video.youtube/play/?video_id=cqV7oaS4ZZc</link>
<thumbnail>https://img.youtube.com/vi/cqV7oaS4ZZc/0.jpg</thumbnail>
</item>

<item>
<title>[COLOR lime][B] Phần 3-Vân Sơn 8 In Australia[/B][/COLOR]</title>
<link>plugin://plugin.video.youtube/play/?video_id=RkD2niZeBVQ</link>
<thumbnail>https://img.youtube.com/vi/RkD2niZeBVQ/0.jpg</thumbnail>
</item>

<item>
<title>[COLOR lime][B]Phần 1-Show Mẹ & Quê Hương - Vân Sơn [/B][/COLOR]</title>
<link>plugin://plugin.video.youtube/play/?video_id=jZINvZaJ5h4</link>
<thumbnail>https://img.youtube.com/vi/jZINvZaJ5h4/0.jpg</thumbnail>
</item>

<item>
<title>[COLOR lime][B]Phần 2-Show Mẹ & Quê Hương - Vân Sơn[/B][/COLOR]</title>
<link>plugin://plugin.video.youtube/play/?video_id=si-8xL9rVaE</link>
<thumbnail>https://img.youtube.com/vi/si-8xL9rVaE/0.jpg</thumbnail>
</item>

<item>
<title>[COLOR lime][B]Phần 3-Show Mẹ & Quê Hương - Vân Sơn[/B][/COLOR]</title>
<link>plugin://plugin.video.youtube/play/?video_id=c_UOvoalqRw</link>
<thumbnail>https://img.youtube.com/vi/c_UOvoalqRw/0.jpg</thumbnail>
</item>

<item>
<title>[COLOR lime][B]Phần 4-Show Mẹ & Quê Hương - Vân Sơn[/B][/COLOR]</title>
<link>plugin://plugin.video.youtube/play/?video_id=8RCkWuVO52I</link>
<thumbnail>https://img.youtube.com/vi/8RCkWuVO52I/0.jpg</thumbnail>
</item>





<item>
<title>[COLOR lime][B] P1-Đạo Nghĩa Giang Hồ[/B][/COLOR]</title>
<link>plugin://plugin.video.youtube/play/?video_id=K4zCYvKZAXA</link>
<thumbnail>https://img.youtube.com/vi/K4zCYvKZAXA/0.jpg</thumbnail>
</item>


<item>
<title>[COLOR lime][B] P2-Đạo Nghĩa Giang Hồ[/B][/COLOR]</title>
<link>plugin://plugin.video.youtube/play/?video_id=r1T4aGJ9iHQ</link>
<thumbnail>https://img.youtube.com/vi/r1T4aGJ9iHQ/0.jpg</thumbnail>
</item>


<item>
<title>[COLOR lime][B] P3-Đạo Nghĩa Giang Hồ[/B][/COLOR]</title>
<link>plugin://plugin.video.youtube/play/?video_id=h4fsjJ9P-y0</link>
<thumbnail>https://img.youtube.com/vi/h4fsjJ9P-y0/0.jpg</thumbnail>
</item>

<item>
<title>[COLOR lime][B] P1-Vượt Biên Giới[/B][/COLOR]</title>
<link>plugin://plugin.video.youtube/play/?video_id=CqInaLzZcOk</link>
<thumbnail>https://img.youtube.com/vi/CqInaLzZcOk/0.jpg</thumbnail>
</item>


<item>
<title>[COLOR lime][B] P2-Vượt Biên Giới[/B][/COLOR]</title>
<link>plugin://plugin.video.youtube/play/?video_id=f9NtxY3mr3Y</link>
<thumbnail>https://img.youtube.com/vi/f9NtxY3mr3Y/0.jpg</thumbnail>
</item>


<item>
<title>[COLOR lime][B] P3-Vượt Biên Giới[/B][/COLOR]</title>
<link>plugin://plugin.video.youtube/play/?video_id=Tq6_PygL474</link>
<thumbnail>https://img.youtube.com/vi/Tq6_PygL474/0.jpg</thumbnail>
</item>


<item>
<title>[COLOR lime][B] Phần 1-Những Nẻo Đường Miền Tây[/B][/COLOR]</title>
<link>plugin://plugin.video.youtube/play/?video_id=boTyRSCMo60</link>
<thumbnail>https://img.youtube.com/vi/boTyRSCMo60/0.jpg</thumbnail>
</item>


<item>
<title>[COLOR lime][B] Phần 2-Những Nẻo Đường Miền Tây[/B][/COLOR]</title>
<link>plugin://plugin.video.youtube/play/?video_id=wvQJKDLLErs</link>
<thumbnail>https://img.youtube.com/vi/wvQJKDLLErs/0.jpg</thumbnail>
</item>



</items>
</channel>
