<?xmlversion="1.0"encoding="utf-8"standalone="yes"?>

<stream>

<item><title>[COLOR red][B]******* Cần Addon Plexus *******[/B][/COLOR]</title><link>http://</link><thumbnail></thumbnail><item>

<item>
<title>VTV1 HD s1</title>
<link>http://avg05.mobion.vn/live/t/1i_mRxI1492wSuU8C13JQw/s/8qpkkyf9wu/e/1514896025547/origin64_9000/71/45034366/live/vtv1hd.m3u8</link>
<thumbnail>http://i.imgur.com/m8WU8BL.png</thumbnail>
</item>
<item>
<title>VTV1 HD s2</title>
<link>http://vnlivetv.tk/ducnt/v1hd</link>
<thumbnail>http://i.imgur.com/m8WU8BL.png</thumbnail>
</item>
<item>
<title>VTV1 HD s3</title>
<link>http://118.107.68.10:1935/live/_definst_//VTV1_H_5374560ab1atyu33dfee617ce3516ca502d/playlist.m3u8</link>
<thumbnail>http://i.imgur.com/m8WU8BL.png</thumbnail>
</item>
<item>
<title>VTV2 HD</title>
<link>http://vnlivetv.tk/ducnt/v2hd</link>
<thumbnail>http://cdn.kplus.vn/content/upload/1/root/logo-vtv2_w150_h150.png</thumbnail>
</item>
<item>
<title>VTV3 HD</title>
<link>http://vnlivetv.tk/ducnt/v3hd</link>
<thumbnail>http://i.imgur.com/OwtIFz1.png</thumbnail>
</item>
<item>
<title>VTV4 HD s1</title>
<link>https://cdn-livestream-live.vtvgiaitri.vn/vtv4.smil/chunklist_b2000000.m3u8</link>
<thumbnail>http://i.imgur.com/QwsdDjH.png</thumbnail>
</item>
<item>
<title>VTV4 HD s2</title>
<link>http://vnlivetv.tk/ducnt/v4hd</link>
<thumbnail>http://i.imgur.com/QwsdDjH.png</thumbnail>
</item>
<item>
<title>VTV5 HD s1</title>
<link>https://cdn-livestream-live.vtvgiaitri.vn/vtv5.smil/chunklist_b2000000.m3u8</link>
<thumbnail>http://i.imgur.com/bdKkIw2.png</thumbnail>
</item>
<item>
<title>VTV5 HD s2</title>
<link>http://vnlivetv.tk/ducnt/v5hd</link>
<thumbnail>http://i.imgur.com/bdKkIw2.png</thumbnail>
</item>
<item>
<title>VTV6 HD s1</title>
<link>https://cdn-livestream-live.vtvgiaitri.vn/vtv6.smil/chunklist_b5000000.m3u8</link>
<thumbnail>http://i.imgur.com/kplGmyh.png</thumbnail>
</item>
<item>
<title>VTV6 HD s2</title>
<link>http://vnlivetv.tk/ducnt/v6hd</link>
<thumbnail>http://i.imgur.com/kplGmyh.png</thumbnail>
</item>
<item>
<title>VTV7 HD s1</title>
<link>https://cdn-livestream-live.vtvgiaitri.vn/vtv7.smil/chunklist_b2000000.m3u8</link>
<thumbnail>http://xbmc.itvplus.net/LOGO/HDTV/VTV7.png</thumbnail>
</item>
<item>
<title>VTV7 HD s2</title>
<link>http://vnlivetv.tk/ducnt/v7hd</link>
<thumbnail>http://xbmc.itvplus.net/LOGO/HDTV/VTV7.png</thumbnail>
</item>
<item>
<title>VTV8 HD s1</title>
<link>https://cdn-livestream-live.vtvgiaitri.vn/vtv8.smil/chunklist_b2000000.m3u8</link>
<thumbnail>http://xbmc.itvplus.net/LOGO/HDTV/VTV8.png</thumbnail>
</item>
<item>
<title>VTV8 HD s2</title>
<link>http://vnlivetv.tk/ducnt/v8hd</link>
<thumbnail>http://xbmc.itvplus.net/LOGO/HDTV/VTV8.png</thumbnail>
</item>
<item>
<title>VTV9 HD s1</title>
<link>https://cdn-livestream-live.vtvgiaitri.vn/vtv9.smil/chunklist_b2000000.m3u8</link>
<thumbnail>http://xbmc.itvplus.net/LOGO/HDTV/VTV9.png</thumbnail>
</item>
<item>
<title>VTV9 HD s2</title>
<link>http://vnlivetv.tk/ducnt/v9hd</link>
<thumbnail>http://xbmc.itvplus.net/LOGO/HDTV/VTV9.png</thumbnail>
</item>
<item>
<title>TTXVN s1</title>
<link>http://live.cdn.mobifonetv.vn/motv2/ttxvn_hls.smil/chunklist_b1200000.m3u8|User-Agent=Mozilla/5.0</link>
<thumbnail>http://103.56.158.185/tv_icon/ttxvn.png</thumbnail>
</item>
<item>
<title>TTXVN s2</title>
<link>http://avg05.mobion.vn/live/t/LQAPGywOrxbQcz6CCrWB8g/s/0y7qcamlqa/e/1514895942779/origin64_9000/71/45036332/live/vnewsthttxvn.m3u8</link>
<thumbnail>http://103.56.158.185/tv_icon/vnews.png</thumbnail>
</item>
<item>
<title>NHAN DAN</title>
<link>http://avg05.mobion.vn/live/t/dcUPXWU2DVkTKjFB2r0YDA/s/tgowq6c1dh/e/1514896088321/origin64_9000/71/45036336/live/thnhandan.m3u8</link>
<thumbnail>http://103.56.158.185/tv_icon/nhandan.png</thumbnail>
</item>
<item>
<title>NHÂN DÂN HD</title>
<link>http://27.118.16.98:1935/live/truyenhinhnhandan720/chunklist_w2006762604.m3u8</link>
<thumbnail>http://103.56.158.185/tv_icon/nhandan.png</thumbnail>
</item>
<item>
<title>QPVN s1</title>
<link>rtmp://125.212.132.219/standard/_definst_/mp4:standard_480p</link>
<thumbnail>http://103.56.158.185/tv_icon/quoc-phong-vn.png</thumbnail>
</item>
<item>
<title>QPVN s2</title>
<link>http://avg05.mobion.vn/live/t/fZXEyeAGgZmr_FyduPWrzg/s/vv3qg113ht/e/1514896133634/origin64_9000/71/45036353/live/qpvnquocphong.m3u8</link>
<thumbnail>http://i.imgur.com/1SFC75J.png</thumbnail>
</item>
<item>
<title>QUOC HOI HD</title>
<link>http://avg05.mobion.vn/live/t/E52XDm01fhtXKxoPAd6jQA/s/ng9i96km4f/e/1514896221836/origin64_9000/71/45034203/live/quochoi720p.m3u8</link>
<thumbnail>http://103.56.158.185/tv_icon/quoc-hoi-hd.png</thumbnail>
</item>
<item>
<title>AN NINH TV HD</title>
<link>http://avg05.mobion.vn/live/t/EexCM8KJ1QQSx21yfwmxOg/s/92uheyzbgu/e/1514896175591/origin64_9000/71/45036354/live/antvthcand.m3u8</link>
<thumbnail>http://103.56.158.185/tv_icon/antv.png</thumbnail>
</item>
<item>
<title>HA NOI 1 HD</title>
<link>http://hanoitvlive.8ef55e0c.cdnviet.com/hanoi1.smil/chunklist_b3500000.m3u8</link>
<thumbnail>http://cdn.kplus.vn/content/upload/1/root/logo-hanoi-1_w150_h150.png</thumbnail>
</item>
<item>
<title>HA NOI 2 HD</title>
<link>http://hanoitvlive.8ef55e0c.cdnviet.com/hanoi2.smil/chunklist_b3500000.m3u8</link>
<thumbnail>http://cdn.kplus.vn/content/upload/1/root/logo-hanoi-2_w150_h150.png</thumbnail>
</item>
<item>
<title>HTV1</title>
<link>http://live.cdn.mobifonetv.vn/motv/myhtv1_hls.smil/playlist.m3u8|User-Agent=Mozilla/5.0</link>
<thumbnail>http://i.imgur.com/XWtxYdm.png</thumbnail>
</item>
<item>
<title>HTV2</title>
<link>http://live.cdn.mobifonetv.vn/motv/myhtv2_hls.smil/playlist.m3u8|User-Agent=Mozilla/5.0</link>
<thumbnail>http://i.imgur.com/s7x0UhN.png</thumbnail>
</item>
<item>
<title>HTV3</title>
<link>http://live.cdn.mobifonetv.vn/motv/myhtv3_hls.smil/playlist.m3u8|User-Agent=Mozilla/5.0</link>
<thumbnail>http://i.imgur.com/MMQITB4.png</thumbnail>
</item>
<item>
<title>HTV4</title>
<link>http://live.cdn.mobifonetv.vn/motv/myhtv4_hls.smil/playlist.m3u8|User-Agent=Mozilla/5.0</link>
<thumbnail>http://i.imgur.com/gkeMaOh.png</thumbnail>
</item>
<item>
<title>HTV7</title>
<link>http://live.cdn.mobifonetv.vn/motv/myhtv7_hls.smil/playlist.m3u8|User-Agent=Mozilla/5.0</link>
<thumbnail>https://upload.wikimedia.org/wikipedia/vi/a/ac/HTV7-tphcm.png</thumbnail>
</item>
<item>
<title>HTV9</title>
<link>http://live.cdn.mobifonetv.vn/motv/myhtv9_hls.smil/playlist.m3u8|User-Agent=Mozilla/5.0</link>
<thumbnail>https://upload.wikimedia.org/wikipedia/vi/0/0a/HTV9-tphcm.png</thumbnail>
</item>
<item>
<title>HTVC THUAN VIET</title>
<link>http://live.cdn.mobifonetv.vn/motv/myhtvcthuanviet_hls.smil/playlist.m3u8|User-Agent=Mozilla/5.0</link>
<thumbnail>https://s21.postimg.org/sbcyi4ttz/htvcthuanviet.png</thumbnail>
</item>
<item>
<title>GIA DINH</title>
<link>http://live.cdn.mobifonetv.vn/motv/myhtvcgiadinh_hls.smil/playlist.m3u8|User-Agent=Mozilla/5.0</link>
<thumbnail>https://s3.postimg.org/3q9r5xc37/htvcgiadinh.jpg</thumbnail>
</item>
<item>
<title>HTVC PHIM</title>
<link>http://live.cdn.mobifonetv.vn/motv/myhtvcphim_hls.smil/playlist.m3u8|User-Agent=Mozilla/5.0</link>
<thumbnail>https://s15.postimg.org/tymsndhh7/htvcphim.jpg</thumbnail>
</item>
<item>
<title>HTVC Dulich</title>
<link>http://live.cdn.mobifonetv.vn/motv/myhtvcdulich_hls.smil/playlist.m3u8|User-Agent=Mozilla/5.0</link>
<thumbnail>https://s11.postimg.org/y50njcob7/dulich.jpg</thumbnail>
</item>
<item>
<title>HTVC Phunu</title>
<link>http://live.cdn.mobifonetv.vn/motv/myhtvcphunu_hls.smil/playlist.m3u8|User-Agent=Mozilla/5.0</link>
<thumbnail>https://s11.postimg.org/dku4jqnpf/htvcphunu.png</thumbnail>
</item>
<item>
<title>HTVC canhac</title>
<link>http://live.cdn.mobifonetv.vn/motv/myhtvccanhac_hls.smil/playlist.m3u8|User-Agent=Mozilla/5.0</link>
<thumbnail>https://106b9c59d.vws.vegacdn.vn/rBN9EfEEFSyoELIQDjEu/408x230x1500363159/cmc_new/img.live_channel/0/0/0/0/156.jpg</thumbnail>
</item>
<item>
<title>HTVC Thethao</title>
<link>http://live.cdn.mobifonetv.vn/motv/myhtvcthethao_hls.smil/playlist.m3u8|User-Agent=Mozilla/5.0</link>
<thumbnail>http://i.imgur.com/bULyZwy.png</thumbnail>
</item>
<item>
<title>VTC1 HD s1</title>
<link>http://avg05.mobion.vn/live/t/BHIb4vaOyckNTwRmn04Yaw/s/w2m2naczex/e/1514896259676/origin64_9000/71/45036363/live/vtc1hd.m3u8</link>
<thumbnail>http://i.imgur.com/HC5iUuK.png</thumbnail>
</item>
<item>
<title>VTC1 HD s2</title>
<link>http://vtclive-a.akamaihd.net/live/disk1/VTC1_1/HLS/VTC1_1.m3u8</link>
<thumbnail>http://i.imgur.com/HC5iUuK.png</thumbnail>
</item>
<item>
<title>VTC2</title>
<link>http://vtclive-a.akamaihd.net/live/disk2/VTC2_2/HLS/VTC2_2.m3u8</link>
<thumbnail>https://i.imgur.com/T3geo1o.jpg</thumbnail>
</item>
<item>
<title>VTC3 HD</title>
<link>http://vtclive-a.akamaihd.net/live/disk2/VTC3_3/HLS/VTC3_3.m3u8</link>
<thumbnail>https://i.imgur.com/olGqfAv.jpg</thumbnail>
</item>
<item>
<title>Yeah1! Family-VTC4</title>
<link>http://vtclive-a.akamaihd.net/live/disk1/VTC4_0/HLS/VTC4_0.m3u8</link>
<thumbnail>https://static.fptplay.net/static/img/share/channels/icon_channel_yeah1-family-vtc4_146312575079.png</thumbnail>
</item>
<item>
<title>tvBlue-VTC5</title>
<link>http://vtclive-a.akamaihd.net/live/disk1/VTC5_0/HLS/VTC5_0.m3u8</link>
<thumbnail>https://static.fptplay.net/static/img/share/channels/icon_channel_vtc5_150226870197.jpg</thumbnail>
</item>
<item>
<title>VTC7</title>
<link>http://avg05.mobion.vn/live/t/ZzHnBNyeaL-HeQjQfxl-dg/s/gpmot8xglr/e/1514896529298/origin64_9000/71/45033289/live/todaytvvtc.m3u8</link>
<thumbnail>http://i.imgur.com/ZfjtPa2.png</thumbnail>
</item>
<item>
<title>Today TV-VTC7 HD</title>
<link>http://vtclive-a.akamaihd.net/live/disk2/VTC7_8/HLS/VTC7_8.m3u8</link>
<thumbnail>http://i.imgur.com/ZfjtPa2.png</thumbnail>
</item>
<item>
<title>VTC9 s1</title>
<link>http://avg05.mobion.vn/live/t/Al6SffYhe_xnwIll1WwELA/s/24bd3ks85q/e/1514896530947/origin64_9000/71/45037552/live/letviet.m3u8</link>
<thumbnail>http://i.imgur.com/5SoblfV.png</thumbnail>
</item>
<item>
<title>VTC9 s2</title>
<link>http://vtclive-a.akamaihd.net/live/disk2/VTC9_7/HLS/VTC9_7.m3u8</link>
<thumbnail>http://i.imgur.com/5SoblfV.png</thumbnail>
</item>
<item>
<title>NetViet-VTC10</title>
<link>http://vtclive-a.akamaihd.net/live/disk1/VTC10_4/HLS/VTC10_4.m3u8</link>
<thumbnail>https://i.imgur.com/k6fjc5d.png</thumbnail>
</item>
<item>
<title>Kids and Family-VTC11</title>
<link>http://vtclive-a.akamaihd.net/live/disk1/VTC11_0/HLS/VTC11_0.m3u8</link>
<thumbnail>https://static.fptplay.net/static/img/share/channels/icon_channel_vtc11-thieu-nhi_146293779839.png</thumbnail>
</item>
<item>
<title>VTC13 HD</title>
<link>http://vtclive-a.akamaihd.net/live/disk1/VTC13_0/HLS/VTC13_0.m3u8</link>
<thumbnail>https://static.fptplay.net/static/img/share/channels/icon_channel_itv_145578605209.png</thumbnail>
</item>
<item>
<title>VTC14 HD</title>
<link>http://vtclive-a.akamaihd.net/live/disk2/VTC14_5/HLS/VTC14_5.m3u8</link>
<thumbnail>http://image2.cdn.i-com.vn/thumb/600x400/crop//Uploads/images/kenh/vtc14.jpg</thumbnail>
</item>
<item>
<title>3NTV-VTC16</title>
<link>http://vtclive-a.akamaihd.net/live/disk2/VTC16_6/HLS/VTC16_6.m3u8</link>
<thumbnail>https://i.imgur.com/xlH2Riq.jpg</thumbnail>
</item>
<item>
<title>mobiTV:AN VIEN HD-BTV9</title>
<link>http://avg05.mobion.vn/live/t/-yHEcHtzbpmKgavsSvi_KA/s/3nhzbeax08/e/1514896358403/origin64_9000/71/45034375/live/anvienhd.m3u8</link>
<thumbnail>https://s9.postimg.org/j0biik44v/anvien.jpg</thumbnail>
</item>
<item>
<title>mobiTV:PHIM HAY s1</title>
<link>http://live.cdn.mobifonetv.vn/motv3/phimhay_hls.smil/playlist.m3u8</link>
<thumbnail>http://103.56.158.185/tv_icon/phim-hay.png</thumbnail>
</item>
<item>
<title>mobiTV:PHIM HAY s2</title>
<link>http://avg05.mobion.vn/live/t/ewX710JXRxK5G4-f7CCYiw/s/595ylducds/e/1514896452125/origin64_9000/71/45036333/live/phimhay.m3u8</link>
<thumbnail>http://103.56.158.185/tv_icon/phim-hay.png</thumbnail>
</item>
<item>
<title>mobiTV:NCM s1</title>
<link>http://live.cdn.mobifonetv.vn/motv/ncm_hls.smil/playlist.m3u8</link>
<thumbnail>http://103.56.158.185/tv_icon/ncm.png</thumbnail>
</item>
<item>
<title>mobiTV:NCM s2</title>
<link>http://avg05.mobion.vn/live/t/RrJjiNFIcukRAM_KSYsesA/s/cb647pvfhs/e/1514896527303/origin64_9000/71/45036362/live/ncmthethao.m3u8</link>
<thumbnail>http://103.56.158.185/tv_icon/ncm.png</thumbnail>
</item>
<item>
<title>mobiTV:AN NINH THE GIOI s1</title>
<link>http://live.cdn.mobifonetv.vn/motv/antg_hls.smil/playlist.m3u8</link>
<thumbnail>http://i.imgur.com/j7NsBwD.png</thumbnail>
</item>
<item>
<title>mobiTV:AN NINH THE GIOI s2</title>
<link>http://avg05.mobion.vn/live/t/Z-epNPotgHUCji3nI0PPoQ/s/aggv7hje0x/e/1514895770975/origin64_9000/71/45033873/live/anninhthegioi.m3u8</link>
<thumbnail>http://i.imgur.com/j7NsBwD.png</thumbnail>
</item>
<item>
<title>mobiTV:MIEN TAY s1</title>
<link>http://live.cdn.mobifonetv.vn/motv2/mientay_hls.smil/playlist.m3u8</link>
<thumbnail>http://103.56.158.185/tv_icon/mien-tay.png</thumbnail>
</item>
<item>
<title>mobiTV:MIEN TAY s2</title>
<link>http://avg05.mobion.vn/live/t/nllr6UPD4ukIKVvknGtVuQ/s/8g83ks1i2e/e/1514896518485/origin64_9000/71/45036335/live/thdt2mientay.m3u8</link>
<thumbnail>http://103.56.158.185/tv_icon/mien-tay.png</thumbnail>
</item>
<item>
<title>mobiTV:VIETTEEN s1</title>
<link>http://live.cdn.mobifonetv.vn/motv/vietteen_hls.smil/playlist.m3u8</link>
<thumbnail>http://103.56.158.185/tv_icon/vietteen.png</thumbnail>
</item>
<item>
<title>mobiTV:VIETTEEN s2</title>
<link>http://avg05.mobion.vn/live/t/BymJI2pVuxEEU0hlpMhBSg/s/mkde9vs8h9/e/1514896526159/origin64_9000/71/45036340/live/vietteennhactre.m3u8</link>
<thumbnail>http://103.56.158.185/tv_icon/vietteen.png</thumbnail>
</item>
<item>
<title>mobiTV:SAM s1</title>
<link>http://live.cdn.mobifonetv.vn/motv/sam_hls.smil/playlist.m3u8</link>
<thumbnail>http://103.56.158.185/tv_icon/sam.png</thumbnail>
</item>
<item>
<title>mobiTV:SAM s2</title>
<link>http://avg05.mobion.vn/live/t/mCXkltRMdaHLAH_Tte7hjg/s/o2i1e3dnc0/e/1514896524988/origin64_9000/71/45036337/live/samthieunhi.m3u8</link>
<thumbnail>http://103.56.158.185/tv_icon/sam.png</thumbnail>
</item>
<item>
<title>mobiTV:ANT-BPTV3</title>
<link>http://avg05.mobion.vn/live/t/NXqlqYxF9SG72Zz29rN8zg/s/4042l3v8jh/e/1514896532259/origin64_9000/71/45036338/live/antthieunhi.m3u8</link>
<thumbnail></thumbnail>
</item>
<item>
<title>mobiTV:NHAC CACH MANG</title>
<link>http://avg05.mobion.vn/live/t/_nBRu2GVNiUyThLujjBKcw/s/q6g20hmwu6/e/1515603846842/origin64_9000/71/45036342/live/nhaccachmang.m3u8</link>
<thumbnail>http://vuapp.tranvu.info/upload//avg_cachmang.png</thumbnail>
</item>
<item>
<title>mobiTV:NHAC CO DIEN</title>
<link>http://avg05.mobion.vn/live/t/332ozYpz97YbwyPhCenG7A/s/xus8a792sg/e/1515603959474/origin64_9000/71/45036347/live/nhaccodien.m3u8</link>
<thumbnail>http://vuapp.tranvu.info/upload//avg_codien.png</thumbnail>
</item>
<item>
<title>mobiTV:NHAC DAN TOC</title>
<link>http://avg05.mobion.vn/live/t/Z6EYnRChFuxwVGVbvjKxZA/s/kbs6dy3hm9/e/1515603871434/origin64_9000/71/45036345/live/nhacdantoc.m3u8</link>
<thumbnail>http://vuapp.tranvu.info/upload//avg_dantoc.png</thumbnail>
</item>
<item>
<title>mobiTV:NHAC NAM BO</title>
<link>http://avg05.mobion.vn/live/t/VL502tUmoqPw9M8hT7m84A/s/1mtewzulzg/e/1514896782417/origin64_9000/71/45036351/live/nhacnambo.m3u8</link>
<thumbnail>http://vuapp.tranvu.info/upload//avg_nambo.png</thumbnail>
</item>
<item>
<title>mobiTV:NHAC NHE</title>
<link>http://avg05.mobion.vn/live/t/27okJe70THyAXWL0OBubJg/s/h6tutw7yx8/e/1515603998739/origin64_9000/71/45036348/live/nhacnhe.m3u8</link>
<thumbnail>http://vuapp.tranvu.info/upload//avg_nhacnhe.png</thumbnail>
</item>
<item>
<title>mobiTV:CA NHAC THIEU NHI</title>
<link>http://avg05.mobion.vn/live/t/l1GSD7BoFOheoBB4cSNgwg/s/g5x970z5xq/e/1514896780715/origin64_9000/71/45036349/live/canhacthieunhi.m3u8</link>
<thumbnail>http://vuapp.tranvu.info/upload//tuoi-than-tien.jpg</thumbnail>
</item>
<item>
<title>mobiTV:NHAC TRE</title>
<link>http://avg05.mobion.vn/live/t/48Wc0fwqseJYdQQ1Lcfdpg/s/t34ve7rcds/e/1514896776508/origin64_9000/71/45036346/live/nhactre.m3u8</link>
<thumbnail>http://vuapp.tranvu.info/upload//avg_nhactre.png</thumbnail>
</item>
<item>
<title>mobiTV:NHAC TRU TINH</title>
<link>http://avg05.mobion.vn/live/t/bauvL4DQ9rqw8qLqYcEDZA/s/e9wlkqbpcf/e/1515603927253/origin64_9000/71/45036344/live/nhactrutinh.m3u8</link>
<thumbnail>http://vuapp.tranvu.info/upload//avg_trutinh.png</thumbnail>
</item>
<item>
<title>mobiTV:DOC SACH</title>
<link>http://avg05.mobion.vn/live/t/25iEudDI_Z-1FqPxZPeSGQ/s/rtxc3bdlz4/e/1515603797036/origin64_9000/71/45036352/live/docsach.m3u8</link>
<thumbnail>http://vuapp.tranvu.info/upload//avg_docsach.png</thumbnail>
</item>
<item>
<title>mobiTV:CHANNEL NEWS ASIA</title>
<link>http://avg05.mobion.vn/live/t/SOy0bcn4L_TF_qJAXZv8Lg/s/baw31tkucq/e/1514896323697/origin64_9000/71/45036341/live/channelnewsasia.m3u8</link>
<thumbnail>https://s17.postimg.org/b6i57buyn/newsasia.png</thumbnail>
</item>
<item>
<title>Việt News</title>
<link>http://144.217.84.181/hls/News.m3u8</link>
<thumbnail></thumbnail>
</item>
<item>
<title>Cảnh đẹp 4K(1080p)</title>
<link>http://144.217.84.181/hls/4K.m3u8</link>
<thumbnail>http://www.viettv24.com/main/images/Beautiful-Scenary.jpg</thumbnail>
</item>
<item>
<title>EpicStreaming (1080p)</title>
<link>http://144.217.84.181/hls/Epic.m3u8</link>
<thumbnail>https://openclipart.org/image/2400px/svg_to_png/205652/Awesome-smiley.png</thumbnail>
</item>
<item>
<title>Hài</title>
<link>http://144.217.84.181/hls/HaiTVShows.m3u8</link>
<thumbnail>https://lh3.googleusercontent.com/sOLpCJsXrNiRfHDO8FTq-vzl6RV6vg4mxD0YDfY0LGTN4elDk-vG7fRHFqUPfqnkQtE=w300</thumbnail>
</item>
<item>
<title>Music Bolero</title>
<link>http://144.217.84.181/hls/Bolero.m3u8</link>
<thumbnail>http://zmp3-photo.d.za.zdn.vn/covers/6/3/6337aee2b7205cf8df2f6e4fa68e02ef_1472440930.jpg</thumbnail>
</item>
<item>
<title>Music 1</title>
<link>http://144.217.84.181/hls/Top200YT.m3u8</link>
<thumbnail>http://s1.pic4you.ru/allimage/y2012/10-09/11703/2524001.jpeg</thumbnail>
</item>
<item>
<title>Music 2(1080p)</title>
<link>http://144.217.84.181/hls/Top300VN.m3u8</link>
<thumbnail>http://s1.pic4you.ru/allimage/y2012/10-09/11703/2524001.jpeg</thumbnail>
</item>
<item>
<title>Từ Bi Hỷ Xả</title>
<link>http://144.217.84.181/hls/TuBi.m3u8</link>
<thumbnail>http://chiasephapthoai.com/wp-content/uploads/ultimatemember/1/profile_photo-190.png</thumbnail>
</item>
<item>
<title>Việt Nam - Vẻ Đẹp Bất Tận</title>
<link>http://144.217.84.181/hls/VanHoa.m3u8</link>
<thumbnail>https://upload.wikimedia.org/wikipedia/vi/1/1a/Vietnam_Timeless_Charm.PNG</thumbnail>
</item>
<item>
<title>Sai Gon TV</title>
<link>https://saigonrtmp.tulix.tv/vchannel2/vchannel2/playlist.m3u8</link>
<thumbnail></thumbnail>
</item>
<item>
<title>Việt Mỹ TV</title>
<link>http://68.235.37.11:1935/vietmagazine/vietmagazine/playlist.m3u8</link>
<thumbnail>https://s30.postimg.org/s0aco3hzl/VIET_MY.png</thumbnail>
</item>
<item>
<title>Việt Sóng TV 47.7</title>
<link>rtmp://uni5rtmp.tulix.tv/playout2multi10/playout2multi10.stream</link>
<thumbnail>https://s23.postimg.org/s0fe2u0t7/image.png</thumbnail>
</item>
<item>
<title>Việt News TV</title>
<link>http://vietnews.saigon.ns01.us:1935/VietNews/myStream/chunklist_w107230799.m3u8</link>
<thumbnail>https://s24.postimg.org/sf24r4qjp/VNTV.png</thumbnail>
</item>
<item>
<title>SET TV</title>
<link>http://livestream.vnvn.net/hls-live/livepkgr/_definst_/settv574-3/settv574-3.m3u8</link>
<thumbnail>https://s27.postimg.org/65e8ozu8z/set.png</thumbnail>
</item>
<item>
<title>IBC TV 57.8</title>
<link>http://liveplay3.malimarcdn.com/ibcnews/ibcnews.sdp/playlist.m3u8</link>
<thumbnail>https://s23.postimg.org/q8pgw4wgb/IBC.jpg</thumbnail>
</item>
<item>
<title>VNBC</title>
<link>http://uni6rtmp.tulix.tv:1935/vbstv/vbsabr.smil/chunklist_w189527979_b1228800.m3u8</link>
<thumbnail>https://s27.postimg.org/zd62aenf7/vnbc.png</thumbnail>
</item>
<item>
<title>ViệtStar 57.11</title>
<link>http://saigontvtv.saigon.ns01.us:1935/VietStarTV/myStream/chunklist_w36065371.m3u8</link>
<thumbnail>https://s27.postimg.org/wnwdqo22b/vstar.png</thumbnail>
</item>
<item>
<title>VBS - Vietnames Broadcasting Service</title>
<link>http://uni6rtmp.tulix.tv:1935/vbstv/vbsabr.smil/chunklist_w189527979_b1228800.m3u8</link>
<thumbnail>https://s23.postimg.org/99da6ha97/VBS.png</thumbnail>
</item>
<item>
<title>VBS (WS)</title>
<link>http://uni6rtmp.tulix.tv:1935/vbstv/vbsabr.smil/chunklist_w530158239_b1228800.m3u8</link>
<thumbnail>https://s24.postimg.org/7t4su66md/vbs1.png</thumbnail>
</item>
<item>
<title>VBS Canada</title>
<link>http://uni6rtmp.tulix.tv:1935/vbstv/vbsabr.smil/chunklist_w1847269952_b204800.m3u8</link>
<thumbnail>https://s23.postimg.org/99da6ha97/VBS.png</thumbnail>
</item>
<item>
<title>VNA TV</title>
<link>http://livestream.vnvn.net/hls-live/livepkgr/_definst_/vnatv573-1/vnatv573-1.m3u8?time=1482109571065</link>
<thumbnail>https://s23.postimg.org/f0ie1s30b/VNA.png</thumbnail>
</item>

<item>
<title>[COLOR cyan]HPlus[/COLOR]VTV1</title>
<link>plugin://plugin.video.kodi4vn.hplus.vn/play/%7B%22title%22%3A%22VTV1%20%28HPlus%29%22%2C%22url%22%3A%22http%3A%2F%2Fhplus.com.vn%2Fxem-kenh-vtv1-2128.html%22%7D</link>
<thumbnail></thumbnail>
</item>
<item>
<title>[COLOR cyan]HPlus[/COLOR]VTV1 HD</title>
<link>plugin://plugin.video.kodi4vn.hplus.vn/play/%7B%22title%22%3A%22VTV1%20HD%20%28HPlus%29%22%2C%22url%22%3A%22http%3A%2F%2Fhplus.com.vn%2Fxem-kenh-vtv1-full-hd-1080-52524.html%22%7D</link>
<thumbnail></thumbnail>
</item>
<item>
<title>[COLOR cyan]HPlus[/COLOR]Quốc Hội</title>
<link>plugin://plugin.video.kodi4vn.hplus.vn/play/%7B%22title%22%3A%22Qu%E1%BB%91c%20H%E1%BB%99i%20%28HPlus%29%22%2C%22url%22%3A%22http%3A%2F%2Fhplus.com.vn%2Fxem-kenh-quoc-hoi-50069.html%22%7D</link>
<thumbnail></thumbnail>
</item>
<item>
<title>[COLOR cyan]HPlus[/COLOR]QPVN Quốc Phòng VN</title>
<link>plugin://plugin.video.kodi4vn.hplus.vn/play/%7B%22title%22%3A%22QPVN%20Qu%E1%BB%91c%20Ph%C3%B2ng%20VN%20%28HPlus%29%22%2C%22url%22%3A%22http%3A%2F%2Fhplus.com.vn%2Fxem-kenh-quoc-phong-viet-nam-50068.html%22%7D</link>
<thumbnail></thumbnail>
</item>
<item>
<title>[COLOR cyan]HPlus[/COLOR]TTXVN Thông Tấn Xã Việt Nam</title>
<link>plugin://plugin.video.kodi4vn.hplus.vn/play/%7B%22title%22%3A%22TTXVN%20Th%C3%B4ng%20T%E1%BA%A5n%20X%C3%A3%20Vi%E1%BB%87t%20Nam%20%28HPlus%29%22%2C%22url%22%3A%22http%3A%2F%2Fhplus.com.vn%2Fxem-kenh-thong-tan-xa-viet-nam-50070.html%22%7D</link>
<thumbnail></thumbnail>
</item>
<item>
<title>[COLOR cyan]HPlus[/COLOR]Nhân Dân</title>
<link>plugin://plugin.video.kodi4vn.hplus.vn/play/%7B%22title%22%3A%22Nh%C3%A2n%20D%C3%A2n%20%28HPlus%29%22%2C%22url%22%3A%22http%3A%2F%2Fhplus.com.vn%2Fxem-kenh-nhan-dan-full-hd-1080-50201.html%22%7D</link>
<thumbnail></thumbnail>
</item>
<item>
<title>[COLOR cyan]HPlus[/COLOR]HTV COOP</title>
<link>plugin://plugin.video.kodi4vn.hplus.vn/play/%7B%22title%22%3A%22HTV%20COOP%20%28HPlus%29%22%2C%22url%22%3A%22http%3A%2F%2Fhplus.com.vn%2Fxem-kenh-htv-coop-sd-31973.html%22%7D</link>
<thumbnail></thumbnail>
</item>
<item>
<title>[COLOR cyan]HPlus[/COLOR]HTV1</title>
<link>plugin://plugin.video.kodi4vn.hplus.vn/play/%7B%22title%22%3A%22HTV1%20%28HPlus%29%22%2C%22url%22%3A%22http%3A%2F%2Fhplus.com.vn%2Fxem-kenh-htv1-2631.html%22%7D</link>
<thumbnail></thumbnail>
</item>
<item>
<title>[COLOR cyan]HPlus[/COLOR]HTV2</title>
<link>plugin://plugin.video.kodi4vn.hplus.vn/play/%7B%22title%22%3A%22HTV2%20%28HPlus%29%22%2C%22url%22%3A%22http%3A%2F%2Fhplus.com.vn%2Fxem-kenh-htv2-2630.html%22%7D</link>
<thumbnail></thumbnail>
</item>
<item>
<title>[COLOR cyan]HPlus[/COLOR]HTV2 HD</title>
<link>plugin://plugin.video.kodi4vn.hplus.vn/play/%7B%22title%22%3A%22HTV2%20HD%20%28HPlus%29%22%2C%22url%22%3A%22http%3A%2F%2Fhplus.com.vn%2Fxem-kenh-htv2-hd-2669.html%22%7D</link>
<thumbnail></thumbnail>
</item>
<item>
<title>[COLOR cyan]HPlus[/COLOR]HTV3</title>
<link>plugin://plugin.video.kodi4vn.hplus.vn/play/%7B%22title%22%3A%22HTV3%20%28HPlus%29%22%2C%22url%22%3A%22http%3A%2F%2Fhplus.com.vn%2Fxem-kenh-htv3-2535.html%22%7D</link>
<thumbnail></thumbnail>
</item>
<item>
<title>[COLOR cyan]HPlus[/COLOR]HTV4</title>
<link>plugin://plugin.video.kodi4vn.hplus.vn/play/%7B%22title%22%3A%22HTV4%20%28HPlus%29%22%2C%22url%22%3A%22http%3A%2F%2Fhplus.com.vn%2Fxem-kenh-htv4-2528.html%22%7D</link>
<thumbnail></thumbnail>
</item>
<item>
<title>[COLOR cyan]HPlus[/COLOR]HTV7</title>
<link>plugin://plugin.video.kodi4vn.hplus.vn/play/%7B%22title%22%3A%22HTV7%20%28HPlus%29%22%2C%22url%22%3A%22http%3A%2F%2Fhplus.com.vn%2Fxem-kenh-htv7-sd-10036.html%22%7D</link>
<thumbnail></thumbnail>
</item>
<item>
<title>[COLOR cyan]HPlus[/COLOR]HTV7 HD</title>
<link>plugin://plugin.video.kodi4vn.hplus.vn/play/%7B%22title%22%3A%22HTV7%20HD%20%28HPlus%29%22%2C%22url%22%3A%22http%3A%2F%2Fhplus.com.vn%2Fxem-kenh-htv7-hd-256.html%22%7D</link>
<thumbnail></thumbnail>
</item>
<item>
<title>[COLOR cyan]HPlus[/COLOR]HTV9</title>
<link>plugin://plugin.video.kodi4vn.hplus.vn/play/%7B%22title%22%3A%22HTV9%20%28HPlus%29%22%2C%22url%22%3A%22http%3A%2F%2Fhplus.com.vn%2Fxem-kenh-htv9-sd-10037.html%22%7D</link>
<thumbnail></thumbnail>
</item>
<item>
<title>[COLOR cyan]HPlus[/COLOR]HTV9 HD</title>
<link>plugin://plugin.video.kodi4vn.hplus.vn/play/%7B%22title%22%3A%22HTV9%20HD%20%28HPlus%29%22%2C%22url%22%3A%22http%3A%2F%2Fhplus.com.vn%2Fxem-kenh-htv9-hd-2667.html%22%7D</link>
<thumbnail></thumbnail>
</item>
<item>
<title>[COLOR cyan]HPlus[/COLOR]HTVC Ca Nhạc</title>
<link>plugin://plugin.video.kodi4vn.hplus.vn/play/%7B%22title%22%3A%22HTVC%20Ca%20Nh%E1%BA%A1c%20%28HPlus%29%22%2C%22url%22%3A%22http%3A%2F%2Fhplus.com.vn%2Fxem-kenh-htvc-ca-nhac-full-hd-1080-2264.html%22%7D</link>
<thumbnail></thumbnail>
</item>
<item>
<title>[COLOR cyan]HPlus[/COLOR]HTVC Du Lịch</title>
<link>plugin://plugin.video.kodi4vn.hplus.vn/play/%7B%22title%22%3A%22HTVC%20Du%20L%E1%BB%8Bch%20%28HPlus%29%22%2C%22url%22%3A%22http%3A%2F%2Fhplus.com.vn%2Fxem-kenh-htvc-du-lich-va-cuoc-song-full-hd-1080-2328.html%22%7D</link>
<thumbnail></thumbnail>
</item>
<item>
<title>[COLOR cyan]HPlus[/COLOR]HTVC Gia Đình</title>
<link>plugin://plugin.video.kodi4vn.hplus.vn/play/%7B%22title%22%3A%22HTVC%20Gia%20%C4%90%C3%ACnh%20%28HPlus%29%22%2C%22url%22%3A%22http%3A%2F%2Fhplus.com.vn%2Fxem-kenh-htvc-gia-dinh-full-hd-1080-2394.html%22%7D</link>
<thumbnail></thumbnail>
</item>
<item>
<title>[COLOR cyan]HPlus[/COLOR]HTVC Phim Paramount Picture VN</title>
<link>plugin://plugin.video.kodi4vn.hplus.vn/play/%7B%22title%22%3A%22HTVC%20Phim%20Paramount%20Picture%20VN%20%28HPlus%29%22%2C%22url%22%3A%22http%3A%2F%2Fhplus.com.vn%2Fxem-kenh-htvc-phim-2397.html%22%7D</link>
<thumbnail></thumbnail>
</item>
<item>
<title>[COLOR cyan]HPlus[/COLOR]HTVC Phim Paramount Picture VN</title>
<link>plugin://plugin.video.kodi4vn.hplus.vn/play/%7B%22title%22%3A%22HTVC%20Phim%20Paramount%20Picture%20VN%20%28HPlus%29%22%2C%22url%22%3A%22http%3A%2F%2Fhplus.com.vn%2Fxem-kenh-htvc-phim-hd-2399.html%22%7D</link>
<thumbnail></thumbnail>
</item>
<item>
<title>[COLOR cyan]HPlus[/COLOR]HTVC Phụ Nữ</title>
<link>plugin://plugin.video.kodi4vn.hplus.vn/play/%7B%22title%22%3A%22HTVC%20Ph%E1%BB%A5%20N%E1%BB%AF%20%28HPlus%29%22%2C%22url%22%3A%22http%3A%2F%2Fhplus.com.vn%2Fxem-kenh-htvc-phu-nu-full-hd-1080-2393.html%22%7D</link>
<thumbnail></thumbnail>
</item>
<item>
<title>[COLOR cyan]HPlus[/COLOR]HTVC Plus</title>
<link>plugin://plugin.video.kodi4vn.hplus.vn/play/%7B%22title%22%3A%22HTVC%20Plus%20%28HPlus%29%22%2C%22url%22%3A%22http%3A%2F%2Fhplus.com.vn%2Fxem-kenh-htvc-plus-full-hd-1080-2395.html%22%7D</link>
<thumbnail></thumbnail>
</item>
<item>
<title>[COLOR cyan]HPlus[/COLOR]HTVC Shopping</title>
<link>plugin://plugin.video.kodi4vn.hplus.vn/play/%7B%22title%22%3A%22HTVC%20Shopping%20%28HPlus%29%22%2C%22url%22%3A%22http%3A%2F%2Fhplus.com.vn%2Fxem-kenh-htvc-shopping-2265.html%22%7D</link>
<thumbnail></thumbnail>
</item>
<item>
<title>[COLOR cyan]HPlus[/COLOR]HTVC Thể Thao</title>
<link>plugin://plugin.video.kodi4vn.hplus.vn/play/%7B%22title%22%3A%22HTVC%20Th%E1%BB%83%20Thao%20%28HPlus%29%22%2C%22url%22%3A%22http%3A%2F%2Fhplus.com.vn%2Fxem-kenh-htv-the-thao-2400.html%22%7D</link>
<thumbnail></thumbnail>
</item>
<item>
<title>[COLOR cyan]HPlus[/COLOR]HTVC Thể Thao HD</title>
<link>plugin://plugin.video.kodi4vn.hplus.vn/play/%7B%22title%22%3A%22HTVC%20Th%E1%BB%83%20Thao%20HD%20%28HPlus%29%22%2C%22url%22%3A%22http%3A%2F%2Fhplus.com.vn%2Fxem-kenh-htv-the-thao-hd-4009.html%22%7D</link>
<thumbnail></thumbnail>
</item>
<item>
<title>[COLOR cyan]HPlus[/COLOR]HTVC Thuần Việt</title>
<link>plugin://plugin.video.kodi4vn.hplus.vn/play/%7B%22title%22%3A%22HTVC%20Thu%E1%BA%A7n%20Vi%E1%BB%87t%20%28HPlus%29%22%2C%22url%22%3A%22http%3A%2F%2Fhplus.com.vn%2Fxem-kenh-htvc-thuan-viet-2396.html%22%7D</link>
<thumbnail></thumbnail>
</item>
<item>
<title>[COLOR cyan]HPlus[/COLOR]HTVC Thuần Việt HD</title>
<link>plugin://plugin.video.kodi4vn.hplus.vn/play/%7B%22title%22%3A%22HTVC%20Thu%E1%BA%A7n%20Vi%E1%BB%87t%20HD%20%28HPlus%29%22%2C%22url%22%3A%22http%3A%2F%2Fhplus.com.vn%2Fxem-kenh-htvc-thuan-viet-hd-2398.html%22%7D</link>
<thumbnail></thumbnail>
</item>
<item>
<title>[COLOR cyan]HPlus[/COLOR]HTVC FBNC</title>
<link>plugin://plugin.video.kodi4vn.hplus.vn/play/%7B%22title%22%3A%22FBNC%20%28HPlus%29%22%2C%22url%22%3A%22http%3A%2F%2Fhplus.com.vn%2Fxem-kenh-fbnc-2184.html%22%7D</link>
<thumbnail></thumbnail>
</item>
<item>
<title>[COLOR cyan]HPlus[/COLOR]AZSHOP</title>
<link>plugin://plugin.video.kodi4vn.hplus.vn/play/%7B%22title%22%3A%22AZSHOP%20%28HPlus%29%22%2C%22url%22%3A%22http%3A%2F%2Fhplus.com.vn%2Fxem-kenh-azshop-70471.html%22%7D</link>
<thumbnail></thumbnail>
</item>
<item>
<title>[COLOR cyan]HPlus[/COLOR]VTC1</title>
<link>plugin://plugin.video.kodi4vn.hplus.vn/play/%7B%22title%22%3A%22VTC1%20%28HPlus%29%22%2C%22url%22%3A%22http%3A%2F%2Fhplus.com.vn%2Fxem-kenh-vtc1-full-hd-1080-50075.html%22%7D</link>
<thumbnail></thumbnail>
</item>
<item>
<title>[COLOR cyan]HPlus[/COLOR]VTC3 HD</title>
<link>plugin://plugin.video.kodi4vn.hplus.vn/play/%7B%22title%22%3A%22VTC3%20HD%20%28HPlus%29%22%2C%22url%22%3A%22http%3A%2F%2Fhplus.com.vn%2Fxem-kenh-vtc3-hd-2058.html%22%7D</link>
<thumbnail></thumbnail>
</item>
<item>
<title>[COLOR cyan]HPlus[/COLOR]VTC4</title>
<link>plugin://plugin.video.kodi4vn.hplus.vn/play/%7B%22title%22%3A%22VTC4%20%28HPlus%29%22%2C%22url%22%3A%22http%3A%2F%2Fhplus.com.vn%2Fxem-kenh-vtc4-2057.html%22%7D</link>
<thumbnail></thumbnail>
</item>
<item>
<title>[COLOR cyan]HPlus[/COLOR]VTC7 TodayTV</title>
<link>plugin://plugin.video.kodi4vn.hplus.vn/play/%7B%22title%22%3A%22VTC7%20TodayTV%20%28HPlus%29%22%2C%22url%22%3A%22http%3A%2F%2Fhplus.com.vn%2Fxem-kenh-todaytv-vtc7-2060.html%22%7D</link>
<thumbnail></thumbnail>
</item>
<item>
<title>[COLOR cyan]HPlus[/COLOR]VTC7 TodayTV HD</title>
<link>plugin://plugin.video.kodi4vn.hplus.vn/play/%7B%22title%22%3A%22VTC7%20TodayTV%20HD%20%28HPlus%29%22%2C%22url%22%3A%22http%3A%2F%2Fhplus.com.vn%2Fxem-kenh-todaytv-vtc7-hd-70608.html%22%7D</link>
<thumbnail></thumbnail>
</item>
<item>
<title>[COLOR cyan]HPlus[/COLOR]VTC8</title>
<link>plugin://plugin.video.kodi4vn.hplus.vn/play/%7B%22title%22%3A%22VTC8%20%28HPlus%29%22%2C%22url%22%3A%22http%3A%2F%2Fhplus.com.vn%2Fxem-kenh-vtc8-2056.html%22%7D</link>
<thumbnail></thumbnail>
</item>
<item>
<title>[COLOR cyan]HPlus[/COLOR]VTC9 Let's Viet</title>
<link>plugin://plugin.video.kodi4vn.hplus.vn/play/%7B%22title%22%3A%22VTC9%20Let%27s%20Viet%20%28HPlus%29%22%2C%22url%22%3A%22http%3A%2F%2Fhplus.com.vn%2Fxem-kenh-vtc9-lets-viet-2052.html%22%7D</link>
<thumbnail></thumbnail>
</item>
<item>
<title>[COLOR cyan]HPlus[/COLOR]VTC10 NetViet</title>
<link>plugin://plugin.video.kodi4vn.hplus.vn/play/%7B%22title%22%3A%22VTC10%20NetViet%20%28HPlus%29%22%2C%22url%22%3A%22http%3A%2F%2Fhplus.com.vn%2Fxem-kenh-vtc10-2051.html%22%7D</link>
<thumbnail></thumbnail>
</item>
<item>
<title>[COLOR cyan]HPlus[/COLOR]VTC11 KidsTV</title>
<link>plugin://plugin.video.kodi4vn.hplus.vn/play/%7B%22title%22%3A%22VTC11%20KidsTV%20%28HPlus%29%22%2C%22url%22%3A%22http%3A%2F%2Fhplus.com.vn%2Fxem-kenh-vtc11-50071.html%22%7D</link>
<thumbnail></thumbnail>
</item>
<item>
<title>[COLOR cyan]HPlus[/COLOR]VTC13 HD ITV HD</title>
<link>plugin://plugin.video.kodi4vn.hplus.vn/play/%7B%22title%22%3A%22VTC13%20HD%20ITV%20HD%20%28HPlus%29%22%2C%22url%22%3A%22http%3A%2F%2Fhplus.com.vn%2Fxem-kenh-itv-full-hd-1080-52454.html%22%7D</link>
<thumbnail></thumbnail>
</item>
<item>
<title>[COLOR cyan]HPlus[/COLOR]VTC14</title>
<link>plugin://plugin.video.kodi4vn.hplus.vn/play/%7B%22title%22%3A%22VTC14%20%28HPlus%29%22%2C%22url%22%3A%22http%3A%2F%2Fhplus.com.vn%2Fxem-kenh-vtc14-full-hd-1080-50074.html%22%7D</link>
<thumbnail></thumbnail>
</item>
<item>
<title>[COLOR cyan]HPlus[/COLOR]VTC16</title>
<link>plugin://plugin.video.kodi4vn.hplus.vn/play/%7B%22title%22%3A%22VTC16%20%28HPlus%29%22%2C%22url%22%3A%22http%3A%2F%2Fhplus.com.vn%2Fxem-kenh-vtc16-50072.html%22%7D</link>
<thumbnail></thumbnail>
</item>
<item>
<title>[COLOR cyan]HPlus[/COLOR]Miền Tây</title>
<link>plugin://plugin.video.kodi4vn.hplus.vn/play/%7B%22title%22%3A%22Mi%E1%BB%81n%20T%C3%A2y%20%28HPlus%29%22%2C%22url%22%3A%22http%3A%2F%2Fhplus.com.vn%2Fxem-kenh-mien-tay-50065.html%22%7D</link>
<thumbnail></thumbnail>
</item>
<item>
<title>[COLOR cyan]HPlus[/COLOR]ATV An Giang</title>
<link>plugin://plugin.video.kodi4vn.hplus.vn/play/%7B%22title%22%3A%22ATV%20An%20Giang%20%28HPlus%29%22%2C%22url%22%3A%22http%3A%2F%2Fhplus.com.vn%2Fxem-kenh-atv-truyen-hinh-an-giang-51818.html%22%7D</link>
<thumbnail></thumbnail>
</item>
<item>
<title>[COLOR cyan]HPlus[/COLOR]BGTV Bắc Giang</title>
<link>plugin://plugin.video.kodi4vn.hplus.vn/play/%7B%22title%22%3A%22BGTV%20B%E1%BA%AFc%20Giang%20%28HPlus%29%22%2C%22url%22%3A%22http%3A%2F%2Fhplus.com.vn%2Fxem-kenh-bgtv-truyen-hinh-bac-giang-1210.html%22%7D</link>
<thumbnail></thumbnail>
</item>
<item>
<title>[COLOR cyan]HPlus[/COLOR]BPTV1 Bình Phước 1</title>
<link>plugin://plugin.video.kodi4vn.hplus.vn/play/%7B%22title%22%3A%22BPTV1%20B%C3%ACnh%20Ph%C6%B0%E1%BB%9Bc%201%20%28HPlus%29%22%2C%22url%22%3A%22http%3A%2F%2Fhplus.com.vn%2Fxem-kenh-bptv1-truyen-hinh-binh-phuoc-877.html%22%7D</link>
<thumbnail></thumbnail>
</item>
<item>
<title>[COLOR cyan]HPlus[/COLOR]BRT Bà Rịa Vũng Tàu</title>
<link>plugin://plugin.video.kodi4vn.hplus.vn/play/%7B%22title%22%3A%22BRT%20B%C3%A0%20R%E1%BB%8Ba%20V%C5%A9ng%20T%C3%A0u%20%28HPlus%29%22%2C%22url%22%3A%22http%3A%2F%2Fhplus.com.vn%2Fxem-kenh-brt-truyen-hinh-ba-ria-1982.html%22%7D</link>
<thumbnail></thumbnail>
</item>
<item>
<title>[COLOR cyan]HPlus[/COLOR]BTV Bạc Liêu</title>
<link>plugin://plugin.video.kodi4vn.hplus.vn/play/%7B%22title%22%3A%22BTV%20B%E1%BA%A1c%20Li%C3%AAu%20%28HPlus%29%22%2C%22url%22%3A%22http%3A%2F%2Fhplus.com.vn%2Fxem-kenh-btv-truyen-hinh-bac-lieu-872.html%22%7D</link>
<thumbnail></thumbnail>
</item>
<item>
<title>[COLOR cyan]HPlus[/COLOR]BTV Bình Định</title>
<link>plugin://plugin.video.kodi4vn.hplus.vn/play/%7B%22title%22%3A%22BTV%20B%C3%ACnh%20%C4%90%E1%BB%8Bnh%20%28HPlus%29%22%2C%22url%22%3A%22http%3A%2F%2Fhplus.com.vn%2Fxem-kenh-btv-truyen-hinh-binh-dinh-1955.html%22%7D</link>
<thumbnail></thumbnail>
</item>
<item>
<title>[COLOR cyan]HPlus[/COLOR]BTV Bình Thuận</title>
<link>plugin://plugin.video.kodi4vn.hplus.vn/play/%7B%22title%22%3A%22BTV%20B%C3%ACnh%20Thu%E1%BA%ADn%20%28HPlus%29%22%2C%22url%22%3A%22http%3A%2F%2Fhplus.com.vn%2Fxem-kenh-btv-truyen-hinh-binh-thuan-53530.html%22%7D</link>
<thumbnail></thumbnail>
</item>
<item>
<title>[COLOR cyan]HPlus[/COLOR]BTV1 Bình Dương 1</title>
<link>plugin://plugin.video.kodi4vn.hplus.vn/play/%7B%22title%22%3A%22BTV1%20B%C3%ACnh%20D%C6%B0%C6%A1ng%201%20%28HPlus%29%22%2C%22url%22%3A%22http%3A%2F%2Fhplus.com.vn%2Fxem-kenh-btv1-truyen-hinh-binh-duong-1-1907.html%22%7D</link>
<thumbnail></thumbnail>
</item>
<item>
<title>[COLOR cyan]HPlus[/COLOR]BTV2 Bình Dương 2</title>
<link>plugin://plugin.video.kodi4vn.hplus.vn/play/%7B%22title%22%3A%22BTV2%20B%C3%ACnh%20D%C6%B0%C6%A1ng%202%20%28HPlus%29%22%2C%22url%22%3A%22http%3A%2F%2Fhplus.com.vn%2Fxem-kenh-btv2-truyen-hinh-binh-duong-2-23963.html%22%7D</link>
<thumbnail></thumbnail>
</item>
<item>
<title>[COLOR cyan]HPlus[/COLOR]CTV Cà Mau</title>
<link>plugin://plugin.video.kodi4vn.hplus.vn/play/%7B%22title%22%3A%22CTV%20C%C3%A0%20Mau%20%28HPlus%29%22%2C%22url%22%3A%22http%3A%2F%2Fhplus.com.vn%2Fxem-kenh-ctv-truyen-hinh-ca-mau-1903.html%22%7D</link>
<thumbnail></thumbnail>
</item>
<item>
<title>[COLOR cyan]HPlus[/COLOR]DRT Đắc Lắc</title>
<link>plugin://plugin.video.kodi4vn.hplus.vn/play/%7B%22title%22%3A%22DRT%20%C4%90%E1%BA%AFc%20L%E1%BA%AFc%20%28HPlus%29%22%2C%22url%22%3A%22http%3A%2F%2Fhplus.com.vn%2Fxem-kenh-drt-truyen-hinh-dac-lac-1785.html%22%7D</link>
<thumbnail></thumbnail>
</item>
<item>
<title>[COLOR cyan]HPlus[/COLOR]DRT1 Đà Nẵng 1</title>
<link>plugin://plugin.video.kodi4vn.hplus.vn/play/%7B%22title%22%3A%22DRT1%20%C4%90%C3%A0%20N%E1%BA%B5ng%201%20%28HPlus%29%22%2C%22url%22%3A%22http%3A%2F%2Fhplus.com.vn%2Fxem-kenh-drt1-truyyen-hinh-da-nang-1-3268.html%22%7D</link>
<thumbnail></thumbnail>
</item>
<item>
<title>[COLOR cyan]HPlus[/COLOR]DRT2 Đà Nẵng 2</title>
<link>plugin://plugin.video.kodi4vn.hplus.vn/play/%7B%22title%22%3A%22DRT2%20%C4%90%C3%A0%20N%E1%BA%B5ng%202%20%28HPlus%29%22%2C%22url%22%3A%22http%3A%2F%2Fhplus.com.vn%2Fxem-kenh-drt2-truen-hinh-da-nang-2-53529.html%22%7D</link>
<thumbnail></thumbnail>
</item>
<item>
<title>[COLOR cyan]HPlus[/COLOR]HDTV Hải Dương</title>
<link>plugin://plugin.video.kodi4vn.hplus.vn/play/%7B%22title%22%3A%22HDTV%20H%E1%BA%A3i%20D%C6%B0%C6%A1ng%20%28HPlus%29%22%2C%22url%22%3A%22http%3A%2F%2Fhplus.com.vn%2Fxem-kenh-hdtv-truyen-hinh-hai-duong-871.html%22%7D</link>
<thumbnail></thumbnail>
</item>
<item>
<title>[COLOR cyan]HPlus[/COLOR]HGTV Hậu Giang</title>
<link>plugin://plugin.video.kodi4vn.hplus.vn/play/%7B%22title%22%3A%22HGTV%20H%E1%BA%ADu%20Giang%20%28HPlus%29%22%2C%22url%22%3A%22http%3A%2F%2Fhplus.com.vn%2Fxem-kenh-hgtv-truyen-hinh-hau-giang-762.html%22%7D</link>
<thumbnail></thumbnail>
</item>
<item>
<title>[COLOR cyan]HPlus[/COLOR]HTTV Hà Tĩnh</title>
<link>plugin://plugin.video.kodi4vn.hplus.vn/play/%7B%22title%22%3A%22HTTV%20H%C3%A0%20T%C4%A9nh%20%28HPlus%29%22%2C%22url%22%3A%22http%3A%2F%2Fhplus.com.vn%2Fxem-kenh-httv-truyen-hinh-ha-tinh-7796.html%22%7D</link>
<thumbnail></thumbnail>
</item>
<item>
<title>[COLOR cyan]HPlus[/COLOR]KG Kiên Giang</title>
<link>plugin://plugin.video.kodi4vn.hplus.vn/play/%7B%22title%22%3A%22KG%20Ki%C3%AAn%20Giang%20%28HPlus%29%22%2C%22url%22%3A%22http%3A%2F%2Fhplus.com.vn%2Fxem-kenh-kg-truyen-hinh-kien-giang-774.html%22%7D</link>
<thumbnail></thumbnail>
</item>
<item>
<title>[COLOR cyan]HPlus[/COLOR]KG1 Kiên Giang 1</title>
<link>plugin://plugin.video.kodi4vn.hplus.vn/play/%7B%22title%22%3A%22KG1%20Ki%C3%AAn%20Giang%201%20%28HPlus%29%22%2C%22url%22%3A%22http%3A%2F%2Fhplus.com.vn%2Fxem-kenh-kg1-truyen-hinh-kien-giang-1-6917.html%22%7D</link>
<thumbnail></thumbnail>
</item>
<item>
<title>[COLOR cyan]HPlus[/COLOR]KTV Khánh Hòa</title>
<link>plugin://plugin.video.kodi4vn.hplus.vn/play/%7B%22title%22%3A%22KTV%20Kh%C3%A1nh%20H%C3%B2a%20%28HPlus%29%22%2C%22url%22%3A%22http%3A%2F%2Fhplus.com.vn%2Fxem-kenh-ktv-truyen-hinh-khanh-hoa-1979.html%22%7D</link>
<thumbnail></thumbnail>
</item>
<item>
<title>[COLOR cyan]HPlus[/COLOR]LA34 Long An</title>
<link>plugin://plugin.video.kodi4vn.hplus.vn/play/%7B%22title%22%3A%22LA34%20Long%20An%20%28HPlus%29%22%2C%22url%22%3A%22http%3A%2F%2Fhplus.com.vn%2Fxem-kenh-la34-truyen-hinh-long-an-873.html%22%7D</link>
<thumbnail></thumbnail>
</item>
<item>
<title>[COLOR cyan]HPlus[/COLOR]LSTV Lạng Sơn</title>
<link>plugin://plugin.video.kodi4vn.hplus.vn/play/%7B%22title%22%3A%22LSTV%20L%E1%BA%A1ng%20S%C6%A1n%20%28HPlus%29%22%2C%22url%22%3A%22http%3A%2F%2Fhplus.com.vn%2Fxem-kenh-lstv-truyen-hinh-lang-son-1956.html%22%7D</link>
<thumbnail></thumbnail>
</item>
<item>
<title>[COLOR cyan]HPlus[/COLOR]LTV Lâm Đồng</title>
<link>plugin://plugin.video.kodi4vn.hplus.vn/play/%7B%22title%22%3A%22LTV%20L%C3%A2m%20%C4%90%E1%BB%93ng%20%28HPlus%29%22%2C%22url%22%3A%22http%3A%2F%2Fhplus.com.vn%2Fxem-kenh-ltv-truyen-hinh-lam-dong-55163.html%22%7D</link>
<thumbnail></thumbnail>
</item>
<item>
<title>[COLOR cyan]HPlus[/COLOR]NBTV Ninh Bình</title>
<link>plugin://plugin.video.kodi4vn.hplus.vn/play/%7B%22title%22%3A%22NBTV%20Ninh%20B%C3%ACnh%20%28HPlus%29%22%2C%22url%22%3A%22http%3A%2F%2Fhplus.com.vn%2Fxem-kenh-nbtv-truyen-hinh-ninh-binh-868.html%22%7D</link>
<thumbnail></thumbnail>
</item>
<item>
<title>[COLOR cyan]HPlus[/COLOR]NTV Nam Định</title>
<link>plugin://plugin.video.kodi4vn.hplus.vn/play/%7B%22title%22%3A%22NTV%20Nam%20%C4%90%E1%BB%8Bnh%20%28HPlus%29%22%2C%22url%22%3A%22http%3A%2F%2Fhplus.com.vn%2Fxem-kenh-ntv-truyen-hinh-nam-dinh-1951.html%22%7D</link>
<thumbnail></thumbnail>
</item>
<item>
<title>[COLOR cyan]HPlus[/COLOR]PTD Đắc Nông</title>
<link>plugin://plugin.video.kodi4vn.hplus.vn/play/%7B%22title%22%3A%22PTD%20%C4%90%E1%BA%AFc%20N%C3%B4ng%20%28HPlus%29%22%2C%22url%22%3A%22http%3A%2F%2Fhplus.com.vn%2Fxem-kenh-ptd-truyen-hinh-dac-nong-1784.html%22%7D</link>
<thumbnail></thumbnail>
</item>
<item>
<title>[COLOR cyan]HPlus[/COLOR]QRT Quảng Nam</title>
<link>plugin://plugin.video.kodi4vn.hplus.vn/play/%7B%22title%22%3A%22QRT%20Qu%E1%BA%A3ng%20Nam%20%28HPlus%29%22%2C%22url%22%3A%22http%3A%2F%2Fhplus.com.vn%2Fxem-kenh-qrt-truyen-hinh-quang-nam-1787.html%22%7D</link>
<thumbnail></thumbnail>
</item>
<item>
<title>[COLOR cyan]HPlus[/COLOR]STV Sóc Trăng</title>
<link>plugin://plugin.video.kodi4vn.hplus.vn/play/%7B%22title%22%3A%22STV%20S%C3%B3c%20Tr%C4%83ng%20%28HPlus%29%22%2C%22url%22%3A%22http%3A%2F%2Fhplus.com.vn%2Fxem-kenh-stv-truyen-hinh-soc-trang-1786.html%22%7D</link>
<thumbnail></thumbnail>
</item>
<item>
<title>[COLOR cyan]HPlus[/COLOR]THBT Bến Tre</title>
<link>plugin://plugin.video.kodi4vn.hplus.vn/play/%7B%22title%22%3A%22THBT%20B%E1%BA%BFn%20Tre%20%28HPlus%29%22%2C%22url%22%3A%22http%3A%2F%2Fhplus.com.vn%2Fxem-kenh-thbt-truyen-hinh-ben-tre-61299.html%22%7D</link>
<thumbnail></thumbnail>
</item>
<item>
<title>[COLOR cyan]HPlus[/COLOR]THDT1 Đồng Tháp 1</title>
<link>plugin://plugin.video.kodi4vn.hplus.vn/play/%7B%22title%22%3A%22THDT1%20%C4%90%E1%BB%93ng%20Th%C3%A1p%201%20%28HPlus%29%22%2C%22url%22%3A%22http%3A%2F%2Fhplus.com.vn%2Fxem-kenh-thdt1-truyen-hinh-dong-thap-1788.html%22%7D</link>
<thumbnail></thumbnail>
</item>
<item>
<title>[COLOR cyan]HPlus[/COLOR]THLC Lào Cai</title>
<link>plugin://plugin.video.kodi4vn.hplus.vn/play/%7B%22title%22%3A%22THLC%20L%C3%A0o%20Cai%20%28HPlus%29%22%2C%22url%22%3A%22http%3A%2F%2Fhplus.com.vn%2Fxem-kenh-thlc-truyen-hinh-lao-cai-1789.html%22%7D</link>
<thumbnail></thumbnail>
</item>
<item>
<title>[COLOR cyan]HPlus[/COLOR]THTPCT Cần Thơ</title>
<link>plugin://plugin.video.kodi4vn.hplus.vn/play/%7B%22title%22%3A%22THTPCT%20C%E1%BA%A7n%20Th%C6%A1%20%28HPlus%29%22%2C%22url%22%3A%22http%3A%2F%2Fhplus.com.vn%2Fxem-kenh-thtpct-truyen-hinh-can-tho-1980.html%22%7D</link>
<thumbnail></thumbnail>
</item>
<item>
<title>[COLOR cyan]HPlus[/COLOR]THTV Trà Vinh</title>
<link>plugin://plugin.video.kodi4vn.hplus.vn/play/%7B%22title%22%3A%22THTV%20Tr%C3%A0%20Vinh%20%28HPlus%29%22%2C%22url%22%3A%22http%3A%2F%2Fhplus.com.vn%2Fxem-kenh-thtv-truyen-hinh-tra-vinh-3254.html%22%7D</link>
<thumbnail></thumbnail>
</item>
<item>
<title>[COLOR cyan]HPlus[/COLOR]THVL1 Vĩnh Long 1</title>
<link>plugin://plugin.video.kodi4vn.hplus.vn/play/%7B%22title%22%3A%22THVL1%20V%C4%A9nh%20Long%201%20%28HPlus%29%22%2C%22url%22%3A%22http%3A%2F%2Fhplus.com.vn%2Fxem-kenh-thvl1-truyen-hinh-vinh-long-1-899.html%22%7D</link>
<thumbnail></thumbnail>
</item>
<item>
<title>[COLOR cyan]HPlus[/COLOR]THVL2 Vĩnh Long 2</title>
<link>plugin://plugin.video.kodi4vn.hplus.vn/play/%7B%22title%22%3A%22THVL2%20V%C4%A9nh%20Long%202%20%28HPlus%29%22%2C%22url%22%3A%22http%3A%2F%2Fhplus.com.vn%2Fxem-kenh-thvl2-truyen-hinh-vinh-long-2-52406.html%22%7D</link>
<thumbnail></thumbnail>
</item>
<item>
<title>[COLOR cyan]HPlus[/COLOR]TRT Thừa Thiên Huế</title>
<link>plugin://plugin.video.kodi4vn.hplus.vn/play/%7B%22title%22%3A%22TRT%20Th%E1%BB%ABa%20Thi%C3%AAn%20Hu%E1%BA%BF%20%28HPlus%29%22%2C%22url%22%3A%22http%3A%2F%2Fhplus.com.vn%2Fxem-kenh-trt-truyen-hinh-hue-1283.html%22%7D</link>
<thumbnail></thumbnail>
</item>
<item>
<title>[COLOR cyan]HPlus[/COLOR]TTV11 Tây Ninh</title>
<link>plugin://plugin.video.kodi4vn.hplus.vn/play/%7B%22title%22%3A%22TTV11%20T%C3%A2y%20Ninh%20%28HPlus%29%22%2C%22url%22%3A%22http%3A%2F%2Fhplus.com.vn%2Fxem-kenh-ttv11-truyen-hinh-tay-ninh-1981.html%22%7D</link>
<thumbnail></thumbnail>
</item>
<item>
<title>[COLOR cyan]HPlus[/COLOR]MTV</title>
<link>plugin://plugin.video.kodi4vn.hplus.vn/play/%7B%22title%22%3A%22MTV%20%28HPlus%29%22%2C%22url%22%3A%22http%3A%2F%2Fhplus.com.vn%2Fxem-kenh-mtv-2263.html%22%7D</link>
<thumbnail></thumbnail>
</item>
<item>
<title>[COLOR cyan]HPlus[/COLOR]Bình Dương FM</title>
<link>plugin://plugin.video.kodi4vn.hplus.vn/play/%7B%22title%22%3A%22B%C3%ACnh%20D%C6%B0%C6%A1ng%20FM%20%28HPlus%29%22%2C%22url%22%3A%22http%3A%2F%2Fhplus.com.vn%2Fxem-kenh-binh-duong-fm-23964.html%22%7D</link>
<thumbnail></thumbnail>
</item>

<item>
<title>Sopcast:AXN</title>
<link>plugin://program.plexus/?url=sop://broker.sopcast.com:3912/149261&amp;mode=2&amp;name=AXN</link>
<thumbnail></thumbnail>
</item>
<item>
<title>Sopcast:HBO 2</title>
<link>plugin://program.plexus/?url=sop://broker.sopcast.com:3912/149259&amp;mode=2&amp;name=HBO</link>
<thumbnail></thumbnail>
</item>
<item>
<title>Sopcast:HBO 3</title>
<link>plugin://program.plexus/?url=sop://broker.sopcast.com:3912/149255&amp;mode=2&amp;name=HBO</link>
<thumbnail></thumbnail>
</item>
<item>
<title>Sopcast:Film Cafe</title>
<link>plugin://program.plexus/?url=sop://broker.sopcast.com:3912/256238&amp;mode=2&amp;name=Film</link>
<thumbnail></thumbnail>
</item>
<item>
<title>Sopcast:TV1000</title>
<link>plugin://program.plexus/?url=sop://broker.sopcast.com:3912/256337&amp;mode=2&amp;name=TV1000</link>
<thumbnail></thumbnail>
</item>
<item>
<title>Sopcast:Filmbox</title>
<link>plugin://program.plexus/?url=sop://broker.sopcast.com:3912/148981&amp;mode=2&amp;name=Filmbox</link>
<thumbnail></thumbnail>
</item>
<item>
<title>Sopcast:Fro Cinema</title>
<link>plugin://program.plexus/?url=sop://broker.sopcast.com:3912/148249&amp;mode=2&amp;name=Fro</link>
<thumbnail></thumbnail>
</item>
<item>
<title>Sopcast:DIVA UNIVERSAL</title>
<link>plugin://program.plexus/?url=sop://broker.plugin://program.plexus/?url=sopcast.com:3912/253034&amp;mode=2&amp;name=DIVA</link>
<thumbnail></thumbnail>
</item>
<item>
<title>Sopcast:PARAMOUNT</title>
<link>plugin://program.plexus/?url=sop://broker.plugin://program.plexus/?url=sopcast.com:3912/253033&amp;mode=2&amp;name=PARAMOUNT</link>
<thumbnail></thumbnail>
</item>
<item>
<title>Sopcast:Boomerang</title>
<link>plugin://program.plexus/?url=sop://broker.sopcast.com:3912/149264&amp;mode=2&amp;name=Boomerang</link>
<thumbnail></thumbnail>
</item>
<item>
<title>Sopcast:Cartoon Network</title>
<link>plugin://program.plexus/?url=sop://broker.sopcast.com:3912/148254&amp;mode=2&amp;name=Cartoon</link>
<thumbnail></thumbnail>
</item>
<item>
<title>Sopcast:DISNEY</title>
<link>plugin://program.plexus/?url=sop://broker.sopcast.com:3912/253031&amp;mode=2&amp;name=DISNEY</link>
<thumbnail></thumbnail>
</item>
<item>
<title>Sopcast:DISNEY JR</title>
<link>plugin://program.plexus/?url=sop://broker.sopcast.com:3912/256239&amp;mode=2&amp;name=DISNEY</link>
<thumbnail></thumbnail>
</item>
<item>
<title>Sopcast:MEGAMAX</title>
<link>plugin://program.plexus/?url=sop://broker.sopcast.com:3912/256328&amp;mode=2&amp;name=MEGAMAX</link>
<thumbnail></thumbnail>
</item>
<item>
<title>Sopcast:NICKELODEON</title>
<link>plugin://program.plexus/?url=sop://broker.sopcast.com:3912/253472&amp;mode=2&amp;name=NICKELODEON</link>
<thumbnail></thumbnail>
</item>
<item>
<title>Sopcast:National Geographic</title>
<link>plugin://program.plexus/?url=sop://broker.sopcast.com:3912/148248&amp;mode=2&amp;name=National</link>
<thumbnail></thumbnail>
</item>
<item>
<title>Sopcast:NatGeo Wild</title>
<link>plugin://program.plexus/?url=sop://broker.sopcast.com:3912/253037&amp;mode=2&amp;name=NatGeo</link>
<thumbnail></thumbnail>
</item>
<item>
<title>Sopcast:Discovery Channel</title>
<link>plugin://program.plexus/?url=sop://broker.sopcast.com:3912/256241&amp;mode=2&amp;name=Discovery</link>
<thumbnail></thumbnail>
</item>
<item>
<title>Sopcast:Discovery Science</title>
<link>plugin://program.plexus/?url=sop://broker.sopcast.com:3912/256243&amp;mode=2&amp;name=Discovery</link>
<thumbnail></thumbnail>
</item>
<item>
<title>Sopcast:Discovery ID</title>
<link>plugin://program.plexus/?url=sop://broker.sopcast.com:3912/256244&amp;mode=2&amp;name=Discovery</link>
<thumbnail></thumbnail>
</item>
<item>
<title>Sopcast:BBC Earth</title>
<link>plugin://program.plexus/?url=sop://broker.sopcast.com:3912/148257&amp;mode=2&amp;name=BBC</link>
<thumbnail></thumbnail>
</item>
<item>
<title>Sopcast:HISTORY</title>
<link>plugin://program.plexus/?url=sop://broker.sopcast.com:3912/253032&amp;mode=2&amp;name=HISTORY</link>
<thumbnail></thumbnail>
</item>
<item>
<title>Sopcast:VIASAT HISTORY</title>
<link>plugin://program.plexus/?url=sop://broker.sopcast.com:3912/151300&amp;mode=2&amp;name=VIASAT</link>
<thumbnail></thumbnail>
</item>
<item>
<title>Sopcast:TLC</title>
<link>plugin://program.plexus/?url=sop://broker.sopcast.com:3912/148256&amp;mode=2&amp;name=TLC</link>
<thumbnail></thumbnail>
</item>

</stream>




