<?xml version="1.0" encoding="UTF-8" standalone="yes"?>

<item>
<title>MILITARY CHANNEL</title>
<link>$doregex[url]</link>
<regex>
<name>url</name>
<expres>file: "([^"]*)</expres>
<page>http://www.giniko.com/watch.php?id=591</page>
</regex>
</item>
<item>
<title>ANIMALPLANET(USA)</title>
<link>$doregex[url]</link>
<regex>
<name>url</name>
<expres>file: "([^"]*)</expres>
<page>http://www.giniko.com/watch.php?id=583</page>
</regex>
</item>    
<item>
<title>DOCUMENTARY(USA)</title>
<link>$doregex[url]</link>
<regex>
<name>url</name>
<expres>file: "([^"]*)</expres>
<page>http://www.giniko.com/watch.php?id=568</page>
</regex>
</item>
<item>
<title>MIAMI TV(USA)</title>
<link>$doregex[url]</link>
<regex>
<name>url</name>
<expres>file: "([^"]*)</expres>
<page>http://www.giniko.com/watch.php?id=95</page>
</regex>
</item>
<item>
<title>MIAMI TV LIFE(USA)</title>
<link>$doregex[url]</link>
<regex>
<name>url</name>
<expres>file: "([^"]*)</expres>
<page>http://www.giniko.com/watch.php?id=321</page>
</regex>
</item>
<item>
<title>MIAMITV MUSIC(USA)</title>
<link>$doregex[url]</link>
<regex>
<name>url</name>
<expres>file: "([^"]*)</expres>
<page>http://www.giniko.com/watch.php?id=322</page>
</regex>
</item>
<item>
<title>THE WORLD NETWORK(USA)</title>
<link>$doregex[url]</link>
<regex>
<name>url</name>
<expres>file: "([^"]*)</expres>
<page>http://www.giniko.com/watch.php?id=58</page>
</regex>
</item>
<item>
<title>MUSIC CHANNEL(USA)</title>
<link>$doregex[url]</link>
<regex>
<name>url</name>
<expres>file: "([^"]*)</expres>
<page>http://www.giniko.com/watch.php?id=579</page>
</regex>
</item>
<item>
<title>TRAVEL CHANNEL(USA)</title>
<link>$doregex[url]</link>
<regex>
<name>url</name>
<expres>file: "([^"]*)</expres>
<page>http://www.giniko.com/watch.php?id=561</page>
</regex>
</item>
<item>
<title>TV47(USA)</title>
<link>$doregex[url]</link>
<regex>
<name>url</name>
<expres>file: "([^"]*)</expres>
<page>http://www.giniko.com/watch.php?id=136</page>
</regex>
</item>
<item>
<title>YOGA CHANNEL(USA)</title>
<link>$doregex[url]</link>
<regex>
<name>url</name>
<expres>file: "([^"]*)</expres>
<page>http://www.giniko.com/watch.php?id=558</page>
</regex>
</item>
<item>
<title>NETVIET</title>
<link>$doregex[url]</link>
<regex>
<name>url</name>
<expres>file: "([^"]*)</expres>
<page>http://www.giniko.com/watch.php?id=197</page>
</regex>
</item>	
<item>
<title>VTV4</title>
<link>$doregex[url]</link>
<regex>
<name>url</name>
<expres>file: "([^"]*)</expres>
<page>http://www.giniko.com/watch.php?id=108</page>
</regex>
</item>	
<item>
<title>VIetface TV</title>
<link>$doregex[url]</link>
<regex>
<name>url</name>
<expres>file: "([^"]*)</expres>
<page>http://www.giniko.com/watch.php?id=103</page>
</regex>
</item>	
<item>
<title>CCTV9 DOCUMENTARY</title>
<link>$doregex[url]</link>
<regex>
<name>url</name>
<expres>file: "([^"]*)</expres>
<page>http://www.giniko.com/watch.php?id=161</page>
</regex>
</item>	
<item>
<title>HISTORY CHANNEL CHINA</title>
<link>$doregex[url]</link>
<regex>
<name>url</name>
<expres>file: "([^"]*)</expres>
<page>http://www.giniko.com/watch.php?id=634</page>
</regex>
</item>	
<item>
<title>HISTORY CHANNEL HONGKONG</title>
<link>$doregex[url]</link>
<regex>
<name>url</name>
<expres>file: "([^"]*)</expres>
<page>http://www.giniko.com/watch.php?id=677</page>
</regex>
</item>	
<item>
<title>HISTORY CHANNEL JAPAN</title>
<link>$doregex[url]</link>
<regex>
<name>url</name>
<expres>file: "([^"]*)</expres>
<page>http://www.giniko.com/watch.php?id=633</page>
</regex>
</item>	
<item>
<title>HISTORY CHANNEL KOREA</title>
<link>$doregex[url]</link>
<regex>
<name>url</name>
<expres>file: "([^"]*)</expres>
<page>http://www.giniko.com/watch.php?id=706</page>
</regex>
</item>	
<item>
<title>HISTORY CHANNEL(UK)</title>
<link>$doregex[url]</link>
<regex>
<name>url</name>
<expres>file: "([^"]*)</expres>
<page>http://www.giniko.com/watch.php?id=632</page>
</regex>
</item>
<item>
<title>USA HISTORY CHANNEL</title>
<link>$doregex[url]</link>
<regex>
<name>url</name>
<expres>file: "([^"]*)</expres>
<page>http://www.giniko.com/watch.php?id=630</page>
</regex>
</item>
<item>
<title>HISTORY CHANNEL RUSSIA</title>
<link>$doregex[url]</link>
<regex>
<name>url</name>
<expres>file: "([^"]*)</expres>
<page>http://www.giniko.com/watch.php?id=728</page>
</regex>
</item>	
<item>
<title>BBC NEWS(UK)</title>
<link>$doregex[url]</link>
<regex>
<name>url</name>
<expres>file: "([^"]*)</expres>
<page>http://www.giniko.com/watch.php?id=27</page>
</regex>
</item>
<item>
<title>BBC WORLD NEWS(UK)</title>
<link>$doregex[url]</link>
<regex>
<name>url</name>
<expres>file: "([^"]*)</expres>
<page>http://www.giniko.com/watch.php?id=216</page>
</regex>
</item>
<item>
<title>BBC TWO(UK)</title>
<link>$doregex[url]</link>
<regex>
<name>url</name>
<expres>file: "([^"]*)</expres>
<page>http://www.giniko.com/watch.php?id=190</page>
</regex>
</item>
<item>
<title>BLOOMBERG EURO(UK)</title>
<link>$doregex[url]</link>
<regex>
<name>url</name>
<expres>file: "([^"]*)</expres>
<page>http://www.giniko.com/watch.php?id=217</page>
</regex>
</item>
<item>
<title>FASHION ON TELEVISION(UK)</title>
<link>$doregex[url]</link>
<regex>
<name>url</name>
<expres>file: "([^"]*)</expres>
<page>http://www.giniko.com/watch.php?id=34</page>
</regex>
</item>
<item>
<title>FRANCE 24</title>
<link>$doregex[url]</link>
<regex>
<name>url</name>
<expres>file: "([^"]*)</expres>
<page>http://www.giniko.com/watch.php?id=93</page>
</regex>
</item>	
<item>
<title>EURONEWS</title>
<link>$doregex[url]</link>
<regex>
<name>url</name>
<expres>file: "([^"]*)</expres>
<page>http://www.giniko.com/watch.php?id=675</page>
</regex>
</item>	
<item>
<title>AL JAZEERA(Eng)</title>
<link>$doregex[url]</link>
<regex>
<name>url</name>
<expres>file: "([^"]*)</expres>
<page>http://www.giniko.com/watch.php?id=2</page>
</regex>
</item>	
<item>
<title>TV PERSIAN</title>
<link>$doregex[url]</link>
<regex>
<name>url</name>
<expres>file: "([^"]*)</expres>
<page>http://www.giniko.com/watch.php?id=347</page>
</regex>
</item>
<item>
<title>RUSSIA TODAY</title>
<link>$doregex[url]</link>
<regex>
<name>url</name>
<expres>file: "([^"]*)</expres>
<page>http://www.giniko.com/watch.php?id=24</page>
</regex>
</item>	
<item>
<title>NEWS ONE UCRAINA</title>
<link>$doregex[url]</link>
<regex>
<name>url</name>
<expres>file: "([^"]*)</expres>
<page>http://www.giniko.com/watch.php?id=204</page>
</regex>
</item>	
<item>
<title>A ONE UA</title>
<link>$doregex[url]</link>
<regex>
<name>url</name>
<expres>file: "([^"]*)</expres>
<page>http://www.giniko.com/watch.php?id=203</page>
</regex>
</item>	
<item>
<title>WORLD TRAVEL CHANNEL(Turkey)</title>
<link>$doregex[url]</link>
<regex>
<name>url</name>
<expres>file: "([^"]*)</expres>
<page>http://www.giniko.com/watch.php?id=198</page>
</regex>
</item>	
<item>
<title>CNC WORLDL(China)</title>
<link>$doregex[url]</link>
<regex>
<name>url</name>
<expres>file: "([^"]*)</expres>
<page>http://www.giniko.com/watch.php?id=297</page>
</regex>
</item>	
<item>
<title>CHINASE CHANNEL</title>
<link>$doregex[url]</link>
<regex>
<name>url</name>
<expres>file: "([^"]*)</expres>
<page>http://www.giniko.com/watch.php?id=580</page>
</regex>
</item>	
<item>
<title>DAS ERSTE (Germany)</title>
<link>$doregex[url]</link>
<regex>
<name>url</name>
<expres>file: "([^"]*)</expres>
<page>http://www.giniko.com/watch.php?id=35</page>
</regex>
</item>	
<item>
<title>DELUXE MUSIC (Germany)</title>
<link>$doregex[url]</link>
<regex>
<name>url</name>
<expres>file: "([^"]*)</expres>
<page>http://www.giniko.com/watch.php?id=220</page>
</regex>
</item>	
<item>
<title>NEX1 TV (Germany)</title>
<link>$doregex[url]</link>
<regex>
<name>url</name>
<expres>file: "([^"]*)</expres>
<page>http://www.giniko.com/watch.php?id=221</page>
</regex>
</item>	





	</items>
	</channel>


















